type,dataset,algorithm,stable,n,seed,reps,batch,wall_ns_med,wall_ns_min,cpu_ns_med,instr_med,cycles_med,counts_accesses,rss_delta_bytes,backend,ok,error,reads,writes,compares,table_reads,table_writes,table_bytes,key_bytes,cmp_flips,traffic_bytes,l1_misses,l2_misses,unmapped,aux_peak_bytes,aux_allocs,max_depth,fallbacks,bad_parts,route,r_sorted,r_reverse,r_runs,r_displaced,r_radix,giveups,splits,split_retries,part_sorts,dict_tries,dict_hits,plan_retries,radix_passes,passes_skipped,order_hash,trace_hash
int32,random,brainsort,1,10,20260912,0,1,,,,,,1,,windows-qpc-cycletime,1,,34,27,25,0,0,0,0,12,488,2,2,0,0,0,0,0,0,-,0,0,0,0,0,0,0,0,0,0,0,0,0,0,d18b993c93e9c7a8,8309967991bc45d5
int32,random,std::stable_sort,1,10,20260912,0,1,,,,,,1,,windows-qpc-cycletime,1,,74,32,25,0,0,0,0,15,848,3,3,0,40,1,0,0,0,-,0,0,0,0,0,0,0,0,0,0,0,0,0,0,d18b993c93e9c7a8,6cc8d3dd6d918ad2
int32,random,gfx::timsort,1,10,20260912,0,1,,,,,,1,,windows-qpc-cycletime,1,,51,26,23,0,0,0,0,14,616,2,2,0,0,0,0,0,0,-,0,0,0,0,0,0,0,0,0,0,0,0,0,0,d18b993c93e9c7a8,17399038ae9da9ef
int32,random,boost::spinsort,1,10,20260912,0,1,,,,,,1,,windows-qpc-cycletime,1,,52,27,25,0,0,0,0,12,632,2,2,0,0,0,0,0,0,-,0,0,0,0,0,0,0,0,0,0,0,0,0,0,d18b993c93e9c7a8,a2b4a54f18cd8687
int32,random,boost::flat_stable_sort,1,10,20260912,0,1,,,,,,1,,windows-qpc-cycletime,1,,1077,1052,25,0,0,0,0,12,17032,130,130,0,8272,3,0,0,0,-,0,0,0,0,0,0,0,0,0,0,0,0,0,0,d18b993c93e9c7a8,2e721c01becf5f7c
int32,sorted,brainsort,1,10,20260912,0,1,,,,,,1,,windows-qpc-cycletime,1,,18,9,9,0,0,0,0,0,216,2,2,0,0,0,0,0,0,-,0,0,0,0,0,0,0,0,0,0,0,0,0,0,c0b09ddf1ee80aa8,57d0bfc094f62007
int32,sorted,std::stable_sort,1,10,20260912,0,1,,,,,,1,,windows-qpc-cycletime,1,,52,18,21,0,0,0,0,0,560,3,3,0,40,1,0,0,0,-,0,0,0,0,0,0,0,0,0,0,0,0,0,0,c0b09ddf1ee80aa8,3553e0b1630ab0c1
int32,sorted,gfx::timsort,1,10,20260912,0,1,,,,,,1,,windows-qpc-cycletime,1,,18,0,9,0,0,0,0,0,144,2,2,0,0,0,0,0,0,-,0,0,0,0,0,0,0,0,0,0,0,0,0,0,c0b09ddf1ee80aa8,c7ef60211b99b37f
int32,sorted,boost::spinsort,1,10,20260912,0,1,,,,,,1,,windows-qpc-cycletime,1,,18,9,9,0,0,0,0,0,216,2,2,0,0,0,0,0,0,-,0,0,0,0,0,0,0,0,0,0,0,0,0,0,c0b09ddf1ee80aa8,57d0bfc094f62007
int32,sorted,boost::flat_stable_sort,1,10,20260912,0,1,,,,,,1,,windows-qpc-cycletime,1,,1043,1034,9,0,0,0,0,0,16616,130,130,0,8272,3,0,0,0,-,0,0,0,0,0,0,0,0,0,0,0,0,0,0,c0b09ddf1ee80aa8,92f2bc925ed79bac
int32,reverse,brainsort,1,10,20260912,0,1,,,,,,1,,windows-qpc-cycletime,1,,54,54,45,0,0,0,0,0,864,2,2,0,0,0,0,0,0,-,0,0,0,0,0,0,0,0,0,0,0,0,0,0,784ead557b67f22a,9f3dc13b04a6a570
int32,reverse,std::stable_sort,1,10,20260912,0,1,,,,,,1,,windows-qpc-cycletime,1,,69,43,13,0,0,0,0,0,896,3,3,0,40,1,0,0,0,-,0,0,0,0,0,0,0,0,0,0,0,0,0,0,784ead557b67f22a,d2b587eba42796e5
int32,reverse,gfx::timsort,1,10,20260912,0,1,,,,,,1,,windows-qpc-cycletime,1,,28,10,9,0,0,0,0,0,304,2,2,0,0,0,0,0,0,-,0,0,0,0,0,0,0,0,0,0,0,0,0,0,784ead557b67f22a,d327234fbf3a3606
int32,reverse,boost::spinsort,1,10,20260912,0,1,,,,,,1,,windows-qpc-cycletime,1,,99,54,45,0,0,0,0,0,1224,2,2,0,0,0,0,0,0,-,0,0,0,0,0,0,0,0,0,0,0,0,0,0,784ead557b67f22a,b99078b7960a7bc7
int32,reverse,boost::flat_stable_sort,1,10,20260912,0,1,,,,,,1,,windows-qpc-cycletime,1,,1124,1079,45,0,0,0,0,0,17624,130,130,0,8272,3,0,0,0,-,0,0,0,0,0,0,0,0,0,0,0,0,0,0,784ead557b67f22a,7c86a20a9de434c4
int32,nearly_sorted,brainsort,1,10,20260912,0,1,,,,,,1,,windows-qpc-cycletime,1,,18,9,9,0,0,0,0,0,216,2,2,0,0,0,0,0,0,-,0,0,0,0,0,0,0,0,0,0,0,0,0,0,c0b09ddf1ee80aa8,57d0bfc094f62007
int32,nearly_sorted,std::stable_sort,1,10,20260912,0,1,,,,,,1,,windows-qpc-cycletime,1,,52,18,21,0,0,0,0,0,560,3,3,0,40,1,0,0,0,-,0,0,0,0,0,0,0,0,0,0,0,0,0,0,c0b09ddf1ee80aa8,3553e0b1630ab0c1
int32,nearly_sorted,gfx::timsort,1,10,20260912,0,1,,,,,,1,,windows-qpc-cycletime,1,,18,0,9,0,0,0,0,0,144,2,2,0,0,0,0,0,0,-,0,0,0,0,0,0,0,0,0,0,0,0,0,0,c0b09ddf1ee80aa8,c7ef60211b99b37f
int32,nearly_sorted,boost::spinsort,1,10,20260912,0,1,,,,,,1,,windows-qpc-cycletime,1,,18,9,9,0,0,0,0,0,216,2,2,0,0,0,0,0,0,-,0,0,0,0,0,0,0,0,0,0,0,0,0,0,c0b09ddf1ee80aa8,57d0bfc094f62007
int32,nearly_sorted,boost::flat_stable_sort,1,10,20260912,0,1,,,,,,1,,windows-qpc-cycletime,1,,1043,1034,9,0,0,0,0,0,16616,130,130,0,8272,3,0,0,0,-,0,0,0,0,0,0,0,0,0,0,0,0,0,0,c0b09ddf1ee80aa8,92f2bc925ed79bac
int32,few_unique,brainsort,1,10,20260912,0,1,,,,,,1,,windows-qpc-cycletime,1,,37,30,28,0,0,0,0,8,536,2,2,0,0,0,0,0,0,-,0,0,0,0,0,0,0,0,0,0,0,0,0,0,5d085e5b4e97e98c,895c9ff461802dbd
int32,few_unique,std::stable_sort,1,10,20260912,0,1,,,,,,1,,windows-qpc-cycletime,1,,71,27,27,0,0,0,0,12,784,3,3,0,40,1,0,0,0,-,0,0,0,0,0,0,0,0,0,0,0,0,0,0,5d085e5b4e97e98c,e0434b0a0407ab14
int32,few_unique,gfx::timsort,1,10,20260912,0,1,,,,,,1,,windows-qpc-cycletime,1,,54,29,23,0,0,0,0,10,664,2,2,0,0,0,0,0,0,-,0,0,0,0,0,0,0,0,0,0,0,0,0,0,5d085e5b4e97e98c,e35978f43793fe9f
int32,few_unique,boost::spinsort,1,10,20260912,0,1,,,,,,1,,windows-qpc-cycletime,1,,58,30,28,0,0,0,0,8,704,2,2,0,0,0,0,0,0,-,0,0,0,0,0,0,0,0,0,0,0,0,0,0,5d085e5b4e97e98c,905a3ae55bc625b8
int32,few_unique,boost::flat_stable_sort,1,10,20260912,0,1,,,,,,1,,windows-qpc-cycletime,1,,1083,1055,28,0,0,0,0,8,17104,130,130,0,8272,3,0,0,0,-,0,0,0,0,0,0,0,0,0,0,0,0,0,0,5d085e5b4e97e98c,b59ab260ba37acbb
int32,all_equal,brainsort,1,10,20260912,0,1,,,,,,1,,windows-qpc-cycletime,1,,18,9,9,0,0,0,0,0,216,2,2,0,0,0,0,0,0,-,0,0,0,0,0,0,0,0,0,0,0,0,0,0,c0b09ddf1ee80aa8,57d0bfc094f62007
int32,all_equal,std::stable_sort,1,10,20260912,0,1,,,,,,1,,windows-qpc-cycletime,1,,52,18,21,0,0,0,0,0,560,3,3,0,40,1,0,0,0,-,0,0,0,0,0,0,0,0,0,0,0,0,0,0,c0b09ddf1ee80aa8,3553e0b1630ab0c1
int32,all_equal,gfx::timsort,1,10,20260912,0,1,,,,,,1,,windows-qpc-cycletime,1,,18,0,9,0,0,0,0,0,144,2,2,0,0,0,0,0,0,-,0,0,0,0,0,0,0,0,0,0,0,0,0,0,c0b09ddf1ee80aa8,c7ef60211b99b37f
int32,all_equal,boost::spinsort,1,10,20260912,0,1,,,,,,1,,windows-qpc-cycletime,1,,18,9,9,0,0,0,0,0,216,2,2,0,0,0,0,0,0,-,0,0,0,0,0,0,0,0,0,0,0,0,0,0,c0b09ddf1ee80aa8,57d0bfc094f62007
int32,all_equal,boost::flat_stable_sort,1,10,20260912,0,1,,,,,,1,,windows-qpc-cycletime,1,,1043,1034,9,0,0,0,0,0,16616,130,130,0,8272,3,0,0,0,-,0,0,0,0,0,0,0,0,0,0,0,0,0,0,c0b09ddf1ee80aa8,92f2bc925ed79bac
int32,runs,brainsort,1,10,20260912,0,1,,,,,,1,,windows-qpc-cycletime,1,,18,9,9,0,0,0,0,0,216,2,2,0,0,0,0,0,0,-,0,0,0,0,0,0,0,0,0,0,0,0,0,0,c0b09ddf1ee80aa8,57d0bfc094f62007
int32,runs,std::stable_sort,1,10,20260912,0,1,,,,,,1,,windows-qpc-cycletime,1,,52,18,21,0,0,0,0,0,560,3,3,0,40,1,0,0,0,-,0,0,0,0,0,0,0,0,0,0,0,0,0,0,c0b09ddf1ee80aa8,3553e0b1630ab0c1
int32,runs,gfx::timsort,1,10,20260912,0,1,,,,,,1,,windows-qpc-cycletime,1,,18,0,9,0,0,0,0,0,144,2,2,0,0,0,0,0,0,-,0,0,0,0,0,0,0,0,0,0,0,0,0,0,c0b09ddf1ee80aa8,c7ef60211b99b37f
int32,runs,boost::spinsort,1,10,20260912,0,1,,,,,,1,,windows-qpc-cycletime,1,,18,9,9,0,0,0,0,0,216,2,2,0,0,0,0,0,0,-,0,0,0,0,0,0,0,0,0,0,0,0,0,0,c0b09ddf1ee80aa8,57d0bfc094f62007
int32,runs,boost::flat_stable_sort,1,10,20260912,0,1,,,,,,1,,windows-qpc-cycletime,1,,1043,1034,9,0,0,0,0,0,16616,130,130,0,8272,3,0,0,0,-,0,0,0,0,0,0,0,0,0,0,0,0,0,0,c0b09ddf1ee80aa8,92f2bc925ed79bac
int32,organ_pipe,brainsort,1,10,20260912,0,1,,,,,,1,,windows-qpc-cycletime,1,,34,25,25,0,0,0,0,8,472,2,2,0,0,0,0,0,0,-,0,0,0,0,0,0,0,0,0,0,0,0,0,0,901f5df8c0caea74,902de9887f2c3257
int32,organ_pipe,std::stable_sort,1,10,20260912,0,1,,,,,,1,,windows-qpc-cycletime,1,,67,31,20,0,0,0,0,8,784,3,3,0,40,1,0,0,0,-,0,0,0,0,0,0,0,0,0,0,0,0,0,0,901f5df8c0caea74,f96558fc6a7c26c9
int32,organ_pipe,gfx::timsort,1,10,20260912,0,1,,,,,,1,,windows-qpc-cycletime,1,,44,20,18,0,0,0,0,8,512,2,2,0,0,0,0,0,0,-,0,0,0,0,0,0,0,0,0,0,0,0,0,0,901f5df8c0caea74,f494570989331c81
int32,organ_pipe,boost::spinsort,1,10,20260912,0,1,,,,,,1,,windows-qpc-cycletime,1,,50,25,25,0,0,0,0,8,600,2,2,0,0,0,0,0,0,-,0,0,0,0,0,0,0,0,0,0,0,0,0,0,901f5df8c0caea74,dc003a2ea476193f
int32,organ_pipe,boost::flat_stable_sort,1,10,20260912,0,1,,,,,,1,,windows-qpc-cycletime,1,,1075,1050,25,0,0,0,0,8,17000,130,130,0,8272,3,0,0,0,-,0,0,0,0,0,0,0,0,0,0,0,0,0,0,901f5df8c0caea74,dd4e8004c33e12f4
int32,small_range,brainsort,1,10,20260912,0,1,,,,,,1,,windows-qpc-cycletime,1,,37,31,28,0,0,0,0,7,544,2,2,0,0,0,0,0,0,-,0,0,0,0,0,0,0,0,0,0,0,0,0,0,fece0b07ed04e90e,2a1c1c8f0cfd5314
int32,small_range,std::stable_sort,1,10,20260912,0,1,,,,,,1,,windows-qpc-cycletime,1,,71,29,25,0,0,0,0,13,800,3,3,0,40,1,0,0,0,-,0,0,0,0,0,0,0,0,0,0,0,0,0,0,fece0b07ed04e90e,8f75e4ee6584dc72
int32,small_range,gfx::timsort,1,10,20260912,0,1,,,,,,1,,windows-qpc-cycletime,1,,57,31,24,0,0,0,0,8,704,2,2,0,0,0,0,0,0,-,0,0,0,0,0,0,0,0,0,0,0,0,0,0,fece0b07ed04e90e,979d00936a6d1fb5
int32,small_range,boost::spinsort,1,10,20260912,0,1,,,,,,1,,windows-qpc-cycletime,1,,59,31,28,0,0,0,0,7,720,2,2,0,0,0,0,0,0,-,0,0,0,0,0,0,0,0,0,0,0,0,0,0,fece0b07ed04e90e,6b7ad9283399b2b4
int32,small_range,boost::flat_stable_sort,1,10,20260912,0,1,,,,,,1,,windows-qpc-cycletime,1,,1084,1056,28,0,0,0,0,7,17120,130,130,0,8272,3,0,0,0,-,0,0,0,0,0,0,0,0,0,0,0,0,0,0,fece0b07ed04e90e,59eeb6a13cad94f7
int32,sawtooth,brainsort,1,10,20260912,0,1,,,,,,1,,windows-qpc-cycletime,1,,18,9,9,0,0,0,0,0,216,2,2,0,0,0,0,0,0,-,0,0,0,0,0,0,0,0,0,0,0,0,0,0,c0b09ddf1ee80aa8,57d0bfc094f62007
int32,sawtooth,std::stable_sort,1,10,20260912,0,1,,,,,,1,,windows-qpc-cycletime,1,,52,18,21,0,0,0,0,0,560,3,3,0,40,1,0,0,0,-,0,0,0,0,0,0,0,0,0,0,0,0,0,0,c0b09ddf1ee80aa8,3553e0b1630ab0c1
int32,sawtooth,gfx::timsort,1,10,20260912,0,1,,,,,,1,,windows-qpc-cycletime,1,,18,0,9,0,0,0,0,0,144,2,2,0,0,0,0,0,0,-,0,0,0,0,0,0,0,0,0,0,0,0,0,0,c0b09ddf1ee80aa8,c7ef60211b99b37f
int32,sawtooth,boost::spinsort,1,10,20260912,0,1,,,,,,1,,windows-qpc-cycletime,1,,18,9,9,0,0,0,0,0,216,2,2,0,0,0,0,0,0,-,0,0,0,0,0,0,0,0,0,0,0,0,0,0,c0b09ddf1ee80aa8,57d0bfc094f62007
int32,sawtooth,boost::flat_stable_sort,1,10,20260912,0,1,,,,,,1,,windows-qpc-cycletime,1,,1043,1034,9,0,0,0,0,0,16616,130,130,0,8272,3,0,0,0,-,0,0,0,0,0,0,0,0,0,0,0,0,0,0,c0b09ddf1ee80aa8,92f2bc925ed79bac
int32,prefixed,brainsort,1,10,20260912,0,1,,,,,,1,,windows-qpc-cycletime,1,,38,30,29,0,0,0,0,12,544,2,2,0,0,0,0,0,0,-,0,0,0,0,0,0,0,0,0,0,0,0,0,0,793ba3bc964687c0,bfb2c1862ee2a572
int32,prefixed,std::stable_sort,1,10,20260912,0,1,,,,,,1,,windows-qpc-cycletime,1,,83,32,35,0,0,0,0,16,920,3,3,0,40,1,0,0,0,-,0,0,0,0,0,0,0,0,0,0,0,0,0,0,793ba3bc964687c0,66f887960c64057a
int32,prefixed,gfx::timsort,1,10,20260912,0,1,,,,,,1,,windows-qpc-cycletime,1,,53,28,22,0,0,0,0,11,648,2,2,0,0,0,0,0,0,-,0,0,0,0,0,0,0,0,0,0,0,0,0,0,793ba3bc964687c0,9e62edb6b68acd7d
int32,prefixed,boost::spinsort,1,10,20260912,0,1,,,,,,1,,windows-qpc-cycletime,1,,59,30,29,0,0,0,0,12,712,2,2,0,0,0,0,0,0,-,0,0,0,0,0,0,0,0,0,0,0,0,0,0,793ba3bc964687c0,9185fe94e54f9e23
int32,prefixed,boost::flat_stable_sort,1,10,20260912,0,1,,,,,,1,,windows-qpc-cycletime,1,,1084,1055,29,0,0,0,0,12,17112,130,130,0,8272,3,0,0,0,-,0,0,0,0,0,0,0,0,0,0,0,0,0,0,793ba3bc964687c0,7ddab25fbe49b168
int32,sparse_bits,brainsort,1,10,20260912,0,1,,,,,,1,,windows-qpc-cycletime,1,,34,26,25,0,0,0,0,12,480,2,2,0,0,0,0,0,0,-,0,0,0,0,0,0,0,0,0,0,0,0,0,0,8d40bcf2e8285c22,43ca82437329d642
int32,sparse_bits,std::stable_sort,1,10,20260912,0,1,,,,,,1,,windows-qpc-cycletime,1,,73,31,27,0,0,0,0,12,832,3,3,0,40,1,0,0,0,-,0,0,0,0,0,0,0,0,0,0,0,0,0,0,8d40bcf2e8285c22,a4f0d1ceae8dd3ee
int32,sparse_bits,gfx::timsort,1,10,20260912,0,1,,,,,,1,,windows-qpc-cycletime,1,,49,24,22,0,0,0,0,12,584,2,2,0,0,0,0,0,0,-,0,0,0,0,0,0,0,0,0,0,0,0,0,0,8d40bcf2e8285c22,0f566561fd9d5e54
int32,sparse_bits,boost::spinsort,1,10,20260912,0,1,,,,,,1,,windows-qpc-cycletime,1,,51,26,25,0,0,0,0,12,616,2,2,0,0,0,0,0,0,-,0,0,0,0,0,0,0,0,0,0,0,0,0,0,8d40bcf2e8285c22,1da93e49d91360df
int32,sparse_bits,boost::flat_stable_sort,1,10,20260912,0,1,,,,,,1,,windows-qpc-cycletime,1,,1076,1051,25,0,0,0,0,12,17016,130,130,0,8272,3,0,0,0,-,0,0,0,0,0,0,0,0,0,0,0,0,0,0,8d40bcf2e8285c22,c138046ee2e3e58c
double,random,brainsort,1,10,20260912,0,1,,,,,,1,,windows-qpc-cycletime,1,,38,31,29,0,0,0,0,9,1104,3,3,0,0,0,0,0,0,-,0,0,0,0,0,0,0,0,0,0,0,0,0,0,cf8664ec67648ee0,4b3101d9f49801af
double,random,std::stable_sort,1,10,20260912,0,1,,,,,,1,,windows-qpc-cycletime,1,,73,34,24,0,0,0,0,13,1712,5,5,0,80,1,0,0,0,-,0,0,0,0,0,0,0,0,0,0,0,0,0,0,cf8664ec67648ee0,550fdb6b2aa6914f
double,random,gfx::timsort,1,10,20260912,0,1,,,,,,1,,windows-qpc-cycletime,1,,52,28,21,0,0,0,0,9,1280,3,3,0,0,0,0,0,0,-,0,0,0,0,0,0,0,0,0,0,0,0,0,0,cf8664ec67648ee0,c81b3032999a02f1
double,random,boost::spinsort,1,10,20260912,0,1,,,,,,1,,windows-qpc-cycletime,1,,60,31,29,0,0,0,0,9,1456,3,3,0,0,0,0,0,0,-,0,0,0,0,0,0,0,0,0,0,0,0,0,0,cf8664ec67648ee0,eba3fffd80e0d03b
double,random,boost::flat_stable_sort,1,10,20260912,0,1,,,,,,1,,windows-qpc-cycletime,1,,573,544,29,0,0,0,0,9,17872,131,131,0,8272,3,0,0,0,-,0,0,0,0,0,0,0,0,0,0,0,0,0,0,cf8664ec67648ee0,654b8aaa43c17c88
double,sorted,brainsort,1,10,20260912,0,1,,,,,,1,,windows-qpc-cycletime,1,,18,9,9,0,0,0,0,0,432,3,3,0,0,0,0,0,0,-,0,0,0,0,0,0,0,0,0,0,0,0,0,0,c0b09ddf1ee80aa8,6e3d0c2879af6d07
double,sorted,std::stable_sort,1,10,20260912,0,1,,,,,,1,,windows-qpc-cycletime,1,,52,18,21,0,0,0,0,0,1120,5,5,0,80,1,0,0,0,-,0,0,0,0,0,0,0,0,0,0,0,0,0,0,c0b09ddf1ee80aa8,2c7d3a30cbec2c01
double,sorted,gfx::timsort,1,10,20260912,0,1,,,,,,1,,windows-qpc-cycletime,1,,18,0,9,0,0,0,0,0,288,3,3,0,0,0,0,0,0,-,0,0,0,0,0,0,0,0,0,0,0,0,0,0,c0b09ddf1ee80aa8,f527054424167c3f
double,sorted,boost::spinsort,1,10,20260912,0,1,,,,,,1,,windows-qpc-cycletime,1,,18,9,9,0,0,0,0,0,432,3,3,0,0,0,0,0,0,-,0,0,0,0,0,0,0,0,0,0,0,0,0,0,c0b09ddf1ee80aa8,6e3d0c2879af6d07
double,sorted,boost::flat_stable_sort,1,10,20260912,0,1,,,,,,1,,windows-qpc-cycletime,1,,531,522,9,0,0,0,0,0,16848,131,131,0,8272,3,0,0,0,-,0,0,0,0,0,0,0,0,0,0,0,0,0,0,c0b09ddf1ee80aa8,7fa614023b08feac
double,reverse,brainsort,1,10,20260912,0,1,,,,,,1,,windows-qpc-cycletime,1,,54,54,45,0,0,0,0,0,1728,3,3,0,0,0,0,0,0,-,0,0,0,0,0,0,0,0,0,0,0,0,0,0,784ead557b67f22a,9642f15617f02070
double,reverse,std::stable_sort,1,10,20260912,0,1,,,,,,1,,windows-qpc-cycletime,1,,69,43,13,0,0,0,0,0,1792,5,5,0,80,1,0,0,0,-,0,0,0,0,0,0,0,0,0,0,0,0,0,0,784ead557b67f22a,4a9873df81adeea5
double,reverse,gfx::timsort,1,10,20260912,0,1,,,,,,1,,windows-qpc-cycletime,1,,28,10,9,0,0,0,0,0,608,3,3,0,0,0,0,0,0,-,0,0,0,0,0,0,0,0,0,0,0,0,0,0,784ead557b67f22a,542c719c673af2c6
double,reverse,boost::spinsort,1,10,20260912,0,1,,,,,,1,,windows-qpc-cycletime,1,,99,54,45,0,0,0,0,0,2448,3,3,0,0,0,0,0,0,-,0,0,0,0,0,0,0,0,0,0,0,0,0,0,784ead557b67f22a,e1c1dbe29aa347c7
double,reverse,boost::flat_stable_sort,1,10,20260912,0,1,,,,,,1,,windows-qpc-cycletime,1,,612,567,45,0,0,0,0,0,18864,131,131,0,8272,3,0,0,0,-,0,0,0,0,0,0,0,0,0,0,0,0,0,0,784ead557b67f22a,a827deda799b76c4
double,nearly_sorted,brainsort,1,10,20260912,0,1,,,,,,1,,windows-qpc-cycletime,1,,18,9,9,0,0,0,0,0,432,3,3,0,0,0,0,0,0,-,0,0,0,0,0,0,0,0,0,0,0,0,0,0,c0b09ddf1ee80aa8,6e3d0c2879af6d07
double,nearly_sorted,std::stable_sort,1,10,20260912,0,1,,,,,,1,,windows-qpc-cycletime,1,,52,18,21,0,0,0,0,0,1120,5,5,0,80,1,0,0,0,-,0,0,0,0,0,0,0,0,0,0,0,0,0,0,c0b09ddf1ee80aa8,2c7d3a30cbec2c01
double,nearly_sorted,gfx::timsort,1,10,20260912,0,1,,,,,,1,,windows-qpc-cycletime,1,,18,0,9,0,0,0,0,0,288,3,3,0,0,0,0,0,0,-,0,0,0,0,0,0,0,0,0,0,0,0,0,0,c0b09ddf1ee80aa8,f527054424167c3f
double,nearly_sorted,boost::spinsort,1,10,20260912,0,1,,,,,,1,,windows-qpc-cycletime,1,,18,9,9,0,0,0,0,0,432,3,3,0,0,0,0,0,0,-,0,0,0,0,0,0,0,0,0,0,0,0,0,0,c0b09ddf1ee80aa8,6e3d0c2879af6d07
double,nearly_sorted,boost::flat_stable_sort,1,10,20260912,0,1,,,,,,1,,windows-qpc-cycletime,1,,531,522,9,0,0,0,0,0,16848,131,131,0,8272,3,0,0,0,-,0,0,0,0,0,0,0,0,0,0,0,0,0,0,c0b09ddf1ee80aa8,7fa614023b08feac
double,few_unique,brainsort,1,10,20260912,0,1,,,,,,1,,windows-qpc-cycletime,1,,34,26,25,0,0,0,0,10,960,3,3,0,0,0,0,0,0,-,0,0,0,0,0,0,0,0,0,0,0,0,0,0,a769cbd25f1f30d4,3cdf7fc66a491826
double,few_unique,std::stable_sort,1,10,20260912,0,1,,,,,,1,,windows-qpc-cycletime,1,,74,31,27,0,0,0,0,12,1680,5,5,0,80,1,0,0,0,-,0,0,0,0,0,0,0,0,0,0,0,0,0,0,a769cbd25f1f30d4,9ef45f9c56d39dcb
double,few_unique,gfx::timsort,1,10,20260912,0,1,,,,,,1,,windows-qpc-cycletime,1,,50,25,23,0,0,0,0,10,1200,3,3,0,0,0,0,0,0,-,0,0,0,0,0,0,0,0,0,0,0,0,0,0,a769cbd25f1f30d4,e66fa1e21bd32a83
double,few_unique,boost::spinsort,1,10,20260912,0,1,,,,,,1,,windows-qpc-cycletime,1,,51,26,25,0,0,0,0,10,1232,3,3,0,0,0,0,0,0,-,0,0,0,0,0,0,0,0,0,0,0,0,0,0,a769cbd25f1f30d4,d017046d57df2d43
double,few_unique,boost::flat_stable_sort,1,10,20260912,0,1,,,,,,1,,windows-qpc-cycletime,1,,564,539,25,0,0,0,0,10,17648,131,131,0,8272,3,0,0,0,-,0,0,0,0,0,0,0,0,0,0,0,0,0,0,a769cbd25f1f30d4,ed1d8a91d9ebdea8
double,all_equal,brainsort,1,10,20260912,0,1,,,,,,1,,windows-qpc-cycletime,1,,18,9,9,0,0,0,0,0,432,3,3,0,0,0,0,0,0,-,0,0,0,0,0,0,0,0,0,0,0,0,0,0,c0b09ddf1ee80aa8,6e3d0c2879af6d07
double,all_equal,std::stable_sort,1,10,20260912,0,1,,,,,,1,,windows-qpc-cycletime,1,,52,18,21,0,0,0,0,0,1120,5,5,0,80,1,0,0,0,-,0,0,0,0,0,0,0,0,0,0,0,0,0,0,c0b09ddf1ee80aa8,2c7d3a30cbec2c01
double,all_equal,gfx::timsort,1,10,20260912,0,1,,,,,,1,,windows-qpc-cycletime,1,,18,0,9,0,0,0,0,0,288,3,3,0,0,0,0,0,0,-,0,0,0,0,0,0,0,0,0,0,0,0,0,0,c0b09ddf1ee80aa8,f527054424167c3f
double,all_equal,boost::spinsort,1,10,20260912,0,1,,,,,,1,,windows-qpc-cycletime,1,,18,9,9,0,0,0,0,0,432,3,3,0,0,0,0,0,0,-,0,0,0,0,0,0,0,0,0,0,0,0,0,0,c0b09ddf1ee80aa8,6e3d0c2879af6d07
double,all_equal,boost::flat_stable_sort,1,10,20260912,0,1,,,,,,1,,windows-qpc-cycletime,1,,531,522,9,0,0,0,0,0,16848,131,131,0,8272,3,0,0,0,-,0,0,0,0,0,0,0,0,0,0,0,0,0,0,c0b09ddf1ee80aa8,7fa614023b08feac
double,runs,brainsort,1,10,20260912,0,1,,,,,,1,,windows-qpc-cycletime,1,,18,9,9,0,0,0,0,0,432,3,3,0,0,0,0,0,0,-,0,0,0,0,0,0,0,0,0,0,0,0,0,0,c0b09ddf1ee80aa8,6e3d0c2879af6d07
double,runs,std::stable_sort,1,10,20260912,0,1,,,,,,1,,windows-qpc-cycletime,1,,52,18,21,0,0,0,0,0,1120,5,5,0,80,1,0,0,0,-,0,0,0,0,0,0,0,0,0,0,0,0,0,0,c0b09ddf1ee80aa8,2c7d3a30cbec2c01
double,runs,gfx::timsort,1,10,20260912,0,1,,,,,,1,,windows-qpc-cycletime,1,,18,0,9,0,0,0,0,0,288,3,3,0,0,0,0,0,0,-,0,0,0,0,0,0,0,0,0,0,0,0,0,0,c0b09ddf1ee80aa8,f527054424167c3f
double,runs,boost::spinsort,1,10,20260912,0,1,,,,,,1,,windows-qpc-cycletime,1,,18,9,9,0,0,0,0,0,432,3,3,0,0,0,0,0,0,-,0,0,0,0,0,0,0,0,0,0,0,0,0,0,c0b09ddf1ee80aa8,6e3d0c2879af6d07
double,runs,boost::flat_stable_sort,1,10,20260912,0,1,,,,,,1,,windows-qpc-cycletime,1,,531,522,9,0,0,0,0,0,16848,131,131,0,8272,3,0,0,0,-,0,0,0,0,0,0,0,0,0,0,0,0,0,0,c0b09ddf1ee80aa8,7fa614023b08feac
double,organ_pipe,brainsort,1,10,20260912,0,1,,,,,,1,,windows-qpc-cycletime,1,,34,25,25,0,0,0,0,8,944,3,3,0,0,0,0,0,0,-,0,0,0,0,0,0,0,0,0,0,0,0,0,0,901f5df8c0caea74,c028d4795968b357
double,organ_pipe,std::stable_sort,1,10,20260912,0,1,,,,,,1,,windows-qpc-cycletime,1,,67,31,20,0,0,0,0,8,1568,5,5,0,80,1,0,0,0,-,0,0,0,0,0,0,0,0,0,0,0,0,0,0,901f5df8c0caea74,7e9fb49cd59ffa49
double,organ_pipe,gfx::timsort,1,10,20260912,0,1,,,,,,1,,windows-qpc-cycletime,1,,44,20,18,0,0,0,0,8,1024,3,3,0,0,0,0,0,0,-,0,0,0,0,0,0,0,0,0,0,0,0,0,0,901f5df8c0caea74,5d20beab3af3b901
double,organ_pipe,boost::spinsort,1,10,20260912,0,1,,,,,,1,,windows-qpc-cycletime,1,,50,25,25,0,0,0,0,8,1200,3,3,0,0,0,0,0,0,-,0,0,0,0,0,0,0,0,0,0,0,0,0,0,901f5df8c0caea74,322b098ff1045c3f
double,organ_pipe,boost::flat_stable_sort,1,10,20260912,0,1,,,,,,1,,windows-qpc-cycletime,1,,563,538,25,0,0,0,0,8,17616,131,131,0,8272,3,0,0,0,-,0,0,0,0,0,0,0,0,0,0,0,0,0,0,901f5df8c0caea74,642cca0c19da48f4
double,small_range,brainsort,1,10,20260912,0,1,,,,,,1,,windows-qpc-cycletime,1,,37,31,28,0,0,0,0,7,1088,3,3,0,0,0,0,0,0,-,0,0,0,0,0,0,0,0,0,0,0,0,0,0,fece0b07ed04e90e,6f9fad52b51acbd4
double,small_range,std::stable_sort,1,10,20260912,0,1,,,,,,1,,windows-qpc-cycletime,1,,71,29,25,0,0,0,0,13,1600,5,5,0,80,1,0,0,0,-,0,0,0,0,0,0,0,0,0,0,0,0,0,0,fece0b07ed04e90e,aa4252d816e74ef2
double,small_range,gfx::timsort,1,10,20260912,0,1,,,,,,1,,windows-qpc-cycletime,1,,57,31,24,0,0,0,0,8,1408,3,3,0,0,0,0,0,0,-,0,0,0,0,0,0,0,0,0,0,0,0,0,0,fece0b07ed04e90e,c2a7c29b4082f2f5
double,small_range,boost::spinsort,1,10,20260912,0,1,,,,,,1,,windows-qpc-cycletime,1,,59,31,28,0,0,0,0,7,1440,3,3,0,0,0,0,0,0,-,0,0,0,0,0,0,0,0,0,0,0,0,0,0,fece0b07ed04e90e,43104fc19b002a74
double,small_range,boost::flat_stable_sort,1,10,20260912,0,1,,,,,,1,,windows-qpc-cycletime,1,,572,544,28,0,0,0,0,7,17856,131,131,0,8272,3,0,0,0,-,0,0,0,0,0,0,0,0,0,0,0,0,0,0,fece0b07ed04e90e,b79dac9d3aaf5537
double,sawtooth,brainsort,1,10,20260912,0,1,,,,,,1,,windows-qpc-cycletime,1,,18,9,9,0,0,0,0,0,432,3,3,0,0,0,0,0,0,-,0,0,0,0,0,0,0,0,0,0,0,0,0,0,c0b09ddf1ee80aa8,6e3d0c2879af6d07
double,sawtooth,std::stable_sort,1,10,20260912,0,1,,,,,,1,,windows-qpc-cycletime,1,,52,18,21,0,0,0,0,0,1120,5,5,0,80,1,0,0,0,-,0,0,0,0,0,0,0,0,0,0,0,0,0,0,c0b09ddf1ee80aa8,2c7d3a30cbec2c01
double,sawtooth,gfx::timsort,1,10,20260912,0,1,,,,,,1,,windows-qpc-cycletime,1,,18,0,9,0,0,0,0,0,288,3,3,0,0,0,0,0,0,-,0,0,0,0,0,0,0,0,0,0,0,0,0,0,c0b09ddf1ee80aa8,f527054424167c3f
double,sawtooth,boost::spinsort,1,10,20260912,0,1,,,,,,1,,windows-qpc-cycletime,1,,18,9,9,0,0,0,0,0,432,3,3,0,0,0,0,0,0,-,0,0,0,0,0,0,0,0,0,0,0,0,0,0,c0b09ddf1ee80aa8,6e3d0c2879af6d07
double,sawtooth,boost::flat_stable_sort,1,10,20260912,0,1,,,,,,1,,windows-qpc-cycletime,1,,531,522,9,0,0,0,0,0,16848,131,131,0,8272,3,0,0,0,-,0,0,0,0,0,0,0,0,0,0,0,0,0,0,c0b09ddf1ee80aa8,7fa614023b08feac
double,prefixed,brainsort,1,10,20260912,0,1,,,,,,1,,windows-qpc-cycletime,1,,38,31,29,0,0,0,0,9,1104,3,3,0,0,0,0,0,0,-,0,0,0,0,0,0,0,0,0,0,0,0,0,0,cf8664ec67648ee0,4b3101d9f49801af
double,prefixed,std::stable_sort,1,10,20260912,0,1,,,,,,1,,windows-qpc-cycletime,1,,73,34,24,0,0,0,0,13,1712,5,5,0,80,1,0,0,0,-,0,0,0,0,0,0,0,0,0,0,0,0,0,0,cf8664ec67648ee0,550fdb6b2aa6914f
double,prefixed,gfx::timsort,1,10,20260912,0,1,,,,,,1,,windows-qpc-cycletime,1,,52,28,21,0,0,0,0,9,1280,3,3,0,0,0,0,0,0,-,0,0,0,0,0,0,0,0,0,0,0,0,0,0,cf8664ec67648ee0,c81b3032999a02f1
double,prefixed,boost::spinsort,1,10,20260912,0,1,,,,,,1,,windows-qpc-cycletime,1,,60,31,29,0,0,0,0,9,1456,3,3,0,0,0,0,0,0,-,0,0,0,0,0,0,0,0,0,0,0,0,0,0,cf8664ec67648ee0,eba3fffd80e0d03b
double,prefixed,boost::flat_stable_sort,1,10,20260912,0,1,,,,,,1,,windows-qpc-cycletime,1,,573,544,29,0,0,0,0,9,17872,131,131,0,8272,3,0,0,0,-,0,0,0,0,0,0,0,0,0,0,0,0,0,0,cf8664ec67648ee0,654b8aaa43c17c88
int64,random,brainsort,1,10,20260912,0,1,,,,,,1,,windows-qpc-cycletime,1,,36,29,27,0,0,0,0,12,1040,3,3,0,0,0,0,0,0,-,0,0,0,0,0,0,0,0,0,0,0,0,0,0,db2b028a5019404c,8d5e4a8f5602a7c3
int64,random,std::stable_sort,1,10,20260912,0,1,,,,,,1,,windows-qpc-cycletime,1,,76,35,24,0,0,0,0,11,1776,5,5,0,80,1,0,0,0,-,0,0,0,0,0,0,0,0,0,0,0,0,0,0,db2b028a5019404c,132c9a7e8a29f4c7
int64,random,gfx::timsort,1,10,20260912,0,1,,,,,,1,,windows-qpc-cycletime,1,,54,28,24,0,0,0,0,14,1312,3,3,0,0,0,0,0,0,-,0,0,0,0,0,0,0,0,0,0,0,0,0,0,db2b028a5019404c,aa9cabedcbabbea4
int64,random,boost::spinsort,1,10,20260912,0,1,,,,,,1,,windows-qpc-cycletime,1,,56,29,27,0,0,0,0,12,1360,3,3,0,0,0,0,0,0,-,0,0,0,0,0,0,0,0,0,0,0,0,0,0,db2b028a5019404c,5d0095ba32651563
int64,random,boost::flat_stable_sort,1,10,20260912,0,1,,,,,,1,,windows-qpc-cycletime,1,,569,542,27,0,0,0,0,12,17776,131,131,0,8272,3,0,0,0,-,0,0,0,0,0,0,0,0,0,0,0,0,0,0,db2b028a5019404c,16b1a19c25f5df80
int64,sorted,brainsort,1,10,20260912,0,1,,,,,,1,,windows-qpc-cycletime,1,,18,9,9,0,0,0,0,0,432,3,3,0,0,0,0,0,0,-,0,0,0,0,0,0,0,0,0,0,0,0,0,0,c0b09ddf1ee80aa8,6e3d0c2879af6d07
int64,sorted,std::stable_sort,1,10,20260912,0,1,,,,,,1,,windows-qpc-cycletime,1,,52,18,21,0,0,0,0,0,1120,5,5,0,80,1,0,0,0,-,0,0,0,0,0,0,0,0,0,0,0,0,0,0,c0b09ddf1ee80aa8,2c7d3a30cbec2c01
int64,sorted,gfx::timsort,1,10,20260912,0,1,,,,,,1,,windows-qpc-cycletime,1,,18,0,9,0,0,0,0,0,288,3,3,0,0,0,0,0,0,-,0,0,0,0,0,0,0,0,0,0,0,0,0,0,c0b09ddf1ee80aa8,f527054424167c3f
int64,sorted,boost::spinsort,1,10,20260912,0,1,,,,,,1,,windows-qpc-cycletime,1,,18,9,9,0,0,0,0,0,432,3,3,0,0,0,0,0,0,-,0,0,0,0,0,0,0,0,0,0,0,0,0,0,c0b09ddf1ee80aa8,6e3d0c2879af6d07
int64,sorted,boost::flat_stable_sort,1,10,20260912,0,1,,,,,,1,,windows-qpc-cycletime,1,,531,522,9,0,0,0,0,0,16848,131,131,0,8272,3,0,0,0,-,0,0,0,0,0,0,0,0,0,0,0,0,0,0,c0b09ddf1ee80aa8,7fa614023b08feac
int64,reverse,brainsort,1,10,20260912,0,1,,,,,,1,,windows-qpc-cycletime,1,,54,54,45,0,0,0,0,0,1728,3,3,0,0,0,0,0,0,-,0,0,0,0,0,0,0,0,0,0,0,0,0,0,784ead557b67f22a,9642f15617f02070
int64,reverse,std::stable_sort,1,10,20260912,0,1,,,,,,1,,windows-qpc-cycletime,1,,69,43,13,0,0,0,0,0,1792,5,5,0,80,1,0,0,0,-,0,0,0,0,0,0,0,0,0,0,0,0,0,0,784ead557b67f22a,4a9873df81adeea5
int64,reverse,gfx::timsort,1,10,20260912,0,1,,,,,,1,,windows-qpc-cycletime,1,,28,10,9,0,0,0,0,0,608,3,3,0,0,0,0,0,0,-,0,0,0,0,0,0,0,0,0,0,0,0,0,0,784ead557b67f22a,542c719c673af2c6
int64,reverse,boost::spinsort,1,10,20260912,0,1,,,,,,1,,windows-qpc-cycletime,1,,99,54,45,0,0,0,0,0,2448,3,3,0,0,0,0,0,0,-,0,0,0,0,0,0,0,0,0,0,0,0,0,0,784ead557b67f22a,e1c1dbe29aa347c7
int64,reverse,boost::flat_stable_sort,1,10,20260912,0,1,,,,,,1,,windows-qpc-cycletime,1,,612,567,45,0,0,0,0,0,18864,131,131,0,8272,3,0,0,0,-,0,0,0,0,0,0,0,0,0,0,0,0,0,0,784ead557b67f22a,a827deda799b76c4
int64,nearly_sorted,brainsort,1,10,20260912,0,1,,,,,,1,,windows-qpc-cycletime,1,,18,9,9,0,0,0,0,0,432,3,3,0,0,0,0,0,0,-,0,0,0,0,0,0,0,0,0,0,0,0,0,0,c0b09ddf1ee80aa8,6e3d0c2879af6d07
int64,nearly_sorted,std::stable_sort,1,10,20260912,0,1,,,,,,1,,windows-qpc-cycletime,1,,52,18,21,0,0,0,0,0,1120,5,5,0,80,1,0,0,0,-,0,0,0,0,0,0,0,0,0,0,0,0,0,0,c0b09ddf1ee80aa8,2c7d3a30cbec2c01
int64,nearly_sorted,gfx::timsort,1,10,20260912,0,1,,,,,,1,,windows-qpc-cycletime,1,,18,0,9,0,0,0,0,0,288,3,3,0,0,0,0,0,0,-,0,0,0,0,0,0,0,0,0,0,0,0,0,0,c0b09ddf1ee80aa8,f527054424167c3f
int64,nearly_sorted,boost::spinsort,1,10,20260912,0,1,,,,,,1,,windows-qpc-cycletime,1,,18,9,9,0,0,0,0,0,432,3,3,0,0,0,0,0,0,-,0,0,0,0,0,0,0,0,0,0,0,0,0,0,c0b09ddf1ee80aa8,6e3d0c2879af6d07
int64,nearly_sorted,boost::flat_stable_sort,1,10,20260912,0,1,,,,,,1,,windows-qpc-cycletime,1,,531,522,9,0,0,0,0,0,16848,131,131,0,8272,3,0,0,0,-,0,0,0,0,0,0,0,0,0,0,0,0,0,0,c0b09ddf1ee80aa8,7fa614023b08feac
int64,few_unique,brainsort,1,10,20260912,0,1,,,,,,1,,windows-qpc-cycletime,1,,36,27,27,0,0,0,0,12,1008,3,3,0,0,0,0,0,0,-,0,0,0,0,0,0,0,0,0,0,0,0,0,0,40a575197ea25f2a,460da2fe1fed4597
int64,few_unique,std::stable_sort,1,10,20260912,0,1,,,,,,1,,windows-qpc-cycletime,1,,75,29,29,0,0,0,0,15,1664,5,5,0,80,1,0,0,0,-,0,0,0,0,0,0,0,0,0,0,0,0,0,0,40a575197ea25f2a,215c1506b6bf5acd
int64,few_unique,gfx::timsort,1,10,20260912,0,1,,,,,,1,,windows-qpc-cycletime,1,,49,24,21,0,0,0,0,14,1168,3,3,0,0,0,0,0,0,-,0,0,0,0,0,0,0,0,0,0,0,0,0,0,40a575197ea25f2a,28c1d3f8c4787cd2
int64,few_unique,boost::spinsort,1,10,20260912,0,1,,,,,,1,,windows-qpc-cycletime,1,,54,27,27,0,0,0,0,12,1296,3,3,0,0,0,0,0,0,-,0,0,0,0,0,0,0,0,0,0,0,0,0,0,40a575197ea25f2a,fceea7c5d8201427
int64,few_unique,boost::flat_stable_sort,1,10,20260912,0,1,,,,,,1,,windows-qpc-cycletime,1,,567,540,27,0,0,0,0,12,17712,131,131,0,8272,3,0,0,0,-,0,0,0,0,0,0,0,0,0,0,0,0,0,0,40a575197ea25f2a,006b520d1ec9b3ec
int64,all_equal,brainsort,1,10,20260912,0,1,,,,,,1,,windows-qpc-cycletime,1,,18,9,9,0,0,0,0,0,432,3,3,0,0,0,0,0,0,-,0,0,0,0,0,0,0,0,0,0,0,0,0,0,c0b09ddf1ee80aa8,6e3d0c2879af6d07
int64,all_equal,std::stable_sort,1,10,20260912,0,1,,,,,,1,,windows-qpc-cycletime,1,,52,18,21,0,0,0,0,0,1120,5,5,0,80,1,0,0,0,-,0,0,0,0,0,0,0,0,0,0,0,0,0,0,c0b09ddf1ee80aa8,2c7d3a30cbec2c01
int64,all_equal,gfx::timsort,1,10,20260912,0,1,,,,,,1,,windows-qpc-cycletime,1,,18,0,9,0,0,0,0,0,288,3,3,0,0,0,0,0,0,-,0,0,0,0,0,0,0,0,0,0,0,0,0,0,c0b09ddf1ee80aa8,f527054424167c3f
int64,all_equal,boost::spinsort,1,10,20260912,0,1,,,,,,1,,windows-qpc-cycletime,1,,18,9,9,0,0,0,0,0,432,3,3,0,0,0,0,0,0,-,0,0,0,0,0,0,0,0,0,0,0,0,0,0,c0b09ddf1ee80aa8,6e3d0c2879af6d07
int64,all_equal,boost::flat_stable_sort,1,10,20260912,0,1,,,,,,1,,windows-qpc-cycletime,1,,531,522,9,0,0,0,0,0,16848,131,131,0,8272,3,0,0,0,-,0,0,0,0,0,0,0,0,0,0,0,0,0,0,c0b09ddf1ee80aa8,7fa614023b08feac
int64,runs,brainsort,1,10,20260912,0,1,,,,,,1,,windows-qpc-cycletime,1,,18,9,9,0,0,0,0,0,432,3,3,0,0,0,0,0,0,-,0,0,0,0,0,0,0,0,0,0,0,0,0,0,c0b09ddf1ee80aa8,6e3d0c2879af6d07
int64,runs,std::stable_sort,1,10,20260912,0,1,,,,,,1,,windows-qpc-cycletime,1,,52,18,21,0,0,0,0,0,1120,5,5,0,80,1,0,0,0,-,0,0,0,0,0,0,0,0,0,0,0,0,0,0,c0b09ddf1ee80aa8,2c7d3a30cbec2c01
int64,runs,gfx::timsort,1,10,20260912,0,1,,,,,,1,,windows-qpc-cycletime,1,,18,0,9,0,0,0,0,0,288,3,3,0,0,0,0,0,0,-,0,0,0,0,0,0,0,0,0,0,0,0,0,0,c0b09ddf1ee80aa8,f527054424167c3f
int64,runs,boost::spinsort,1,10,20260912,0,1,,,,,,1,,windows-qpc-cycletime,1,,18,9,9,0,0,0,0,0,432,3,3,0,0,0,0,0,0,-,0,0,0,0,0,0,0,0,0,0,0,0,0,0,c0b09ddf1ee80aa8,6e3d0c2879af6d07
int64,runs,boost::flat_stable_sort,1,10,20260912,0,1,,,,,,1,,windows-qpc-cycletime,1,,531,522,9,0,0,0,0,0,16848,131,131,0,8272,3,0,0,0,-,0,0,0,0,0,0,0,0,0,0,0,0,0,0,c0b09ddf1ee80aa8,7fa614023b08feac
int64,organ_pipe,brainsort,1,10,20260912,0,1,,,,,,1,,windows-qpc-cycletime,1,,34,25,25,0,0,0,0,8,944,3,3,0,0,0,0,0,0,-,0,0,0,0,0,0,0,0,0,0,0,0,0,0,901f5df8c0caea74,c028d4795968b357
int64,organ_pipe,std::stable_sort,1,10,20260912,0,1,,,,,,1,,windows-qpc-cycletime,1,,67,31,20,0,0,0,0,8,1568,5,5,0,80,1,0,0,0,-,0,0,0,0,0,0,0,0,0,0,0,0,0,0,901f5df8c0caea74,7e9fb49cd59ffa49
int64,organ_pipe,gfx::timsort,1,10,20260912,0,1,,,,,,1,,windows-qpc-cycletime,1,,44,20,18,0,0,0,0,8,1024,3,3,0,0,0,0,0,0,-,0,0,0,0,0,0,0,0,0,0,0,0,0,0,901f5df8c0caea74,5d20beab3af3b901
int64,organ_pipe,boost::spinsort,1,10,20260912,0,1,,,,,,1,,windows-qpc-cycletime,1,,50,25,25,0,0,0,0,8,1200,3,3,0,0,0,0,0,0,-,0,0,0,0,0,0,0,0,0,0,0,0,0,0,901f5df8c0caea74,322b098ff1045c3f
int64,organ_pipe,boost::flat_stable_sort,1,10,20260912,0,1,,,,,,1,,windows-qpc-cycletime,1,,563,538,25,0,0,0,0,8,17616,131,131,0,8272,3,0,0,0,-,0,0,0,0,0,0,0,0,0,0,0,0,0,0,901f5df8c0caea74,642cca0c19da48f4
int64,small_range,brainsort,1,10,20260912,0,1,,,,,,1,,windows-qpc-cycletime,1,,37,31,28,0,0,0,0,7,1088,3,3,0,0,0,0,0,0,-,0,0,0,0,0,0,0,0,0,0,0,0,0,0,fece0b07ed04e90e,6f9fad52b51acbd4
int64,small_range,std::stable_sort,1,10,20260912,0,1,,,,,,1,,windows-qpc-cycletime,1,,71,29,25,0,0,0,0,13,1600,5,5,0,80,1,0,0,0,-,0,0,0,0,0,0,0,0,0,0,0,0,0,0,fece0b07ed04e90e,aa4252d816e74ef2
int64,small_range,gfx::timsort,1,10,20260912,0,1,,,,,,1,,windows-qpc-cycletime,1,,57,31,24,0,0,0,0,8,1408,3,3,0,0,0,0,0,0,-,0,0,0,0,0,0,0,0,0,0,0,0,0,0,fece0b07ed04e90e,c2a7c29b4082f2f5
int64,small_range,boost::spinsort,1,10,20260912,0,1,,,,,,1,,windows-qpc-cycletime,1,,59,31,28,0,0,0,0,7,1440,3,3,0,0,0,0,0,0,-,0,0,0,0,0,0,0,0,0,0,0,0,0,0,fece0b07ed04e90e,43104fc19b002a74
int64,small_range,boost::flat_stable_sort,1,10,20260912,0,1,,,,,,1,,windows-qpc-cycletime,1,,572,544,28,0,0,0,0,7,17856,131,131,0,8272,3,0,0,0,-,0,0,0,0,0,0,0,0,0,0,0,0,0,0,fece0b07ed04e90e,b79dac9d3aaf5537
int64,sawtooth,brainsort,1,10,20260912,0,1,,,,,,1,,windows-qpc-cycletime,1,,18,9,9,0,0,0,0,0,432,3,3,0,0,0,0,0,0,-,0,0,0,0,0,0,0,0,0,0,0,0,0,0,c0b09ddf1ee80aa8,6e3d0c2879af6d07
int64,sawtooth,std::stable_sort,1,10,20260912,0,1,,,,,,1,,windows-qpc-cycletime,1,,52,18,21,0,0,0,0,0,1120,5,5,0,80,1,0,0,0,-,0,0,0,0,0,0,0,0,0,0,0,0,0,0,c0b09ddf1ee80aa8,2c7d3a30cbec2c01
int64,sawtooth,gfx::timsort,1,10,20260912,0,1,,,,,,1,,windows-qpc-cycletime,1,,18,0,9,0,0,0,0,0,288,3,3,0,0,0,0,0,0,-,0,0,0,0,0,0,0,0,0,0,0,0,0,0,c0b09ddf1ee80aa8,f527054424167c3f
int64,sawtooth,boost::spinsort,1,10,20260912,0,1,,,,,,1,,windows-qpc-cycletime,1,,18,9,9,0,0,0,0,0,432,3,3,0,0,0,0,0,0,-,0,0,0,0,0,0,0,0,0,0,0,0,0,0,c0b09ddf1ee80aa8,6e3d0c2879af6d07
int64,sawtooth,boost::flat_stable_sort,1,10,20260912,0,1,,,,,,1,,windows-qpc-cycletime,1,,531,522,9,0,0,0,0,0,16848,131,131,0,8272,3,0,0,0,-,0,0,0,0,0,0,0,0,0,0,0,0,0,0,c0b09ddf1ee80aa8,7fa614023b08feac
int64,prefixed,brainsort,1,10,20260912,0,1,,,,,,1,,windows-qpc-cycletime,1,,38,30,29,0,0,0,0,12,1088,3,3,0,0,0,0,0,0,-,0,0,0,0,0,0,0,0,0,0,0,0,0,0,793ba3bc964687c0,d1c8b75a70f795f2
int64,prefixed,std::stable_sort,1,10,20260912,0,1,,,,,,1,,windows-qpc-cycletime,1,,83,32,35,0,0,0,0,16,1840,5,5,0,80,1,0,0,0,-,0,0,0,0,0,0,0,0,0,0,0,0,0,0,793ba3bc964687c0,a112bb90fcedeffa
int64,prefixed,gfx::timsort,1,10,20260912,0,1,,,,,,1,,windows-qpc-cycletime,1,,53,28,22,0,0,0,0,11,1296,3,3,0,0,0,0,0,0,-,0,0,0,0,0,0,0,0,0,0,0,0,0,0,793ba3bc964687c0,994bf21bfd6b697d
int64,prefixed,boost::spinsort,1,10,20260912,0,1,,,,,,1,,windows-qpc-cycletime,1,,59,30,29,0,0,0,0,12,1424,3,3,0,0,0,0,0,0,-,0,0,0,0,0,0,0,0,0,0,0,0,0,0,793ba3bc964687c0,82188540a276dba3
int64,prefixed,boost::flat_stable_sort,1,10,20260912,0,1,,,,,,1,,windows-qpc-cycletime,1,,572,543,29,0,0,0,0,12,17840,131,131,0,8272,3,0,0,0,-,0,0,0,0,0,0,0,0,0,0,0,0,0,0,793ba3bc964687c0,e64ff4f22a8aa3e8
string,random,brainsort,1,10,20260912,0,1,,,,,,1,,windows-qpc-cycletime,1,,28,21,19,0,0,0,40,9,824,5,5,0,0,0,0,0,0,-,0,0,0,0,0,0,0,0,0,0,0,0,0,0,5504c7f667961b4c,e5ca5b1ac17d49d9
string,random,std::stable_sort,1,10,20260912,0,1,,,,,,1,,windows-qpc-cycletime,1,,67,26,27,0,0,0,56,11,1544,7,7,0,80,1,0,0,0,-,0,0,0,0,0,0,0,0,0,0,0,0,0,0,5504c7f667961b4c,6d7593e6130e5e88
string,random,gfx::timsort,1,10,20260912,0,1,,,,,,1,,windows-qpc-cycletime,1,,45,21,22,0,0,0,46,11,1102,5,5,0,0,0,0,0,0,-,0,0,0,0,0,0,0,0,0,0,0,0,0,0,5504c7f667961b4c,9925c3470bc7c1d0
string,random,boost::spinsort,1,10,20260912,0,1,,,,,,1,,windows-qpc-cycletime,1,,40,21,19,0,0,0,40,9,1016,5,5,0,0,0,0,0,0,-,0,0,0,0,0,0,0,0,0,0,0,0,0,0,5504c7f667961b4c,0db26d0036b81cb5
string,random,boost::flat_stable_sort,1,10,20260912,0,1,,,,,,1,,windows-qpc-cycletime,1,,553,534,19,0,0,0,40,9,17432,133,133,0,8272,3,0,0,0,-,0,0,0,0,0,0,0,0,0,0,0,0,0,0,5504c7f667961b4c,8492482297a35f36
string,sorted,brainsort,1,10,20260912,0,1,,,,,,1,,windows-qpc-cycletime,1,,18,9,9,0,0,0,20,0,452,5,5,0,0,0,0,0,0,-,0,0,0,0,0,0,0,0,0,0,0,0,0,0,c0b09ddf1ee80aa8,fa1de424c68b851d
string,sorted,std::stable_sort,1,10,20260912,0,1,,,,,,1,,windows-qpc-cycletime,1,,52,18,21,0,0,0,44,0,1164,7,7,0,80,1,0,0,0,-,0,0,0,0,0,0,0,0,0,0,0,0,0,0,c0b09ddf1ee80aa8,96ce3039e4a68657
string,sorted,gfx::timsort,1,10,20260912,0,1,,,,,,1,,windows-qpc-cycletime,1,,18,0,9,0,0,0,20,0,308,5,5,0,0,0,0,0,0,-,0,0,0,0,0,0,0,0,0,0,0,0,0,0,c0b09ddf1ee80aa8,ec7575b6adc9f30d
string,sorted,boost::spinsort,1,10,20260912,0,1,,,,,,1,,windows-qpc-cycletime,1,,18,9,9,0,0,0,20,0,452,5,5,0,0,0,0,0,0,-,0,0,0,0,0,0,0,0,0,0,0,0,0,0,c0b09ddf1ee80aa8,fa1de424c68b851d
string,sorted,boost::flat_stable_sort,1,10,20260912,0,1,,,,,,1,,windows-qpc-cycletime,1,,531,522,9,0,0,0,20,0,16868,133,133,0,8272,3,0,0,0,-,0,0,0,0,0,0,0,0,0,0,0,0,0,0,c0b09ddf1ee80aa8,1859da88699f0c66
string,reverse,brainsort,1,10,20260912,0,1,,,,,,1,,windows-qpc-cycletime,1,,54,54,45,0,0,0,92,0,1820,5,5,0,0,0,0,0,0,-,0,0,0,0,0,0,0,0,0,0,0,0,0,0,784ead557b67f22a,41ac4b6c7415caa6
string,reverse,std::stable_sort,1,10,20260912,0,1,,,,,,1,,windows-qpc-cycletime,1,,69,43,13,0,0,0,28,0,1820,7,7,0,80,1,0,0,0,-,0,0,0,0,0,0,0,0,0,0,0,0,0,0,784ead557b67f22a,487d522cb31138af
string,reverse,gfx::timsort,1,10,20260912,0,1,,,,,,1,,windows-qpc-cycletime,1,,28,10,9,0,0,0,20,0,628,5,5,0,0,0,0,0,0,-,0,0,0,0,0,0,0,0,0,0,0,0,0,0,784ead557b67f22a,1f274e4ba4c74d04
string,reverse,boost::spinsort,1,10,20260912,0,1,,,,,,1,,windows-qpc-cycletime,1,,99,54,45,0,0,0,92,0,2540,5,5,0,0,0,0,0,0,-,0,0,0,0,0,0,0,0,0,0,0,0,0,0,784ead557b67f22a,48c7b46c09b0e071
string,reverse,boost::flat_stable_sort,1,10,20260912,0,1,,,,,,1,,windows-qpc-cycletime,1,,612,567,45,0,0,0,92,0,18956,133,133,0,8272,3,0,0,0,-,0,0,0,0,0,0,0,0,0,0,0,0,0,0,784ead557b67f22a,ac9fd41eb17d266a
string,nearly_sorted,brainsort,1,10,20260912,0,1,,,,,,1,,windows-qpc-cycletime,1,,29,20,20,0,0,0,42,12,826,5,5,0,0,0,0,0,0,-,0,0,0,0,0,0,0,0,0,0,0,0,0,0,01a13a37ff9988b0,0fb346d919586767
string,nearly_sorted,std::stable_sort,1,10,20260912,0,1,,,,,,1,,windows-qpc-cycletime,1,,68,26,26,0,0,0,54,12,1558,7,7,0,80,1,0,0,0,-,0,0,0,0,0,0,0,0,0,0,0,0,0,0,01a13a37ff9988b0,84658a732124cdc0
string,nearly_sorted,gfx::timsort,1,10,20260912,0,1,,,,,,1,,windows-qpc-cycletime,1,,44,19,23,0,0,0,48,12,1056,5,5,0,0,0,0,0,0,-,0,0,0,0,0,0,0,0,0,0,0,0,0,0,01a13a37ff9988b0,7d331a3831ce0e51
string,nearly_sorted,boost::spinsort,1,10,20260912,0,1,,,,,,1,,windows-qpc-cycletime,1,,40,20,20,0,0,0,42,12,1002,5,5,0,0,0,0,0,0,-,0,0,0,0,0,0,0,0,0,0,0,0,0,0,01a13a37ff9988b0,cdca4b53244d277c
string,nearly_sorted,boost::flat_stable_sort,1,10,20260912,0,1,,,,,,1,,windows-qpc-cycletime,1,,553,533,20,0,0,0,42,12,17418,133,133,0,8272,3,0,0,0,-,0,0,0,0,0,0,0,0,0,0,0,0,0,0,01a13a37ff9988b0,956cfb16db93ecff
string,few_unique,brainsort,1,10,20260912,0,1,,,,,,1,,windows-qpc-cycletime,1,,28,20,19,0,0,0,40,8,808,5,5,0,0,0,0,0,0,-,0,0,0,0,0,0,0,0,0,0,0,0,0,0,79a5b877979764ce,3ceb3ceceb42f98a
string,few_unique,std::stable_sort,1,10,20260912,0,1,,,,,,1,,windows-qpc-cycletime,1,,70,28,26,0,0,0,54,10,1622,7,7,0,80,1,0,0,0,-,0,0,0,0,0,0,0,0,0,0,0,0,0,0,79a5b877979764ce,dd9eb39d3f2a31cc
string,few_unique,gfx::timsort,1,10,20260912,0,1,,,,,,1,,windows-qpc-cycletime,1,,44,18,23,0,0,0,48,10,1040,5,5,0,0,0,0,0,0,-,0,0,0,0,0,0,0,0,0,0,0,0,0,0,79a5b877979764ce,2736533c10fb3659
string,few_unique,boost::spinsort,1,10,20260912,0,1,,,,,,1,,windows-qpc-cycletime,1,,39,20,19,0,0,0,40,8,984,5,5,0,0,0,0,0,0,-,0,0,0,0,0,0,0,0,0,0,0,0,0,0,79a5b877979764ce,944f2909934b5921
string,few_unique,boost::flat_stable_sort,1,10,20260912,0,1,,,,,,1,,windows-qpc-cycletime,1,,552,533,19,0,0,0,40,8,17400,133,133,0,8272,3,0,0,0,-,0,0,0,0,0,0,0,0,0,0,0,0,0,0,79a5b877979764ce,310acd7deda7fa6a
string,all_equal,brainsort,1,10,20260912,0,1,,,,,,1,,windows-qpc-cycletime,1,,18,9,9,0,0,0,234,0,666,6,6,0,0,0,0,0,0,-,0,0,0,0,0,0,0,0,0,0,0,0,0,0,c0b09ddf1ee80aa8,bf53ad56d445cfe5
string,all_equal,std::stable_sort,1,10,20260912,0,1,,,,,,1,,windows-qpc-cycletime,1,,52,18,21,0,0,0,546,0,1666,8,8,0,80,1,0,0,0,-,0,0,0,0,0,0,0,0,0,0,0,0,0,0,c0b09ddf1ee80aa8,038af942e1645a27
string,all_equal,gfx::timsort,1,10,20260912,0,1,,,,,,1,,windows-qpc-cycletime,1,,18,0,9,0,0,0,234,0,522,6,6,0,0,0,0,0,0,-,0,0,0,0,0,0,0,0,0,0,0,0,0,0,c0b09ddf1ee80aa8,251477d60954b1c5
string,all_equal,boost::spinsort,1,10,20260912,0,1,,,,,,1,,windows-qpc-cycletime,1,,18,9,9,0,0,0,234,0,666,6,6,0,0,0,0,0,0,-,0,0,0,0,0,0,0,0,0,0,0,0,0,0,c0b09ddf1ee80aa8,bf53ad56d445cfe5
string,all_equal,boost::flat_stable_sort,1,10,20260912,0,1,,,,,,1,,windows-qpc-cycletime,1,,531,522,9,0,0,0,234,0,17082,134,134,0,8272,3,0,0,0,-,0,0,0,0,0,0,0,0,0,0,0,0,0,0,c0b09ddf1ee80aa8,947b8dcbfc5ece0e
string,runs,brainsort,1,10,20260912,0,1,,,,,,1,,windows-qpc-cycletime,1,,18,9,9,0,0,0,222,0,654,6,6,0,0,0,0,0,0,-,0,0,0,0,0,0,0,0,0,0,0,0,0,0,c0b09ddf1ee80aa8,bf53ad56d445cfe5
string,runs,std::stable_sort,1,10,20260912,0,1,,,,,,1,,windows-qpc-cycletime,1,,52,18,21,0,0,0,508,0,1628,8,8,0,80,1,0,0,0,-,0,0,0,0,0,0,0,0,0,0,0,0,0,0,c0b09ddf1ee80aa8,038af942e1645a27
string,runs,gfx::timsort,1,10,20260912,0,1,,,,,,1,,windows-qpc-cycletime,1,,18,0,9,0,0,0,222,0,510,6,6,0,0,0,0,0,0,-,0,0,0,0,0,0,0,0,0,0,0,0,0,0,c0b09ddf1ee80aa8,251477d60954b1c5
string,runs,boost::spinsort,1,10,20260912,0,1,,,,,,1,,windows-qpc-cycletime,1,,18,9,9,0,0,0,222,0,654,6,6,0,0,0,0,0,0,-,0,0,0,0,0,0,0,0,0,0,0,0,0,0,c0b09ddf1ee80aa8,bf53ad56d445cfe5
string,runs,boost::flat_stable_sort,1,10,20260912,0,1,,,,,,1,,windows-qpc-cycletime,1,,531,522,9,0,0,0,222,0,17070,134,134,0,8272,3,0,0,0,-,0,0,0,0,0,0,0,0,0,0,0,0,0,0,c0b09ddf1ee80aa8,947b8dcbfc5ece0e
string,organ_pipe,brainsort,1,10,20260912,0,1,,,,,,1,,windows-qpc-cycletime,1,,34,25,25,0,0,0,630,8,1574,6,6,0,0,0,0,0,0,-,0,0,0,0,0,0,0,0,0,0,0,0,0,0,901f5df8c0caea74,dade42a6cd407bbd
string,organ_pipe,std::stable_sort,1,10,20260912,0,1,,,,,,1,,windows-qpc-cycletime,1,,67,31,20,0,0,0,512,8,2080,8,8,0,80,1,0,0,0,-,0,0,0,0,0,0,0,0,0,0,0,0,0,0,901f5df8c0caea74,87e9e7fa6f2d91cd
string,organ_pipe,gfx::timsort,1,10,20260912,0,1,,,,,,1,,windows-qpc-cycletime,1,,44,20,18,0,0,0,460,8,1484,6,6,0,0,0,0,0,0,-,0,0,0,0,0,0,0,0,0,0,0,0,0,0,901f5df8c0caea74,9d014443d8786879
string,organ_pipe,boost::spinsort,1,10,20260912,0,1,,,,,,1,,windows-qpc-cycletime,1,,50,25,25,0,0,0,630,8,1830,6,6,0,0,0,0,0,0,-,0,0,0,0,0,0,0,0,0,0,0,0,0,0,901f5df8c0caea74,06a6ce884d4a8535
string,organ_pipe,boost::flat_stable_sort,1,10,20260912,0,1,,,,,,1,,windows-qpc-cycletime,1,,563,538,25,0,0,0,630,8,18246,134,134,0,8272,3,0,0,0,-,0,0,0,0,0,0,0,0,0,0,0,0,0,0,901f5df8c0caea74,7d9734eb70145bbe
string,small_range,brainsort,1,10,20260912,0,1,,,,,,1,,windows-qpc-cycletime,1,,37,31,28,0,0,0,728,7,1816,6,6,0,0,0,0,0,0,-,0,0,0,0,0,0,0,0,0,0,0,0,0,0,fece0b07ed04e90e,ab25020d820c7eb4
string,small_range,std::stable_sort,1,10,20260912,0,1,,,,,,1,,windows-qpc-cycletime,1,,71,29,25,0,0,0,650,13,2250,8,8,0,80,1,0,0,0,-,0,0,0,0,0,0,0,0,0,0,0,0,0,0,fece0b07ed04e90e,e0d9013512f006a0
string,small_range,gfx::timsort,1,10,20260912,0,1,,,,,,1,,windows-qpc-cycletime,1,,57,31,24,0,0,0,624,8,2032,6,6,0,0,0,0,0,0,-,0,0,0,0,0,0,0,0,0,0,0,0,0,0,fece0b07ed04e90e,acf0690a587523b9
string,small_range,boost::spinsort,1,10,20260912,0,1,,,,,,1,,windows-qpc-cycletime,1,,59,31,28,0,0,0,728,7,2168,6,6,0,0,0,0,0,0,-,0,0,0,0,0,0,0,0,0,0,0,0,0,0,fece0b07ed04e90e,f431bacbe90ee0ac
string,small_range,boost::flat_stable_sort,1,10,20260912,0,1,,,,,,1,,windows-qpc-cycletime,1,,572,544,28,0,0,0,728,7,18584,134,134,0,8272,3,0,0,0,-,0,0,0,0,0,0,0,0,0,0,0,0,0,0,fece0b07ed04e90e,a0f80fd1fa5f4d4f
string,sawtooth,brainsort,1,10,20260912,0,1,,,,,,1,,windows-qpc-cycletime,1,,18,9,9,0,0,0,232,0,664,6,6,0,0,0,0,0,0,-,0,0,0,0,0,0,0,0,0,0,0,0,0,0,c0b09ddf1ee80aa8,bf53ad56d445cfe5
string,sawtooth,std::stable_sort,1,10,20260912,0,1,,,,,,1,,windows-qpc-cycletime,1,,52,18,21,0,0,0,534,0,1654,8,8,0,80,1,0,0,0,-,0,0,0,0,0,0,0,0,0,0,0,0,0,0,c0b09ddf1ee80aa8,038af942e1645a27
string,sawtooth,gfx::timsort,1,10,20260912,0,1,,,,,,1,,windows-qpc-cycletime,1,,18,0,9,0,0,0,232,0,520,6,6,0,0,0,0,0,0,-,0,0,0,0,0,0,0,0,0,0,0,0,0,0,c0b09ddf1ee80aa8,251477d60954b1c5
string,sawtooth,boost::spinsort,1,10,20260912,0,1,,,,,,1,,windows-qpc-cycletime,1,,18,9,9,0,0,0,232,0,664,6,6,0,0,0,0,0,0,-,0,0,0,0,0,0,0,0,0,0,0,0,0,0,c0b09ddf1ee80aa8,bf53ad56d445cfe5
string,sawtooth,boost::flat_stable_sort,1,10,20260912,0,1,,,,,,1,,windows-qpc-cycletime,1,,531,522,9,0,0,0,232,0,17080,134,134,0,8272,3,0,0,0,-,0,0,0,0,0,0,0,0,0,0,0,0,0,0,c0b09ddf1ee80aa8,947b8dcbfc5ece0e
string,prefixed,brainsort,1,10,20260912,0,1,,,,,,1,,windows-qpc-cycletime,1,,40,33,31,0,0,0,638,11,1806,6,6,0,0,0,0,0,0,-,0,0,0,0,0,0,0,0,0,0,0,0,0,0,84b8cf6b01596dd2,39780d716b108c23
string,prefixed,std::stable_sort,1,10,20260912,0,1,,,,,,1,,windows-qpc-cycletime,1,,70,32,22,0,0,0,454,12,2086,8,8,0,80,1,0,0,0,-,0,0,0,0,0,0,0,0,0,0,0,0,0,0,84b8cf6b01596dd2,39a786eb2facc0aa
string,prefixed,gfx::timsort,1,10,20260912,0,1,,,,,,1,,windows-qpc-cycletime,1,,59,33,24,0,0,0,496,13,1968,6,6,0,0,0,0,0,0,-,0,0,0,0,0,0,0,0,0,0,0,0,0,0,84b8cf6b01596dd2,726ec58994d3a5f0
string,prefixed,boost::spinsort,1,10,20260912,0,1,,,,,,1,,windows-qpc-cycletime,1,,64,33,31,0,0,0,638,11,2190,6,6,0,0,0,0,0,0,-,0,0,0,0,0,0,0,0,0,0,0,0,0,0,84b8cf6b01596dd2,cba152c2e11eef95
string,prefixed,boost::flat_stable_sort,1,10,20260912,0,1,,,,,,1,,windows-qpc-cycletime,1,,577,546,31,0,0,0,638,11,18606,134,134,0,8272,3,0,0,0,-,0,0,0,0,0,0,0,0,0,0,0,0,0,0,84b8cf6b01596dd2,a2a3d11ccfa3146e
int32,random,brainsort,1,100,20260912,0,1,,,,,,1,,windows-qpc-cycletime,1,,600,400,99,1824,2848,18688,0,64,26688,58,58,0,2880,4,1,0,0,radix,0,0,0,0,1,0,0,0,0,0,0,0,4,0,ddad5fc0a50f475f,95157c48973f36cf
int32,random,std::stable_sort,1,100,20260912,0,1,,,,,,1,,windows-qpc-cycletime,1,,1866,796,608,0,0,0,0,307,21296,20,20,0,400,1,0,0,0,-,0,0,0,0,0,0,0,0,0,0,0,0,0,0,ddad5fc0a50f475f,68e5fbdef30a0650
int32,random,gfx::timsort,1,100,20260912,0,1,,,,,,1,,windows-qpc-cycletime,1,,1976,1339,534,0,0,0,0,271,26520,20,20,0,432,3,0,0,0,-,0,0,0,0,0,0,0,0,0,0,0,0,0,0,ddad5fc0a50f475f,46f916c3876eb755
int32,random,boost::spinsort,1,100,20260912,0,1,,,,,,1,,windows-qpc-cycletime,1,,2023,944,881,0,0,0,0,251,23736,20,20,0,400,1,0,0,0,-,0,0,0,0,0,0,0,0,0,0,0,0,0,0,ddad5fc0a50f475f,72b0c3f0b9199a09
int32,random,boost::flat_stable_sort,1,100,20260912,0,1,,,,,,1,,windows-qpc-cycletime,1,,2992,1919,878,0,0,0,0,247,39288,141,141,0,8272,3,0,0,0,-,0,0,0,0,0,0,0,0,0,0,0,0,0,0,ddad5fc0a50f475f,0eb36a429cac4eb5
int32,sorted,brainsort,1,100,20260912,0,1,,,,,,1,,windows-qpc-cycletime,1,,100,0,99,0,0,0,0,0,800,13,13,0,0,0,1,0,0,sorted,1,0,0,0,0,0,0,0,0,0,0,0,0,0,5ca7581a242be567,0e2648daa4100d07
int32,sorted,std::stable_sort,1,100,20260912,0,1,,,,,,1,,windows-qpc-cycletime,1,,1272,584,386,0,0,0,0,0,14848,20,20,0,400,1,0,0,0,-,0,0,0,0,0,0,0,0,0,0,0,0,0,0,5ca7581a242be567,752543b6cc05e115
int32,sorted,gfx::timsort,1,100,20260912,0,1,,,,,,1,,windows-qpc-cycletime,1,,198,0,99,0,0,0,0,0,1584,13,13,0,16,1,0,0,0,-,0,0,0,0,0,0,0,0,0,0,0,0,0,0,5ca7581a242be567,bcca2f5e2610282f
int32,sorted,boost::spinsort,1,100,20260912,0,1,,,,,,1,,windows-qpc-cycletime,1,,198,0,99,0,0,0,0,0,1584,13,13,0,0,0,0,0,0,-,0,0,0,0,0,0,0,0,0,0,0,0,0,0,5ca7581a242be567,bcca2f5e2610282f
int32,sorted,boost::flat_stable_sort,1,100,20260912,0,1,,,,,,1,,windows-qpc-cycletime,1,,1617,1321,196,0,0,0,0,0,23504,141,141,0,8272,3,0,0,0,-,0,0,0,0,0,0,0,0,0,0,0,0,0,0,5ca7581a242be567,54c5747589fa9cfe
int32,reverse,brainsort,1,100,20260912,0,1,,,,,,1,,windows-qpc-cycletime,1,,200,100,99,0,0,0,0,0,2400,13,13,0,0,0,1,0,0,reverse,0,1,0,0,0,0,0,0,0,0,0,0,0,0,d9f7fc0466dafddf,081e75b45bc56db4
int32,reverse,std::stable_sort,1,100,20260912,0,1,,,,,,1,,windows-qpc-cycletime,1,,1460,928,266,0,0,0,0,0,19104,20,20,0,400,1,0,0,0,-,0,0,0,0,0,0,0,0,0,0,0,0,0,0,d9f7fc0466dafddf,b9b6cf580a27c3a7
int32,reverse,gfx::timsort,1,100,20260912,0,1,,,,,,1,,windows-qpc-cycletime,1,,298,100,99,0,0,0,0,0,3184,13,13,0,16,1,0,0,0,-,0,0,0,0,0,0,0,0,0,0,0,0,0,0,d9f7fc0466dafddf,6e6ee7498ccb720a
int32,reverse,boost::spinsort,1,100,20260912,0,1,,,,,,1,,windows-qpc-cycletime,1,,300,100,100,0,0,0,0,0,3200,13,13,0,0,0,0,0,0,-,0,0,0,0,0,0,0,0,0,0,0,0,0,0,d9f7fc0466dafddf,1c3fb01b6342bff3
int32,reverse,boost::flat_stable_sort,1,100,20260912,0,1,,,,,,1,,windows-qpc-cycletime,1,,3921,2521,1300,0,0,0,0,0,51536,141,141,0,8272,3,0,0,0,-,0,0,0,0,0,0,0,0,0,0,0,0,0,0,d9f7fc0466dafddf,ce355a6b99e65216
int32,nearly_sorted,brainsort,1,100,20260912,0,1,,,,,,1,,windows-qpc-cycletime,1,,303,201,258,0,0,0,0,8,4032,17,17,0,424,2,1,0,0,runs,0,0,1,0,0,0,0,0,0,0,0,0,0,0,ff7266dbd54f61bf,ee54bea15ac780b9
int32,nearly_sorted,std::stable_sort,1,100,20260912,0,1,,,,,,1,,windows-qpc-cycletime,1,,1437,634,445,0,0,0,0,22,16568,20,20,0,400,1,0,0,0,-,0,0,0,0,0,0,0,0,0,0,0,0,0,0,ff7266dbd54f61bf,1d439cfaa165ed67
int32,nearly_sorted,gfx::timsort,1,100,20260912,0,1,,,,,,1,,windows-qpc-cycletime,1,,524,169,252,0,0,0,0,50,5544,16,16,0,192,3,0,0,0,-,0,0,0,0,0,0,0,0,0,0,0,0,0,0,ff7266dbd54f61bf,2f645bb48389bec2
int32,nearly_sorted,boost::spinsort,1,100,20260912,0,1,,,,,,1,,windows-qpc-cycletime,1,,848,371,303,0,0,0,0,48,9752,20,20,0,400,1,0,0,0,-,0,0,0,0,0,0,0,0,0,0,0,0,0,0,ff7266dbd54f61bf,571c60f8c2d57bd0
int32,nearly_sorted,boost::flat_stable_sort,1,100,20260912,0,1,,,,,,1,,windows-qpc-cycletime,1,,1768,1355,271,0,0,0,0,46,24984,141,141,0,8272,3,0,0,0,-,0,0,0,0,0,0,0,0,0,0,0,0,0,0,ff7266dbd54f61bf,72951d87a32b46af
int32,few_unique,brainsort,1,100,20260912,0,1,,,,,,1,,windows-qpc-cycletime,1,,600,400,99,1824,2848,18688,0,62,26688,58,58,0,2880,4,1,0,0,radix,0,0,0,0,1,0,0,0,0,0,0,0,4,0,692731315dd027f3,3124482e179b182f
int32,few_unique,std::stable_sort,1,100,20260912,0,1,,,,,,1,,windows-qpc-cycletime,1,,1809,781,576,0,0,0,0,291,20720,20,20,0,400,1,0,0,0,-,0,0,0,0,0,0,0,0,0,0,0,0,0,0,692731315dd027f3,f31946c39d009da8
int32,few_unique,gfx::timsort,1,100,20260912,0,1,,,,,,1,,windows-qpc-cycletime,1,,2144,1505,536,0,0,0,0,255,29192,20,20,0,424,3,0,0,0,-,0,0,0,0,0,0,0,0,0,0,0,0,0,0,692731315dd027f3,88de3cbd287fee59
int32,few_unique,boost::spinsort,1,100,20260912,0,1,,,,,,1,,windows-qpc-cycletime,1,,2018,944,876,0,0,0,0,249,23696,20,20,0,400,1,0,0,0,-,0,0,0,0,0,0,0,0,0,0,0,0,0,0,692731315dd027f3,9958df23b5d0c910
int32,few_unique,boost::flat_stable_sort,1,100,20260912,0,1,,,,,,1,,windows-qpc-cycletime,1,,2987,1919,873,0,0,0,0,245,39248,141,141,0,8272,3,0,0,0,-,0,0,0,0,0,0,0,0,0,0,0,0,0,0,692731315dd027f3,5325f63804558122
int32,all_equal,brainsort,1,100,20260912,0,1,,,,,,1,,windows-qpc-cycletime,1,,100,0,99,0,0,0,0,0,800,13,13,0,0,0,1,0,0,sorted,1,0,0,0,0,0,0,0,0,0,0,0,0,0,5ca7581a242be567,0e2648daa4100d07
int32,all_equal,std::stable_sort,1,100,20260912,0,1,,,,,,1,,windows-qpc-cycletime,1,,1272,584,386,0,0,0,0,0,14848,20,20,0,400,1,0,0,0,-,0,0,0,0,0,0,0,0,0,0,0,0,0,0,5ca7581a242be567,752543b6cc05e115
int32,all_equal,gfx::timsort,1,100,20260912,0,1,,,,,,1,,windows-qpc-cycletime,1,,198,0,99,0,0,0,0,0,1584,13,13,0,16,1,0,0,0,-,0,0,0,0,0,0,0,0,0,0,0,0,0,0,5ca7581a242be567,bcca2f5e2610282f
int32,all_equal,boost::spinsort,1,100,20260912,0,1,,,,,,1,,windows-qpc-cycletime,1,,198,0,99,0,0,0,0,0,1584,13,13,0,0,0,0,0,0,-,0,0,0,0,0,0,0,0,0,0,0,0,0,0,5ca7581a242be567,bcca2f5e2610282f
int32,all_equal,boost::flat_stable_sort,1,100,20260912,0,1,,,,,,1,,windows-qpc-cycletime,1,,1617,1321,196,0,0,0,0,0,23504,141,141,0,8272,3,0,0,0,-,0,0,0,0,0,0,0,0,0,0,0,0,0,0,5ca7581a242be567,54c5747589fa9cfe
int32,runs,brainsort,1,100,20260912,0,1,,,,,,1,,windows-qpc-cycletime,1,,100,0,99,0,0,0,0,0,800,13,13,0,0,0,1,0,0,sorted,1,0,0,0,0,0,0,0,0,0,0,0,0,0,5ca7581a242be567,0e2648daa4100d07
int32,runs,std::stable_sort,1,100,20260912,0,1,,,,,,1,,windows-qpc-cycletime,1,,1272,584,386,0,0,0,0,0,14848,20,20,0,400,1,0,0,0,-,0,0,0,0,0,0,0,0,0,0,0,0,0,0,5ca7581a242be567,752543b6cc05e115
int32,runs,gfx::timsort,1,100,20260912,0,1,,,,,,1,,windows-qpc-cycletime,1,,198,0,99,0,0,0,0,0,1584,13,13,0,16,1,0,0,0,-,0,0,0,0,0,0,0,0,0,0,0,0,0,0,5ca7581a242be567,bcca2f5e2610282f
int32,runs,boost::spinsort,1,100,20260912,0,1,,,,,,1,,windows-qpc-cycletime,1,,198,0,99,0,0,0,0,0,1584,13,13,0,0,0,0,0,0,-,0,0,0,0,0,0,0,0,0,0,0,0,0,0,5ca7581a242be567,bcca2f5e2610282f
int32,runs,boost::flat_stable_sort,1,100,20260912,0,1,,,,,,1,,windows-qpc-cycletime,1,,1617,1321,196,0,0,0,0,0,23504,141,141,0,8272,3,0,0,0,-,0,0,0,0,0,0,0,0,0,0,0,0,0,0,5ca7581a242be567,54c5747589fa9cfe
int32,organ_pipe,brainsort,1,100,20260912,0,1,,,,,,1,,windows-qpc-cycletime,1,,296,195,197,0,0,0,0,98,3928,20,20,0,424,2,1,0,0,runs,0,0,1,0,0,0,0,0,0,0,0,0,0,0,0f8bf22b09ab4179,9eb44e684aa5df7f
int32,organ_pipe,std::stable_sort,1,100,20260912,0,1,,,,,,1,,windows-qpc-cycletime,1,,1485,779,374,0,0,0,0,98,18112,20,20,0,400,1,0,0,0,-,0,0,0,0,0,0,0,0,0,0,0,0,0,0,0f8bf22b09ab4179,3e43d08725991766
int32,organ_pipe,gfx::timsort,1,100,20260912,0,1,,,,,,1,,windows-qpc-cycletime,1,,593,195,199,0,0,0,0,98,6304,20,20,0,424,3,0,0,0,-,0,0,0,0,0,0,0,0,0,0,0,0,0,0,0f8bf22b09ab4179,748c464c5d9ea92b
int32,organ_pipe,boost::spinsort,1,100,20260912,0,1,,,,,,1,,windows-qpc-cycletime,1,,1992,944,848,0,0,0,0,100,23488,20,20,0,400,1,0,0,0,-,0,0,0,0,0,0,0,0,0,0,0,0,0,0,0f8bf22b09ab4179,5bdfe2291d30108d
int32,organ_pipe,boost::flat_stable_sort,1,100,20260912,0,1,,,,,,1,,windows-qpc-cycletime,1,,2865,1921,796,0,0,0,0,98,38288,141,141,0,8272,3,0,0,0,-,0,0,0,0,0,0,0,0,0,0,0,0,0,0,0f8bf22b09ab4179,d29e489a5b58d3a1
int32,small_range,brainsort,1,100,20260912,0,1,,,,,,1,,windows-qpc-cycletime,1,,400,200,99,204,208,1648,0,63,6448,27,27,0,848,4,1,0,0,radix,0,0,0,0,1,0,0,0,0,0,0,0,1,0,5aceeede6db274fb,0bb27ae50d0639dd
int32,small_range,std::stable_sort,1,100,20260912,0,1,,,,,,1,,windows-qpc-cycletime,1,,1739,750,558,0,0,0,0,167,19912,20,20,0,400,1,0,0,0,-,0,0,0,0,0,0,0,0,0,0,0,0,0,0,5aceeede6db274fb,dc1039670c1d821b
int32,small_range,gfx::timsort,1,100,20260912,0,1,,,,,,1,,windows-qpc-cycletime,1,,1736,1187,487,0,0,0,0,204,23384,18,18,0,312,3,0,0,0,-,0,0,0,0,0,0,0,0,0,0,0,0,0,0,5aceeede6db274fb,9d37b094e80cf474
int32,small_range,boost::spinsort,1,100,20260912,0,1,,,,,,1,,windows-qpc-cycletime,1,,1740,813,749,0,0,0,0,145,20424,20,20,0,400,1,0,0,0,-,0,0,0,0,0,0,0,0,0,0,0,0,0,0,5aceeede6db274fb,d1d9eb1900182c5e
int32,small_range,boost::flat_stable_sort,1,100,20260912,0,1,,,,,,1,,windows-qpc-cycletime,1,,2724,1803,746,0,0,0,0,143,36216,141,141,0,8272,3,0,0,0,-,0,0,0,0,0,0,0,0,0,0,0,0,0,0,5aceeede6db274fb,fa86cd2086176496
int32,sawtooth,brainsort,1,100,20260912,0,1,,,,,,1,,windows-qpc-cycletime,1,,100,0,99,0,0,0,0,0,800,13,13,0,0,0,1,0,0,sorted,1,0,0,0,0,0,0,0,0,0,0,0,0,0,5ca7581a242be567,0e2648daa4100d07
int32,sawtooth,std::stable_sort,1,100,20260912,0,1,,,,,,1,,windows-qpc-cycletime,1,,1272,584,386,0,0,0,0,0,14848,20,20,0,400,1,0,0,0,-,0,0,0,0,0,0,0,0,0,0,0,0,0,0,5ca7581a242be567,752543b6cc05e115
int32,sawtooth,gfx::timsort,1,100,20260912,0,1,,,,,,1,,windows-qpc-cycletime,1,,198,0,99,0,0,0,0,0,1584,13,13,0,16,1,0,0,0,-,0,0,0,0,0,0,0,0,0,0,0,0,0,0,5ca7581a242be567,bcca2f5e2610282f
int32,sawtooth,boost::spinsort,1,100,20260912,0,1,,,,,,1,,windows-qpc-cycletime,1,,198,0,99,0,0,0,0,0,1584,13,13,0,0,0,0,0,0,-,0,0,0,0,0,0,0,0,0,0,0,0,0,0,5ca7581a242be567,bcca2f5e2610282f
int32,sawtooth,boost::flat_stable_sort,1,100,20260912,0,1,,,,,,1,,windows-qpc-cycletime,1,,1617,1321,196,0,0,0,0,0,23504,141,141,0,8272,3,0,0,0,-,0,0,0,0,0,0,0,0,0,0,0,0,0,0,5ca7581a242be567,54c5747589fa9cfe
int32,prefixed,brainsort,1,100,20260912,0,1,,,,,,1,,windows-qpc-cycletime,1,,600,400,99,920,1304,8896,0,64,16896,42,42,0,1856,4,1,0,0,radix,0,0,0,0,1,0,0,0,0,0,0,0,3,0,a86dc7024ff26051,083942917356b289
int32,prefixed,std::stable_sort,1,100,20260912,0,1,,,,,,1,,windows-qpc-cycletime,1,,1810,785,576,0,0,0,0,286,20760,20,20,0,400,1,0,0,0,-,0,0,0,0,0,0,0,0,0,0,0,0,0,0,a86dc7024ff26051,6c2788778e740ba8
int32,prefixed,gfx::timsort,1,100,20260912,0,1,,,,,,1,,windows-qpc-cycletime,1,,2288,1654,530,0,0,0,0,273,31536,20,20,0,424,3,0,0,0,-,0,0,0,0,0,0,0,0,0,0,0,0,0,0,a86dc7024ff26051,ff2a412e3a0f0a97
int32,prefixed,boost::spinsort,1,100,20260912,0,1,,,,,,1,,windows-qpc-cycletime,1,,2199,1031,968,0,0,0,0,248,25840,20,20,0,400,1,0,0,0,-,0,0,0,0,0,0,0,0,0,0,0,0,0,0,a86dc7024ff26051,fd785c7a36457e56
int32,prefixed,boost::flat_stable_sort,1,100,20260912,0,1,,,,,,1,,windows-qpc-cycletime,1,,3167,2007,964,0,0,0,0,244,41392,141,141,0,8272,3,0,0,0,-,0,0,0,0,0,0,0,0,0,0,0,0,0,0,a86dc7024ff26051,e7fa64ec7e220739
int32,sparse_bits,brainsort,1,100,20260912,0,1,,,,,,1,,windows-qpc-cycletime,1,,400,200,99,456,712,4672,0,64,9472,42,42,0,1856,4,1,0,0,radix,0,0,0,0,1,0,0,0,0,0,0,0,1,0,721d357667af97b9,5008de72032da085
int32,sparse_bits,std::stable_sort,1,100,20260912,0,1,,,,,,1,,windows-qpc-cycletime,1,,1850,793,599,0,0,0,0,285,21144,20,20,0,400,1,0,0,0,-,0,0,0,0,0,0,0,0,0,0,0,0,0,0,721d357667af97b9,64945b0a2a6eaeec
int32,sparse_bits,gfx::timsort,1,100,20260912,0,1,,,,,,1,,windows-qpc-cycletime,1,,2143,1506,533,0,0,0,0,254,29192,20,20,0,424,3,0,0,0,-,0,0,0,0,0,0,0,0,0,0,0,0,0,0,721d357667af97b9,0eb99c908a15ea98
int32,sparse_bits,boost::spinsort,1,100,20260912,0,1,,,,,,1,,windows-qpc-cycletime,1,,2178,1021,958,0,0,0,0,251,25592,20,20,0,400,1,0,0,0,-,0,0,0,0,0,0,0,0,0,0,0,0,0,0,721d357667af97b9,619c20cc358a5542
int32,sparse_bits,boost::flat_stable_sort,1,100,20260912,0,1,,,,,,1,,windows-qpc-cycletime,1,,3145,1996,954,0,0,0,0,249,41128,141,141,0,8272,3,0,0,0,-,0,0,0,0,0,0,0,0,0,0,0,0,0,0,721d357667af97b9,6001a33ddc2b3dd0
double,random,brainsort,1,100,20260912,0,1,,,,,,1,,windows-qpc-cycletime,1,,1000,800,99,3648,5696,37376,0,67,66176,82,82,0,3680,4,1,0,0,radix,0,0,0,0,1,0,0,0,0,0,0,0,8,0,9c2d195df67b9b09,e0b07c0fe27ae6c0
double,random,std::stable_sort,1,100,20260912,0,1,,,,,,1,,windows-qpc-cycletime,1,,1819,780,587,0,0,0,0,290,41584,38,38,0,800,1,0,0,0,-,0,0,0,0,0,0,0,0,0,0,0,0,0,0,9c2d195df67b9b09,4003b29c5a67faa6
double,random,gfx::timsort,1,100,20260912,0,1,,,,,,1,,windows-qpc-cycletime,1,,2188,1561,527,0,0,0,0,264,59984,38,38,0,832,3,0,0,0,-,0,0,0,0,0,0,0,0,0,0,0,0,0,0,9c2d195df67b9b09,63a00ba08e5d5a9e
double,random,boost::spinsort,1,100,20260912,0,1,,,,,,1,,windows-qpc-cycletime,1,,1998,936,866,0,0,0,0,238,46944,38,38,0,800,1,0,0,0,-,0,0,0,0,0,0,0,0,0,0,0,0,0,0,9c2d195df67b9b09,4fc966360a84769c
double,random,boost::flat_stable_sort,1,100,20260912,0,1,,,,,,1,,windows-qpc-cycletime,1,,2453,1399,862,0,0,0,0,236,61632,153,153,0,8272,3,0,0,0,-,0,0,0,0,0,0,0,0,0,0,0,0,0,0,9c2d195df67b9b09,af087619e0df44e8
double,sorted,brainsort,1,100,20260912,0,1,,,,,,1,,windows-qpc-cycletime,1,,100,0,99,0,0,0,0,0,1600,25,25,0,0,0,1,0,0,sorted,1,0,0,0,0,0,0,0,0,0,0,0,0,0,5ca7581a242be567,5c2ec02ef7bc0d87
double,sorted,std::stable_sort,1,100,20260912,0,1,,,,,,1,,windows-qpc-cycletime,1,,1272,584,386,0,0,0,0,0,29696,38,38,0,800,1,0,0,0,-,0,0,0,0,0,0,0,0,0,0,0,0,0,0,5ca7581a242be567,1229876ff949edd5
double,sorted,gfx::timsort,1,100,20260912,0,1,,,,,,1,,windows-qpc-cycletime,1,,198,0,99,0,0,0,0,0,3168,25,25,0,16,1,0,0,0,-,0,0,0,0,0,0,0,0,0,0,0,0,0,0,5ca7581a242be567,af685cfd068d7eef
double,sorted,boost::spinsort,1,100,20260912,0,1,,,,,,1,,windows-qpc-cycletime,1,,198,0,99,0,0,0,0,0,3168,25,25,0,0,0,0,0,0,-,0,0,0,0,0,0,0,0,0,0,0,0,0,0,5ca7581a242be567,af685cfd068d7eef
double,sorted,boost::flat_stable_sort,1,100,20260912,0,1,,,,,,1,,windows-qpc-cycletime,1,,1105,809,196,0,0,0,0,0,30624,153,153,0,8272,3,0,0,0,-,0,0,0,0,0,0,0,0,0,0,0,0,0,0,5ca7581a242be567,8e25607b6701e6be
double,reverse,brainsort,1,100,20260912,0,1,,,,,,1,,windows-qpc-cycletime,1,,200,100,99,0,0,0,0,0,4800,25,25,0,0,0,1,0,0,reverse,0,1,0,0,0,0,0,0,0,0,0,0,0,0,d9f7fc0466dafddf,784d2e87d7c69a34
double,reverse,std::stable_sort,1,100,20260912,0,1,,,,,,1,,windows-qpc-cycletime,1,,1460,928,266,0,0,0,0,0,38208,38,38,0,800,1,0,0,0,-,0,0,0,0,0,0,0,0,0,0,0,0,0,0,d9f7fc0466dafddf,294447bc9e6cb867
double,reverse,gfx::timsort,1,100,20260912,0,1,,,,,,1,,windows-qpc-cycletime,1,,298,100,99,0,0,0,0,0,6368,25,25,0,16,1,0,0,0,-,0,0,0,0,0,0,0,0,0,0,0,0,0,0,d9f7fc0466dafddf,566d7fb6d129284a
double,reverse,boost::spinsort,1,100,20260912,0,1,,,,,,1,,windows-qpc-cycletime,1,,300,100,100,0,0,0,0,0,6400,25,25,0,0,0,0,0,0,-,0,0,0,0,0,0,0,0,0,0,0,0,0,0,d9f7fc0466dafddf,99c92a807de53cf3
double,reverse,boost::flat_stable_sort,1,100,20260912,0,1,,,,,,1,,windows-qpc-cycletime,1,,3409,2009,1300,0,0,0,0,0,86688,153,153,0,8272,3,0,0,0,-,0,0,0,0,0,0,0,0,0,0,0,0,0,0,d9f7fc0466dafddf,28fcd8c503e70e56
double,nearly_sorted,brainsort,1,100,20260912,0,1,,,,,,1,,windows-qpc-cycletime,1,,303,201,258,0,0,0,0,8,8064,33,33,0,832,2,1,0,0,runs,0,0,1,0,0,0,0,0,0,0,0,0,0,0,ff7266dbd54f61bf,be0d74629ff4f1f9
double,nearly_sorted,std::stable_sort,1,100,20260912,0,1,,,,,,1,,windows-qpc-cycletime,1,,1437,634,445,0,0,0,0,22,33136,38,38,0,800,1,0,0,0,-,0,0,0,0,0,0,0,0,0,0,0,0,0,0,ff7266dbd54f61bf,a3c58f638dee9b67
double,nearly_sorted,gfx::timsort,1,100,20260912,0,1,,,,,,1,,windows-qpc-cycletime,1,,524,169,252,0,0,0,0,50,11088,30,30,0,352,3,0,0,0,-,0,0,0,0,0,0,0,0,0,0,0,0,0,0,ff7266dbd54f61bf,a0cf36e9391c2642
double,nearly_sorted,boost::spinsort,1,100,20260912,0,1,,,,,,1,,windows-qpc-cycletime,1,,848,371,303,0,0,0,0,48,19504,38,38,0,800,1,0,0,0,-,0,0,0,0,0,0,0,0,0,0,0,0,0,0,ff7266dbd54f61bf,d7d45a3979c4f050
double,nearly_sorted,boost::flat_stable_sort,1,100,20260912,0,1,,,,,,1,,windows-qpc-cycletime,1,,1256,843,271,0,0,0,0,46,33584,153,153,0,8272,3,0,0,0,-,0,0,0,0,0,0,0,0,0,0,0,0,0,0,ff7266dbd54f61bf,4d44c6f52729852f
double,few_unique,brainsort,1,100,20260912,0,1,,,,,,1,,windows-qpc-cycletime,1,,1000,800,99,3648,5696,37376,0,65,66176,82,82,0,3680,4,1,0,0,radix,0,0,0,0,1,0,0,0,0,0,0,0,8,0,055a6df00055b73d,99bca8eef011161b
double,few_unique,std::stable_sort,1,100,20260912,0,1,,,,,,1,,windows-qpc-cycletime,1,,1815,769,597,0,0,0,0,295,41344,38,38,0,800,1,0,0,0,-,0,0,0,0,0,0,0,0,0,0,0,0,0,0,055a6df00055b73d,3bc759e2f9be94bf
double,few_unique,gfx::timsort,1,100,20260912,0,1,,,,,,1,,windows-qpc-cycletime,1,,2131,1503,525,0,0,0,0,257,58144,38,38,0,816,3,0,0,0,-,0,0,0,0,0,0,0,0,0,0,0,0,0,0,055a6df00055b73d,6321a307d23fca8d
double,few_unique,boost::spinsort,1,100,20260912,0,1,,,,,,1,,windows-qpc-cycletime,1,,2060,960,904,0,0,0,0,265,48320,38,38,0,800,1,0,0,0,-,0,0,0,0,0,0,0,0,0,0,0,0,0,0,055a6df00055b73d,7e256a0870e2a051
double,few_unique,boost::flat_stable_sort,1,100,20260912,0,1,,,,,,1,,windows-qpc-cycletime,1,,2517,1423,901,0,0,0,0,263,63040,153,153,0,8272,3,0,0,0,-,0,0,0,0,0,0,0,0,0,0,0,0,0,0,055a6df00055b73d,cd670ed874362575
double,all_equal,brainsort,1,100,20260912,0,1,,,,,,1,,windows-qpc-cycletime,1,,100,0,99,0,0,0,0,0,1600,25,25,0,0,0,1,0,0,sorted,1,0,0,0,0,0,0,0,0,0,0,0,0,0,5ca7581a242be567,5c2ec02ef7bc0d87
double,all_equal,std::stable_sort,1,100,20260912,0,1,,,,,,1,,windows-qpc-cycletime,1,,1272,584,386,0,0,0,0,0,29696,38,38,0,800,1,0,0,0,-,0,0,0,0,0,0,0,0,0,0,0,0,0,0,5ca7581a242be567,1229876ff949edd5
double,all_equal,gfx::timsort,1,100,20260912,0,1,,,,,,1,,windows-qpc-cycletime,1,,198,0,99,0,0,0,0,0,3168,25,25,0,16,1,0,0,0,-,0,0,0,0,0,0,0,0,0,0,0,0,0,0,5ca7581a242be567,af685cfd068d7eef
double,all_equal,boost::spinsort,1,100,20260912,0,1,,,,,,1,,windows-qpc-cycletime,1,,198,0,99,0,0,0,0,0,3168,25,25,0,0,0,0,0,0,-,0,0,0,0,0,0,0,0,0,0,0,0,0,0,5ca7581a242be567,af685cfd068d7eef
double,all_equal,boost::flat_stable_sort,1,100,20260912,0,1,,,,,,1,,windows-qpc-cycletime,1,,1105,809,196,0,0,0,0,0,30624,153,153,0,8272,3,0,0,0,-,0,0,0,0,0,0,0,0,0,0,0,0,0,0,5ca7581a242be567,8e25607b6701e6be
double,runs,brainsort,1,100,20260912,0,1,,,,,,1,,windows-qpc-cycletime,1,,100,0,99,0,0,0,0,0,1600,25,25,0,0,0,1,0,0,sorted,1,0,0,0,0,0,0,0,0,0,0,0,0,0,5ca7581a242be567,5c2ec02ef7bc0d87
double,runs,std::stable_sort,1,100,20260912,0,1,,,,,,1,,windows-qpc-cycletime,1,,1272,584,386,0,0,0,0,0,29696,38,38,0,800,1,0,0,0,-,0,0,0,0,0,0,0,0,0,0,0,0,0,0,5ca7581a242be567,1229876ff949edd5
double,runs,gfx::timsort,1,100,20260912,0,1,,,,,,1,,windows-qpc-cycletime,1,,198,0,99,0,0,0,0,0,3168,25,25,0,16,1,0,0,0,-,0,0,0,0,0,0,0,0,0,0,0,0,0,0,5ca7581a242be567,af685cfd068d7eef
double,runs,boost::spinsort,1,100,20260912,0,1,,,,,,1,,windows-qpc-cycletime,1,,198,0,99,0,0,0,0,0,3168,25,25,0,0,0,0,0,0,-,0,0,0,0,0,0,0,0,0,0,0,0,0,0,5ca7581a242be567,af685cfd068d7eef
double,runs,boost::flat_stable_sort,1,100,20260912,0,1,,,,,,1,,windows-qpc-cycletime,1,,1105,809,196,0,0,0,0,0,30624,153,153,0,8272,3,0,0,0,-,0,0,0,0,0,0,0,0,0,0,0,0,0,0,5ca7581a242be567,8e25607b6701e6be
double,organ_pipe,brainsort,1,100,20260912,0,1,,,,,,1,,windows-qpc-cycletime,1,,296,195,197,0,0,0,0,98,7856,38,38,0,832,2,1,0,0,runs,0,0,1,0,0,0,0,0,0,0,0,0,0,0,0f8bf22b09ab4179,d89456708bcb873f
double,organ_pipe,std::stable_sort,1,100,20260912,0,1,,,,,,1,,windows-qpc-cycletime,1,,1485,779,374,0,0,0,0,98,36224,38,38,0,800,1,0,0,0,-,0,0,0,0,0,0,0,0,0,0,0,0,0,0,0f8bf22b09ab4179,503acb584f63e626
double,organ_pipe,gfx::timsort,1,100,20260912,0,1,,,,,,1,,windows-qpc-cycletime,1,,593,195,199,0,0,0,0,98,12608,38,38,0,816,3,0,0,0,-,0,0,0,0,0,0,0,0,0,0,0,0,0,0,0f8bf22b09ab4179,1b24633516e8396b
double,organ_pipe,boost::spinsort,1,100,20260912,0,1,,,,,,1,,windows-qpc-cycletime,1,,1992,944,848,0,0,0,0,100,46976,38,38,0,800,1,0,0,0,-,0,0,0,0,0,0,0,0,0,0,0,0,0,0,0f8bf22b09ab4179,9196d9f9ee174ecd
double,organ_pipe,boost::flat_stable_sort,1,100,20260912,0,1,,,,,,1,,windows-qpc-cycletime,1,,2353,1409,796,0,0,0,0,98,60192,153,153,0,8272,3,0,0,0,-,0,0,0,0,0,0,0,0,0,0,0,0,0,0,0f8bf22b09ab4179,fc18da25eaf9fd61
double,small_range,brainsort,1,100,20260912,0,1,,,,,,1,,windows-qpc-cycletime,1,,400,200,99,496,624,4480,0,63,14080,58,58,0,2144,4,1,0,0,radix,0,0,0,0,1,0,0,0,0,0,0,0,2,0,5aceeede6db274fb,869aab091e2ccd47
double,small_range,std::stable_sort,1,100,20260912,0,1,,,,,,1,,windows-qpc-cycletime,1,,1739,750,558,0,0,0,0,167,39824,38,38,0,800,1,0,0,0,-,0,0,0,0,0,0,0,0,0,0,0,0,0,0,5aceeede6db274fb,8eae40c71c48199b
double,small_range,gfx::timsort,1,100,20260912,0,1,,,,,,1,,windows-qpc-cycletime,1,,1736,1187,487,0,0,0,0,204,46768,34,34,0,592,3,0,0,0,-,0,0,0,0,0,0,0,0,0,0,0,0,0,0,5aceeede6db274fb,306c040580e63934
double,small_range,boost::spinsort,1,100,20260912,0,1,,,,,,1,,windows-qpc-cycletime,1,,1740,813,749,0,0,0,0,145,40848,38,38,0,800,1,0,0,0,-,0,0,0,0,0,0,0,0,0,0,0,0,0,0,5aceeede6db274fb,6d5e032fd16c591e
double,small_range,boost::flat_stable_sort,1,100,20260912,0,1,,,,,,1,,windows-qpc-cycletime,1,,2212,1291,746,0,0,0,0,143,56048,153,153,0,8272,3,0,0,0,-,0,0,0,0,0,0,0,0,0,0,0,0,0,0,5aceeede6db274fb,d1590727e2a47196
double,sawtooth,brainsort,1,100,20260912,0,1,,,,,,1,,windows-qpc-cycletime,1,,100,0,99,0,0,0,0,0,1600,25,25,0,0,0,1,0,0,sorted,1,0,0,0,0,0,0,0,0,0,0,0,0,0,5ca7581a242be567,5c2ec02ef7bc0d87
double,sawtooth,std::stable_sort,1,100,20260912,0,1,,,,,,1,,windows-qpc-cycletime,1,,1272,584,386,0,0,0,0,0,29696,38,38,0,800,1,0,0,0,-,0,0,0,0,0,0,0,0,0,0,0,0,0,0,5ca7581a242be567,1229876ff949edd5
double,sawtooth,gfx::timsort,1,100,20260912,0,1,,,,,,1,,windows-qpc-cycletime,1,,198,0,99,0,0,0,0,0,3168,25,25,0,16,1,0,0,0,-,0,0,0,0,0,0,0,0,0,0,0,0,0,0,5ca7581a242be567,af685cfd068d7eef
double,sawtooth,boost::spinsort,1,100,20260912,0,1,,,,,,1,,windows-qpc-cycletime,1,,198,0,99,0,0,0,0,0,3168,25,25,0,0,0,0,0,0,-,0,0,0,0,0,0,0,0,0,0,0,0,0,0,5ca7581a242be567,af685cfd068d7eef
double,sawtooth,boost::flat_stable_sort,1,100,20260912,0,1,,,,,,1,,windows-qpc-cycletime,1,,1105,809,196,0,0,0,0,0,30624,153,153,0,8272,3,0,0,0,-,0,0,0,0,0,0,0,0,0,0,0,0,0,0,5ca7581a242be567,8e25607b6701e6be
double,prefixed,brainsort,1,100,20260912,0,1,,,,,,1,,windows-qpc-cycletime,1,,800,600,99,2352,3888,24960,0,67,47360,82,82,0,3680,4,1,0,0,radix,0,0,0,0,1,0,0,0,0,0,0,0,6,0,9c2d195df67b9b09,9921ff1b0fe9c548
double,prefixed,std::stable_sort,1,100,20260912,0,1,,,,,,1,,windows-qpc-cycletime,1,,1819,780,587,0,0,0,0,290,41584,38,38,0,800,1,0,0,0,-,0,0,0,0,0,0,0,0,0,0,0,0,0,0,9c2d195df67b9b09,4003b29c5a67faa6
double,prefixed,gfx::timsort,1,100,20260912,0,1,,,,,,1,,windows-qpc-cycletime,1,,2188,1561,527,0,0,0,0,264,59984,38,38,0,832,3,0,0,0,-,0,0,0,0,0,0,0,0,0,0,0,0,0,0,9c2d195df67b9b09,63a00ba08e5d5a9e
double,prefixed,boost::spinsort,1,100,20260912,0,1,,,,,,1,,windows-qpc-cycletime,1,,1998,936,866,0,0,0,0,238,46944,38,38,0,800,1,0,0,0,-,0,0,0,0,0,0,0,0,0,0,0,0,0,0,9c2d195df67b9b09,4fc966360a84769c
double,prefixed,boost::flat_stable_sort,1,100,20260912,0,1,,,,,,1,,windows-qpc-cycletime,1,,2453,1399,862,0,0,0,0,236,61632,153,153,0,8272,3,0,0,0,-,0,0,0,0,0,0,0,0,0,0,0,0,0,0,9c2d195df67b9b09,af087619e0df44e8
int64,random,brainsort,1,100,20260912,0,1,,,,,,1,,windows-qpc-cycletime,1,,1000,800,99,3648,5696,37376,0,64,66176,82,82,0,3680,4,1,0,0,radix,0,0,0,0,1,0,0,0,0,0,0,0,8,0,1afafd3ac1450ef9,38e464cd1e3cadd7
int64,random,std::stable_sort,1,100,20260912,0,1,,,,,,1,,windows-qpc-cycletime,1,,1842,803,586,0,0,0,0,298,42320,38,38,0,800,1,0,0,0,-,0,0,0,0,0,0,0,0,0,0,0,0,0,0,1afafd3ac1450ef9,c45052f555430e33
int64,random,gfx::timsort,1,100,20260912,0,1,,,,,,1,,windows-qpc-cycletime,1,,2114,1475,535,0,0,0,0,264,57424,38,38,0,816,3,0,0,0,-,0,0,0,0,0,0,0,0,0,0,0,0,0,0,1afafd3ac1450ef9,84e2fd48222e2b95
int64,random,boost::spinsort,1,100,20260912,0,1,,,,,,1,,windows-qpc-cycletime,1,,2037,951,890,0,0,0,0,246,47808,38,38,0,800,1,0,0,0,-,0,0,0,0,0,0,0,0,0,0,0,0,0,0,1afafd3ac1450ef9,bb9e9496f9ae4d4c
int64,random,boost::flat_stable_sort,1,100,20260912,0,1,,,,,,1,,windows-qpc-cycletime,1,,2495,1415,887,0,0,0,0,246,62560,153,153,0,8272,3,0,0,0,-,0,0,0,0,0,0,0,0,0,0,0,0,0,0,1afafd3ac1450ef9,a298620083a0d9cd
int64,sorted,brainsort,1,100,20260912,0,1,,,,,,1,,windows-qpc-cycletime,1,,100,0,99,0,0,0,0,0,1600,25,25,0,0,0,1,0,0,sorted,1,0,0,0,0,0,0,0,0,0,0,0,0,0,5ca7581a242be567,5c2ec02ef7bc0d87
int64,sorted,std::stable_sort,1,100,20260912,0,1,,,,,,1,,windows-qpc-cycletime,1,,1272,584,386,0,0,0,0,0,29696,38,38,0,800,1,0,0,0,-,0,0,0,0,0,0,0,0,0,0,0,0,0,0,5ca7581a242be567,1229876ff949edd5
int64,sorted,gfx::timsort,1,100,20260912,0,1,,,,,,1,,windows-qpc-cycletime,1,,198,0,99,0,0,0,0,0,3168,25,25,0,16,1,0,0,0,-,0,0,0,0,0,0,0,0,0,0,0,0,0,0,5ca7581a242be567,af685cfd068d7eef
int64,sorted,boost::spinsort,1,100,20260912,0,1,,,,,,1,,windows-qpc-cycletime,1,,198,0,99,0,0,0,0,0,3168,25,25,0,0,0,0,0,0,-,0,0,0,0,0,0,0,0,0,0,0,0,0,0,5ca7581a242be567,af685cfd068d7eef
int64,sorted,boost::flat_stable_sort,1,100,20260912,0,1,,,,,,1,,windows-qpc-cycletime,1,,1105,809,196,0,0,0,0,0,30624,153,153,0,8272,3,0,0,0,-,0,0,0,0,0,0,0,0,0,0,0,0,0,0,5ca7581a242be567,8e25607b6701e6be
int64,reverse,brainsort,1,100,20260912,0,1,,,,,,1,,windows-qpc-cycletime,1,,200,100,99,0,0,0,0,0,4800,25,25,0,0,0,1,0,0,reverse,0,1,0,0,0,0,0,0,0,0,0,0,0,0,d9f7fc0466dafddf,784d2e87d7c69a34
int64,reverse,std::stable_sort,1,100,20260912,0,1,,,,,,1,,windows-qpc-cycletime,1,,1460,928,266,0,0,0,0,0,38208,38,38,0,800,1,0,0,0,-,0,0,0,0,0,0,0,0,0,0,0,0,0,0,d9f7fc0466dafddf,294447bc9e6cb867
int64,reverse,gfx::timsort,1,100,20260912,0,1,,,,,,1,,windows-qpc-cycletime,1,,298,100,99,0,0,0,0,0,6368,25,25,0,16,1,0,0,0,-,0,0,0,0,0,0,0,0,0,0,0,0,0,0,d9f7fc0466dafddf,566d7fb6d129284a
int64,reverse,boost::spinsort,1,100,20260912,0,1,,,,,,1,,windows-qpc-cycletime,1,,300,100,100,0,0,0,0,0,6400,25,25,0,0,0,0,0,0,-,0,0,0,0,0,0,0,0,0,0,0,0,0,0,d9f7fc0466dafddf,99c92a807de53cf3
int64,reverse,boost::flat_stable_sort,1,100,20260912,0,1,,,,,,1,,windows-qpc-cycletime,1,,3409,2009,1300,0,0,0,0,0,86688,153,153,0,8272,3,0,0,0,-,0,0,0,0,0,0,0,0,0,0,0,0,0,0,d9f7fc0466dafddf,28fcd8c503e70e56
int64,nearly_sorted,brainsort,1,100,20260912,0,1,,,,,,1,,windows-qpc-cycletime,1,,303,201,258,0,0,0,0,8,8064,33,33,0,832,2,1,0,0,runs,0,0,1,0,0,0,0,0,0,0,0,0,0,0,ff7266dbd54f61bf,be0d74629ff4f1f9
int64,nearly_sorted,std::stable_sort,1,100,20260912,0,1,,,,,,1,,windows-qpc-cycletime,1,,1437,634,445,0,0,0,0,22,33136,38,38,0,800,1,0,0,0,-,0,0,0,0,0,0,0,0,0,0,0,0,0,0,ff7266dbd54f61bf,a3c58f638dee9b67
int64,nearly_sorted,gfx::timsort,1,100,20260912,0,1,,,,,,1,,windows-qpc-cycletime,1,,524,169,252,0,0,0,0,50,11088,30,30,0,352,3,0,0,0,-,0,0,0,0,0,0,0,0,0,0,0,0,0,0,ff7266dbd54f61bf,a0cf36e9391c2642
int64,nearly_sorted,boost::spinsort,1,100,20260912,0,1,,,,,,1,,windows-qpc-cycletime,1,,848,371,303,0,0,0,0,48,19504,38,38,0,800,1,0,0,0,-,0,0,0,0,0,0,0,0,0,0,0,0,0,0,ff7266dbd54f61bf,d7d45a3979c4f050
int64,nearly_sorted,boost::flat_stable_sort,1,100,20260912,0,1,,,,,,1,,windows-qpc-cycletime,1,,1256,843,271,0,0,0,0,46,33584,153,153,0,8272,3,0,0,0,-,0,0,0,0,0,0,0,0,0,0,0,0,0,0,ff7266dbd54f61bf,4d44c6f52729852f
int64,few_unique,brainsort,1,100,20260912,0,1,,,,,,1,,windows-qpc-cycletime,1,,1000,800,99,3648,5696,37376,0,66,66176,82,82,0,3680,4,1,0,0,radix,0,0,0,0,1,0,0,0,0,0,0,0,8,0,3feaacebc675ff91,9ad74a93cef251bc
int64,few_unique,std::stable_sort,1,100,20260912,0,1,,,,,,1,,windows-qpc-cycletime,1,,1809,759,603,0,0,0,0,288,41088,38,38,0,800,1,0,0,0,-,0,0,0,0,0,0,0,0,0,0,0,0,0,0,3feaacebc675ff91,9ab78a66c343afa8
int64,few_unique,gfx::timsort,1,100,20260912,0,1,,,,,,1,,windows-qpc-cycletime,1,,1988,1340,538,0,0,0,0,275,53248,37,37,0,768,3,0,0,0,-,0,0,0,0,0,0,0,0,0,0,0,0,0,0,3feaacebc675ff91,bcec989974218a43
int64,few_unique,boost::spinsort,1,100,20260912,0,1,,,,,,1,,windows-qpc-cycletime,1,,1859,856,804,0,0,0,0,264,43440,38,38,0,800,1,0,0,0,-,0,0,0,0,0,0,0,0,0,0,0,0,0,0,3feaacebc675ff91,6ae065eb9be445dc
int64,few_unique,boost::flat_stable_sort,1,100,20260912,0,1,,,,,,1,,windows-qpc-cycletime,1,,2316,1323,799,0,0,0,0,262,58224,153,153,0,8272,3,0,0,0,-,0,0,0,0,0,0,0,0,0,0,0,0,0,0,3feaacebc675ff91,ba028509a040f5e2
int64,all_equal,brainsort,1,100,20260912,0,1,,,,,,1,,windows-qpc-cycletime,1,,100,0,99,0,0,0,0,0,1600,25,25,0,0,0,1,0,0,sorted,1,0,0,0,0,0,0,0,0,0,0,0,0,0,5ca7581a242be567,5c2ec02ef7bc0d87
int64,all_equal,std::stable_sort,1,100,20260912,0,1,,,,,,1,,windows-qpc-cycletime,1,,1272,584,386,0,0,0,0,0,29696,38,38,0,800,1,0,0,0,-,0,0,0,0,0,0,0,0,0,0,0,0,0,0,5ca7581a242be567,1229876ff949edd5
int64,all_equal,gfx::timsort,1,100,20260912,0,1,,,,,,1,,windows-qpc-cycletime,1,,198,0,99,0,0,0,0,0,3168,25,25,0,16,1,0,0,0,-,0,0,0,0,0,0,0,0,0,0,0,0,0,0,5ca7581a242be567,af685cfd068d7eef
int64,all_equal,boost::spinsort,1,100,20260912,0,1,,,,,,1,,windows-qpc-cycletime,1,,198,0,99,0,0,0,0,0,3168,25,25,0,0,0,0,0,0,-,0,0,0,0,0,0,0,0,0,0,0,0,0,0,5ca7581a242be567,af685cfd068d7eef
int64,all_equal,boost::flat_stable_sort,1,100,20260912,0,1,,,,,,1,,windows-qpc-cycletime,1,,1105,809,196,0,0,0,0,0,30624,153,153,0,8272,3,0,0,0,-,0,0,0,0,0,0,0,0,0,0,0,0,0,0,5ca7581a242be567,8e25607b6701e6be
int64,runs,brainsort,1,100,20260912,0,1,,,,,,1,,windows-qpc-cycletime,1,,100,0,99,0,0,0,0,0,1600,25,25,0,0,0,1,0,0,sorted,1,0,0,0,0,0,0,0,0,0,0,0,0,0,5ca7581a242be567,5c2ec02ef7bc0d87
int64,runs,std::stable_sort,1,100,20260912,0,1,,,,,,1,,windows-qpc-cycletime,1,,1272,584,386,0,0,0,0,0,29696,38,38,0,800,1,0,0,0,-,0,0,0,0,0,0,0,0,0,0,0,0,0,0,5ca7581a242be567,1229876ff949edd5
int64,runs,gfx::timsort,1,100,20260912,0,1,,,,,,1,,windows-qpc-cycletime,1,,198,0,99,0,0,0,0,0,3168,25,25,0,16,1,0,0,0,-,0,0,0,0,0,0,0,0,0,0,0,0,0,0,5ca7581a242be567,af685cfd068d7eef
int64,runs,boost::spinsort,1,100,20260912,0,1,,,,,,1,,windows-qpc-cycletime,1,,198,0,99,0,0,0,0,0,3168,25,25,0,0,0,0,0,0,-,0,0,0,0,0,0,0,0,0,0,0,0,0,0,5ca7581a242be567,af685cfd068d7eef
int64,runs,boost::flat_stable_sort,1,100,20260912,0,1,,,,,,1,,windows-qpc-cycletime,1,,1105,809,196,0,0,0,0,0,30624,153,153,0,8272,3,0,0,0,-,0,0,0,0,0,0,0,0,0,0,0,0,0,0,5ca7581a242be567,8e25607b6701e6be
int64,organ_pipe,brainsort,1,100,20260912,0,1,,,,,,1,,windows-qpc-cycletime,1,,296,195,197,0,0,0,0,98,7856,38,38,0,832,2,1,0,0,runs,0,0,1,0,0,0,0,0,0,0,0,0,0,0,0f8bf22b09ab4179,d89456708bcb873f
int64,organ_pipe,std::stable_sort,1,100,20260912,0,1,,,,,,1,,windows-qpc-cycletime,1,,1485,779,374,0,0,0,0,98,36224,38,38,0,800,1,0,0,0,-,0,0,0,0,0,0,0,0,0,0,0,0,0,0,0f8bf22b09ab4179,503acb584f63e626
int64,organ_pipe,gfx::timsort,1,100,20260912,0,1,,,,,,1,,windows-qpc-cycletime,1,,593,195,199,0,0,0,0,98,12608,38,38,0,816,3,0,0,0,-,0,0,0,0,0,0,0,0,0,0,0,0,0,0,0f8bf22b09ab4179,1b24633516e8396b
int64,organ_pipe,boost::spinsort,1,100,20260912,0,1,,,,,,1,,windows-qpc-cycletime,1,,1992,944,848,0,0,0,0,100,46976,38,38,0,800,1,0,0,0,-,0,0,0,0,0,0,0,0,0,0,0,0,0,0,0f8bf22b09ab4179,9196d9f9ee174ecd
int64,organ_pipe,boost::flat_stable_sort,1,100,20260912,0,1,,,,,,1,,windows-qpc-cycletime,1,,2353,1409,796,0,0,0,0,98,60192,153,153,0,8272,3,0,0,0,-,0,0,0,0,0,0,0,0,0,0,0,0,0,0,0f8bf22b09ab4179,fc18da25eaf9fd61
int64,small_range,brainsort,1,100,20260912,0,1,,,,,,1,,windows-qpc-cycletime,1,,400,200,99,204,208,1648,0,63,11248,51,51,0,1648,4,1,0,0,radix,0,0,0,0,1,0,0,0,0,0,0,0,1,0,5aceeede6db274fb,377ae92b1ff7b55d
int64,small_range,std::stable_sort,1,100,20260912,0,1,,,,,,1,,windows-qpc-cycletime,1,,1739,750,558,0,0,0,0,167,39824,38,38,0,800,1,0,0,0,-,0,0,0,0,0,0,0,0,0,0,0,0,0,0,5aceeede6db274fb,8eae40c71c48199b
int64,small_range,gfx::timsort,1,100,20260912,0,1,,,,,,1,,windows-qpc-cycletime,1,,1736,1187,487,0,0,0,0,204,46768,34,34,0,592,3,0,0,0,-,0,0,0,0,0,0,0,0,0,0,0,0,0,0,5aceeede6db274fb,306c040580e63934
int64,small_range,boost::spinsort,1,100,20260912,0,1,,,,,,1,,windows-qpc-cycletime,1,,1740,813,749,0,0,0,0,145,40848,38,38,0,800,1,0,0,0,-,0,0,0,0,0,0,0,0,0,0,0,0,0,0,5aceeede6db274fb,6d5e032fd16c591e
int64,small_range,boost::flat_stable_sort,1,100,20260912,0,1,,,,,,1,,windows-qpc-cycletime,1,,2212,1291,746,0,0,0,0,143,56048,153,153,0,8272,3,0,0,0,-,0,0,0,0,0,0,0,0,0,0,0,0,0,0,5aceeede6db274fb,d1590727e2a47196
int64,sawtooth,brainsort,1,100,20260912,0,1,,,,,,1,,windows-qpc-cycletime,1,,100,0,99,0,0,0,0,0,1600,25,25,0,0,0,1,0,0,sorted,1,0,0,0,0,0,0,0,0,0,0,0,0,0,5ca7581a242be567,5c2ec02ef7bc0d87
int64,sawtooth,std::stable_sort,1,100,20260912,0,1,,,,,,1,,windows-qpc-cycletime,1,,1272,584,386,0,0,0,0,0,29696,38,38,0,800,1,0,0,0,-,0,0,0,0,0,0,0,0,0,0,0,0,0,0,5ca7581a242be567,1229876ff949edd5
int64,sawtooth,gfx::timsort,1,100,20260912,0,1,,,,,,1,,windows-qpc-cycletime,1,,198,0,99,0,0,0,0,0,3168,25,25,0,16,1,0,0,0,-,0,0,0,0,0,0,0,0,0,0,0,0,0,0,5ca7581a242be567,af685cfd068d7eef
int64,sawtooth,boost::spinsort,1,100,20260912,0,1,,,,,,1,,windows-qpc-cycletime,1,,198,0,99,0,0,0,0,0,3168,25,25,0,0,0,0,0,0,-,0,0,0,0,0,0,0,0,0,0,0,0,0,0,5ca7581a242be567,af685cfd068d7eef
int64,sawtooth,boost::flat_stable_sort,1,100,20260912,0,1,,,,,,1,,windows-qpc-cycletime,1,,1105,809,196,0,0,0,0,0,30624,153,153,0,8272,3,0,0,0,-,0,0,0,0,0,0,0,0,0,0,0,0,0,0,5ca7581a242be567,8e25607b6701e6be
int64,prefixed,brainsort,1,100,20260912,0,1,,,,,,1,,windows-qpc-cycletime,1,,600,400,99,920,1304,8896,0,64,24896,66,66,0,2656,4,1,0,0,radix,0,0,0,0,1,0,0,0,0,0,0,0,3,0,a86dc7024ff26051,b75dbb3c1d4d3309
int64,prefixed,std::stable_sort,1,100,20260912,0,1,,,,,,1,,windows-qpc-cycletime,1,,1810,785,576,0,0,0,0,286,41520,38,38,0,800,1,0,0,0,-,0,0,0,0,0,0,0,0,0,0,0,0,0,0,a86dc7024ff26051,7db55d23e6564768
int64,prefixed,gfx::timsort,1,100,20260912,0,1,,,,,,1,,windows-qpc-cycletime,1,,2288,1654,530,0,0,0,0,273,63072,38,38,0,816,3,0,0,0,-,0,0,0,0,0,0,0,0,0,0,0,0,0,0,a86dc7024ff26051,2101283bca3c2097
int64,prefixed,boost::spinsort,1,100,20260912,0,1,,,,,,1,,windows-qpc-cycletime,1,,2199,1031,968,0,0,0,0,248,51680,38,38,0,800,1,0,0,0,-,0,0,0,0,0,0,0,0,0,0,0,0,0,0,a86dc7024ff26051,6a2f5c830a968856
int64,prefixed,boost::flat_stable_sort,1,100,20260912,0,1,,,,,,1,,windows-qpc-cycletime,1,,2655,1495,964,0,0,0,0,244,66400,153,153,0,8272,3,0,0,0,-,0,0,0,0,0,0,0,0,0,0,0,0,0,0,a86dc7024ff26051,9fb04a346fd4e539
string,random,brainsort,1,100,20260912,0,1,,,,,,1,,windows-qpc-cycletime,1,,1099,600,99,2480,4016,25984,6830,63,59998,94,94,0,3680,4,1,0,0,radix,0,0,0,0,1,0,0,0,0,0,0,0,6,0,31d6cc0d1712f10f,2c30dc704ecec304
string,random,std::stable_sort,1,100,20260912,0,1,,,,,,1,,windows-qpc-cycletime,1,,1807,782,577,0,0,0,1446,294,42870,50,50,0,800,1,0,0,0,-,0,0,0,0,0,0,0,0,0,0,0,0,0,0,31d6cc0d1712f10f,df720b715f1d0e20
string,random,gfx::timsort,1,100,20260912,0,1,,,,,,1,,windows-qpc-cycletime,1,,2142,1504,535,0,0,0,1350,267,59686,50,50,0,816,3,0,0,0,-,0,0,0,0,0,0,0,0,0,0,0,0,0,0,31d6cc0d1712f10f,9505d12c8a0e35ee
string,random,boost::spinsort,1,100,20260912,0,1,,,,,,1,,windows-qpc-cycletime,1,,2144,1003,941,0,0,0,2176,252,52528,50,50,0,800,1,0,0,0,-,0,0,0,0,0,0,0,0,0,0,0,0,0,0,31d6cc0d1712f10f,0a288bc00c2857bf
string,random,boost::flat_stable_sort,1,100,20260912,0,1,,,,,,1,,windows-qpc-cycletime,1,,2601,1466,938,0,0,0,2170,248,67242,165,165,0,8272,3,0,0,0,-,0,0,0,0,0,0,0,0,0,0,0,0,0,0,31d6cc0d1712f10f,ebadde07c4962342
string,sorted,brainsort,1,100,20260912,0,1,,,,,,1,,windows-qpc-cycletime,1,,100,0,99,0,0,0,368,0,1968,37,37,0,0,0,1,0,0,sorted,1,0,0,0,0,0,0,0,0,0,0,0,0,0,5ca7581a242be567,0aa73b20285974ea
string,sorted,std::stable_sort,1,100,20260912,0,1,,,,,,1,,windows-qpc-cycletime,1,,1272,584,386,0,0,0,1032,0,30728,50,50,0,800,1,0,0,0,-,0,0,0,0,0,0,0,0,0,0,0,0,0,0,5ca7581a242be567,39c2c402a64746dd
string,sorted,gfx::timsort,1,100,20260912,0,1,,,,,,1,,windows-qpc-cycletime,1,,198,0,99,0,0,0,360,0,3528,37,37,0,16,1,0,0,0,-,0,0,0,0,0,0,0,0,0,0,0,0,0,0,5ca7581a242be567,6a2e13119534d415
string,sorted,boost::spinsort,1,100,20260912,0,1,,,,,,1,,windows-qpc-cycletime,1,,198,0,99,0,0,0,360,0,3528,37,37,0,0,0,0,0,0,-,0,0,0,0,0,0,0,0,0,0,0,0,0,0,5ca7581a242be567,6a2e13119534d415
string,sorted,boost::flat_stable_sort,1,100,20260912,0,1,,,,,,1,,windows-qpc-cycletime,1,,1105,809,196,0,0,0,574,0,31198,165,165,0,8272,3,0,0,0,-,0,0,0,0,0,0,0,0,0,0,0,0,0,0,5ca7581a242be567,2f0bd421a284f7e6
string,reverse,brainsort,1,100,20260912,0,1,,,,,,1,,windows-qpc-cycletime,1,,200,100,99,0,0,0,365,0,5165,37,37,0,0,0,1,0,0,reverse,0,1,0,0,0,0,0,0,0,0,0,0,0,0,d9f7fc0466dafddf,4e6e2e4781a944f9
string,reverse,std::stable_sort,1,100,20260912,0,1,,,,,,1,,windows-qpc-cycletime,1,,1460,928,266,0,0,0,722,0,38930,50,50,0,800,1,0,0,0,-,0,0,0,0,0,0,0,0,0,0,0,0,0,0,d9f7fc0466dafddf,b95400723edffa7b
string,reverse,gfx::timsort,1,100,20260912,0,1,,,,,,1,,windows-qpc-cycletime,1,,298,100,99,0,0,0,360,0,6728,37,37,0,16,1,0,0,0,-,0,0,0,0,0,0,0,0,0,0,0,0,0,0,d9f7fc0466dafddf,1b1ef03bdd186bc4
string,reverse,boost::spinsort,1,100,20260912,0,1,,,,,,1,,windows-qpc-cycletime,1,,300,100,100,0,0,0,364,0,6764,37,37,0,0,0,0,0,0,-,0,0,0,0,0,0,0,0,0,0,0,0,0,0,d9f7fc0466dafddf,501d61eb59d01203
string,reverse,boost::flat_stable_sort,1,100,20260912,0,1,,,,,,1,,windows-qpc-cycletime,1,,3409,2009,1300,0,0,0,2972,0,89660,165,165,0,8272,3,0,0,0,-,0,0,0,0,0,0,0,0,0,0,0,0,0,0,d9f7fc0466dafddf,acf82cdc943189e6
string,nearly_sorted,brainsort,1,100,20260912,0,1,,,,,,1,,windows-qpc-cycletime,1,,192,90,145,0,0,0,474,8,4986,45,45,0,832,2,1,0,0,runs,0,0,1,0,0,0,0,0,0,0,0,0,0,0,52e6e5debbcd28d5,f51b350afb868abc
string,nearly_sorted,std::stable_sort,1,100,20260912,0,1,,,,,,1,,windows-qpc-cycletime,1,,1299,589,397,0,0,0,1054,10,31262,50,50,0,800,1,0,0,0,-,0,0,0,0,0,0,0,0,0,0,0,0,0,0,52e6e5debbcd28d5,765ddd051b1d01c6
string,nearly_sorted,gfx::timsort,1,100,20260912,0,1,,,,,,1,,windows-qpc-cycletime,1,,360,55,226,0,0,0,668,30,7308,37,37,0,48,2,0,0,0,-,0,0,0,0,0,0,0,0,0,0,0,0,0,0,52e6e5debbcd28d5,b2ea528ef3407643
string,nearly_sorted,boost::spinsort,1,100,20260912,0,1,,,,,,1,,windows-qpc-cycletime,1,,673,308,236,0,0,0,686,18,16382,50,50,0,800,1,0,0,0,-,0,0,0,0,0,0,0,0,0,0,0,0,0,0,52e6e5debbcd28d5,09a2965271acfc6b
string,nearly_sorted,boost::flat_stable_sort,1,100,20260912,0,1,,,,,,1,,windows-qpc-cycletime,1,,1144,821,215,0,0,0,614,16,32054,165,165,0,8272,3,0,0,0,-,0,0,0,0,0,0,0,0,0,0,0,0,0,0,52e6e5debbcd28d5,bd1e77edfd7ad46d
string,few_unique,brainsort,1,100,20260912,0,1,,,,,,1,,windows-qpc-cycletime,1,,1106,621,120,2480,4016,25984,6902,64,60518,94,94,0,3680,4,2,0,0,radix,0,0,0,0,1,0,0,0,0,0,0,0,6,0,3ffa74371191bc55,65ace9cb1441f09f
string,few_unique,std::stable_sort,1,100,20260912,0,1,,,,,,1,,windows-qpc-cycletime,1,,1832,774,611,0,0,0,1944,289,43640,50,50,0,800,1,0,0,0,-,0,0,0,0,0,0,0,0,0,0,0,0,0,0,3ffa74371191bc55,4663ccee0beae84a
string,few_unique,gfx::timsort,1,100,20260912,0,1,,,,,,1,,windows-qpc-cycletime,1,,2165,1533,529,0,0,0,1778,263,60946,50,50,0,816,3,0,0,0,-,0,0,0,0,0,0,0,0,0,0,0,0,0,0,3ffa74371191bc55,d859e2eb84833edf
string,few_unique,boost::spinsort,1,100,20260912,0,1,,,,,,1,,windows-qpc-cycletime,1,,2104,983,923,0,0,0,2552,237,51944,50,50,0,800,1,0,0,0,-,0,0,0,0,0,0,0,0,0,0,0,0,0,0,3ffa74371191bc55,668b6e8d90d4d8a6
string,few_unique,boost::flat_stable_sort,1,100,20260912,0,1,,,,,,1,,windows-qpc-cycletime,1,,2559,1446,919,0,0,0,2544,235,66624,165,165,0,8272,3,0,0,0,-,0,0,0,0,0,0,0,0,0,0,0,0,0,0,3ffa74371191bc55,c4d60eb233e8fcae
string,all_equal,brainsort,1,100,20260912,0,1,,,,,,1,,windows-qpc-cycletime,1,,100,0,99,0,0,0,2582,0,4182,46,46,0,0,0,1,0,0,sorted,1,0,0,0,0,0,0,0,0,0,0,0,0,0,5ca7581a242be567,daf92d0550148fba
string,all_equal,std::stable_sort,1,100,20260912,0,1,,,,,,1,,windows-qpc-cycletime,1,,1272,584,386,0,0,0,10036,0,39732,59,59,0,800,1,0,0,0,-,0,0,0,0,0,0,0,0,0,0,0,0,0,0,5ca7581a242be567,24e4b32da8169ae5
string,all_equal,gfx::timsort,1,100,20260912,0,1,,,,,,1,,windows-qpc-cycletime,1,,198,0,99,0,0,0,2574,0,5742,46,46,0,16,1,0,0,0,-,0,0,0,0,0,0,0,0,0,0,0,0,0,0,5ca7581a242be567,fca803894cd78885
string,all_equal,boost::spinsort,1,100,20260912,0,1,,,,,,1,,windows-qpc-cycletime,1,,198,0,99,0,0,0,2574,0,5742,46,46,0,0,0,0,0,0,-,0,0,0,0,0,0,0,0,0,0,0,0,0,0,5ca7581a242be567,fca803894cd78885
string,all_equal,boost::flat_stable_sort,1,100,20260912,0,1,,,,,,1,,windows-qpc-cycletime,1,,1105,809,196,0,0,0,5096,0,35720,174,174,0,8272,3,0,0,0,-,0,0,0,0,0,0,0,0,0,0,0,0,0,0,5ca7581a242be567,88504e5c689a8e8e
string,runs,brainsort,1,100,20260912,0,1,,,,,,1,,windows-qpc-cycletime,1,,100,0,99,0,0,0,2472,0,4072,46,46,0,0,0,1,0,0,sorted,1,0,0,0,0,0,0,0,0,0,0,0,0,0,5ca7581a242be567,daf92d0550148fba
string,runs,std::stable_sort,1,100,20260912,0,1,,,,,,1,,windows-qpc-cycletime,1,,1272,584,386,0,0,0,9012,0,38708,59,59,0,800,1,0,0,0,-,0,0,0,0,0,0,0,0,0,0,0,0,0,0,5ca7581a242be567,24e4b32da8169ae5
string,runs,gfx::timsort,1,100,20260912,0,1,,,,,,1,,windows-qpc-cycletime,1,,198,0,99,0,0,0,2464,0,5632,46,46,0,16,1,0,0,0,-,0,0,0,0,0,0,0,0,0,0,0,0,0,0,5ca7581a242be567,fca803894cd78885
string,runs,boost::spinsort,1,100,20260912,0,1,,,,,,1,,windows-qpc-cycletime,1,,198,0,99,0,0,0,2464,0,5632,46,46,0,0,0,0,0,0,-,0,0,0,0,0,0,0,0,0,0,0,0,0,0,5ca7581a242be567,fca803894cd78885
string,runs,boost::flat_stable_sort,1,100,20260912,0,1,,,,,,1,,windows-qpc-cycletime,1,,1105,809,196,0,0,0,4602,0,35226,174,174,0,8272,3,0,0,0,-,0,0,0,0,0,0,0,0,0,0,0,0,0,0,5ca7581a242be567,88504e5c689a8e8e
string,organ_pipe,brainsort,1,100,20260912,0,1,,,,,,1,,windows-qpc-cycletime,1,,296,195,197,0,0,0,5094,98,12950,59,59,0,832,2,1,0,0,runs,0,0,1,0,0,0,0,0,0,0,0,0,0,0,0f8bf22b09ab4179,66570618c8efac8c
string,organ_pipe,std::stable_sort,1,100,20260912,0,1,,,,,,1,,windows-qpc-cycletime,1,,1485,779,374,0,0,0,9414,98,45638,59,59,0,800,1,0,0,0,-,0,0,0,0,0,0,0,0,0,0,0,0,0,0,0f8bf22b09ab4179,8dc0207139cbd266
string,organ_pipe,gfx::timsort,1,100,20260912,0,1,,,,,,1,,windows-qpc-cycletime,1,,593,195,199,0,0,0,5138,98,17746,59,59,0,816,3,0,0,0,-,0,0,0,0,0,0,0,0,0,0,0,0,0,0,0f8bf22b09ab4179,39bdf2703cafa7f1
string,organ_pipe,boost::spinsort,1,100,20260912,0,1,,,,,,1,,windows-qpc-cycletime,1,,1992,944,848,0,0,0,20908,100,67884,59,59,0,800,1,0,0,0,-,0,0,0,0,0,0,0,0,0,0,0,0,0,0,0f8bf22b09ab4179,5949db847844fafd
string,organ_pipe,boost::flat_stable_sort,1,100,20260912,0,1,,,,,,1,,windows-qpc-cycletime,1,,2353,1409,796,0,0,0,19568,98,79760,174,174,0,8272,3,0,0,0,-,0,0,0,0,0,0,0,0,0,0,0,0,0,0,0f8bf22b09ab4179,0757f65c1061f5c1
string,small_range,brainsort,1,100,20260912,0,1,,,,,,1,,windows-qpc-cycletime,1,,704,200,99,216,232,1792,5808,63,22064,72,72,0,1696,4,1,0,0,radix,0,0,0,0,1,0,0,0,0,0,0,0,1,0,5aceeede6db274fb,8b22961deba26b64
string,small_range,std::stable_sort,1,100,20260912,0,1,,,,,,1,,windows-qpc-cycletime,1,,1739,750,558,0,0,0,14508,167,54332,59,59,0,800,1,0,0,0,-,0,0,0,0,0,0,0,0,0,0,0,0,0,0,5aceeede6db274fb,bfceb73da766a687
string,small_range,gfx::timsort,1,100,20260912,0,1,,,,,,1,,windows-qpc-cycletime,1,,1736,1187,487,0,0,0,12662,204,59430,55,55,0,592,3,0,0,0,-,0,0,0,0,0,0,0,0,0,0,0,0,0,0,5aceeede6db274fb,86aab279f8ae8d7e
string,small_range,boost::spinsort,1,100,20260912,0,1,,,,,,1,,windows-qpc-cycletime,1,,1740,813,749,0,0,0,19474,145,60322,59,59,0,800,1,0,0,0,-,0,0,0,0,0,0,0,0,0,0,0,0,0,0,5aceeede6db274fb,58ce84be45602b8c
string,small_range,boost::flat_stable_sort,1,100,20260912,0,1,,,,,,1,,windows-qpc-cycletime,1,,2212,1291,746,0,0,0,19396,143,75444,174,174,0,8272,3,0,0,0,-,0,0,0,0,0,0,0,0,0,0,0,0,0,0,5aceeede6db274fb,6e7013ddf0cd0992
string,sawtooth,brainsort,1,100,20260912,0,1,,,,,,1,,windows-qpc-cycletime,1,,100,0,99,0,0,0,2560,0,4160,46,46,0,0,0,1,0,0,sorted,1,0,0,0,0,0,0,0,0,0,0,0,0,0,5ca7581a242be567,daf92d0550148fba
string,sawtooth,std::stable_sort,1,100,20260912,0,1,,,,,,1,,windows-qpc-cycletime,1,,1272,584,386,0,0,0,9550,0,39246,59,59,0,800,1,0,0,0,-,0,0,0,0,0,0,0,0,0,0,0,0,0,0,5ca7581a242be567,24e4b32da8169ae5
string,sawtooth,gfx::timsort,1,100,20260912,0,1,,,,,,1,,windows-qpc-cycletime,1,,198,0,99,0,0,0,2552,0,5720,46,46,0,16,1,0,0,0,-,0,0,0,0,0,0,0,0,0,0,0,0,0,0,5ca7581a242be567,fca803894cd78885
string,sawtooth,boost::spinsort,1,100,20260912,0,1,,,,,,1,,windows-qpc-cycletime,1,,198,0,99,0,0,0,2552,0,5720,46,46,0,0,0,0,0,0,-,0,0,0,0,0,0,0,0,0,0,0,0,0,0,5ca7581a242be567,fca803894cd78885
string,sawtooth,boost::flat_stable_sort,1,100,20260912,0,1,,,,,,1,,windows-qpc-cycletime,1,,1105,809,196,0,0,0,4794,0,35418,174,174,0,8272,3,0,0,0,-,0,0,0,0,0,0,0,0,0,0,0,0,0,0,5ca7581a242be567,88504e5c689a8e8e
string,prefixed,brainsort,1,100,20260912,0,1,,,,,,1,,windows-qpc-cycletime,1,,1000,400,99,920,1304,8896,8404,59,39700,93,93,0,2656,4,1,0,0,radix,0,0,0,0,1,0,0,0,0,0,0,0,3,0,6ae6ad717440b061,d4fc0ca09357cbd7
string,prefixed,std::stable_sort,1,100,20260912,0,1,,,,,,1,,windows-qpc-cycletime,1,,1827,766,607,0,0,0,12736,302,54224,65,65,0,800,1,0,0,0,-,0,0,0,0,0,0,0,0,0,0,0,0,0,0,6ae6ad717440b061,42574918276f702b
string,prefixed,gfx::timsort,1,100,20260912,0,1,,,,,,1,,windows-qpc-cycletime,1,,1966,1335,529,0,0,0,11170,269,63986,64,64,0,784,3,0,0,0,-,0,0,0,0,0,0,0,0,0,0,0,0,0,0,6ae6ad717440b061,fc0287492a8d186a
string,prefixed,boost::spinsort,1,100,20260912,0,1,,,,,,1,,windows-qpc-cycletime,1,,1934,900,837,0,0,0,17328,238,62672,65,65,0,800,1,0,0,0,-,0,0,0,0,0,0,0,0,0,0,0,0,0,0,6ae6ad717440b061,f6b568218ae8118f
string,prefixed,boost::flat_stable_sort,1,100,20260912,0,1,,,,,,1,,windows-qpc-cycletime,1,,2391,1363,834,0,0,0,17268,238,77332,180,180,0,8272,3,0,0,0,-,0,0,0,0,0,0,0,0,0,0,0,0,0,0,6ae6ad717440b061,df273c9c47a748d4
int32,random,brainsort,1,1000,20260912,0,1,,,,,,1,,windows-qpc-cycletime,1,,6000,4000,999,9024,10048,76288,0,635,156288,282,282,0,10080,4,1,0,0,radix,0,0,0,0,1,0,0,0,0,0,0,0,4,0,ef5509db490a4b43,65db026feecbf440
int32,random,std::stable_sort,1,1000,20260912,0,1,,,,,,1,,windows-qpc-cycletime,1,,29892,11937,9685,0,0,0,0,4651,334632,188,188,0,4000,1,0,0,0,-,0,0,0,0,0,0,0,0,0,0,0,0,0,0,ef5509db490a4b43,af6434b4741d073c
int32,random,gfx::timsort,1,1000,20260912,0,1,,,,,,1,,windows-qpc-cycletime,1,,34384,21682,8655,0,0,0,0,4362,448528,251,251,0,6104,9,0,0,0,-,0,0,0,0,0,0,0,0,0,0,0,0,0,0,ef5509db490a4b43,cbd7e0300b8bef7e
int32,random,boost::spinsort,1,1000,20260912,0,1,,,,,,1,,windows-qpc-cycletime,1,,32337,14017,13370,0,0,0,0,4063,370832,188,188,0,4000,1,0,0,0,-,0,0,0,0,0,0,0,0,0,0,0,0,0,0,ef5509db490a4b43,d41d5031223bf36a
int32,random,boost::flat_stable_sort,1,1000,20260912,0,1,,,,,,1,,windows-qpc-cycletime,1,,27669,11533,10249,0,0,0,0,4293,313616,253,253,0,8280,3,0,0,0,-,0,0,0,0,0,0,0,0,0,0,0,0,0,0,ef5509db490a4b43,36139cb26e6946a9
int32,sorted,brainsort,1,1000,20260912,0,1,,,,,,1,,windows-qpc-cycletime,1,,1000,0,999,0,0,0,0,0,8000,125,125,0,0,0,1,0,0,sorted,1,0,0,0,0,0,0,0,0,0,0,0,0,0,9e2d4968de3331c3,535246678297ea17
int32,sorted,std::stable_sort,1,1000,20260912,0,1,,,,,,1,,windows-qpc-cycletime,1,,20928,9856,5964,0,0,0,0,0,246272,188,188,0,4000,1,0,0,0,-,0,0,0,0,0,0,0,0,0,0,0,0,0,0,9e2d4968de3331c3,3253e9959289f35f
int32,sorted,gfx::timsort,1,1000,20260912,0,1,,,,,,1,,windows-qpc-cycletime,1,,1998,0,999,0,0,0,0,0,15984,125,125,0,16,1,0,0,0,-,0,0,0,0,0,0,0,0,0,0,0,0,0,0,9e2d4968de3331c3,eb778f96a58ba38f
int32,sorted,boost::spinsort,1,1000,20260912,0,1,,,,,,1,,windows-qpc-cycletime,1,,1998,0,999,0,0,0,0,0,15984,125,125,0,0,0,0,0,0,-,0,0,0,0,0,0,0,0,0,0,0,0,0,0,9e2d4968de3331c3,eb778f96a58ba38f
int32,sorted,boost::flat_stable_sort,1,1000,20260912,0,1,,,,,,1,,windows-qpc-cycletime,1,,14937,7961,3956,0,0,0,0,0,183184,253,253,0,8280,3,0,0,0,-,0,0,0,0,0,0,0,0,0,0,0,0,0,0,9e2d4968de3331c3,d21b44e3901ce6cc
int32,reverse,brainsort,1,1000,20260912,0,1,,,,,,1,,windows-qpc-cycletime,1,,2000,1000,999,0,0,0,0,0,24000,125,125,0,0,0,1,0,0,reverse,0,1,0,0,0,0,0,0,0,0,0,0,0,0,441501082ff4231b,04efc749f6a98818
int32,reverse,std::stable_sort,1,1000,20260912,0,1,,,,,,1,,windows-qpc-cycletime,1,,21928,13344,4292,0,0,0,0,0,282176,188,188,0,4000,1,0,0,0,-,0,0,0,0,0,0,0,0,0,0,0,0,0,0,441501082ff4231b,8bb5f7cc2c4adf9b
int32,reverse,gfx::timsort,1,1000,20260912,0,1,,,,,,1,,windows-qpc-cycletime,1,,2998,1000,999,0,0,0,0,0,31984,125,125,0,16,1,0,0,0,-,0,0,0,0,0,0,0,0,0,0,0,0,0,0,441501082ff4231b,9154c59da9c2a3aa
int32,reverse,boost::spinsort,1,1000,20260912,0,1,,,,,,1,,windows-qpc-cycletime,1,,3000,1000,1000,0,0,0,0,0,32000,125,125,0,0,0,0,0,0,-,0,0,0,0,0,0,0,0,0,0,0,0,0,0,441501082ff4231b,6ab882dc623f0223
int32,reverse,boost::flat_stable_sort,1,1000,20260912,0,1,,,,,,1,,windows-qpc-cycletime,1,,28561,15281,10300,0,0,0,0,0,350736,253,253,0,8280,3,0,0,0,-,0,0,0,0,0,0,0,0,0,0,0,0,0,0,441501082ff4231b,7d87615f5f77ec00
int32,nearly_sorted,brainsort,1,1000,20260912,0,1,,,,,,1,,windows-qpc-cycletime,1,,3228,1999,2986,0,38,152,0,145,41968,135,135,0,2168,4,1,0,0,displaced,0,0,0,1,0,0,0,0,0,0,0,0,0,0,47a5d251876696c7,b9e5eaf2616e0cb2
int32,nearly_sorted,std::stable_sort,1,1000,20260912,0,1,,,,,,1,,windows-qpc-cycletime,1,,24661,10415,7561,0,0,0,0,196,280608,188,188,0,4000,1,0,0,0,-,0,0,0,0,0,0,0,0,0,0,0,0,0,0,47a5d251876696c7,cb5df68e661fac7b
int32,nearly_sorted,gfx::timsort,1,1000,20260912,0,1,,,,,,1,,windows-qpc-cycletime,1,,7962,4120,2739,0,0,0,0,436,96656,201,201,0,3872,6,0,0,0,-,0,0,0,0,0,0,0,0,0,0,0,0,0,0,47a5d251876696c7,8f4a5c71bbe9290e
int32,nearly_sorted,boost::spinsort,1,1000,20260912,0,1,,,,,,1,,windows-qpc-cycletime,1,,16503,6758,5498,0,0,0,0,320,186088,188,188,0,4000,1,0,0,0,-,0,0,0,0,0,0,0,0,0,0,0,0,0,0,47a5d251876696c7,5f161e36839cae5c
int32,nearly_sorted,boost::flat_stable_sort,1,1000,20260912,0,1,,,,,,1,,windows-qpc-cycletime,1,,18541,8100,5753,0,0,0,0,226,213128,253,253,0,8280,3,0,0,0,-,0,0,0,0,0,0,0,0,0,0,0,0,0,0,47a5d251876696c7,7f983adab439f4cc
int32,few_unique,brainsort,1,1000,20260912,0,1,,,,,,1,,windows-qpc-cycletime,1,,6000,4000,999,9024,10048,76288,0,655,156288,282,282,0,10080,4,1,0,0,radix,0,0,0,0,1,0,0,0,0,0,0,0,4,0,4f78a205ddde3189,cc939c6235a2961b
int32,few_unique,std::stable_sort,1,1000,20260912,0,1,,,,,,1,,windows-qpc-cycletime,1,,29821,11814,9740,0,0,0,0,4024,333080,188,188,0,4000,1,0,0,0,-,0,0,0,0,0,0,0,0,0,0,0,0,0,0,4f78a205ddde3189,a28d988b54e88fcf
int32,few_unique,gfx::timsort,1,1000,20260912,0,1,,,,,,1,,windows-qpc-cycletime,1,,35130,22427,8668,0,0,0,0,3801,460456,258,258,0,6024,9,0,0,0,-,0,0,0,0,0,0,0,0,0,0,0,0,0,0,4f78a205ddde3189,2e2bff7c7d092062
int32,few_unique,boost::spinsort,1,1000,20260912,0,1,,,,,,1,,windows-qpc-cycletime,1,,32173,13937,13297,0,0,0,0,3484,368880,188,188,0,4000,1,0,0,0,-,0,0,0,0,0,0,0,0,0,0,0,0,0,0,4f78a205ddde3189,0decd3173a85aa83
int32,few_unique,boost::flat_stable_sort,1,1000,20260912,0,1,,,,,,1,,windows-qpc-cycletime,1,,27380,11393,10107,0,0,0,0,3738,310184,253,253,0,8280,3,0,0,0,-,0,0,0,0,0,0,0,0,0,0,0,0,0,0,4f78a205ddde3189,80c312b1c14ceef2
int32,all_equal,brainsort,1,1000,20260912,0,1,,,,,,1,,windows-qpc-cycletime,1,,1000,0,999,0,0,0,0,0,8000,125,125,0,0,0,1,0,0,sorted,1,0,0,0,0,0,0,0,0,0,0,0,0,0,9e2d4968de3331c3,535246678297ea17
int32,all_equal,std::stable_sort,1,1000,20260912,0,1,,,,,,1,,windows-qpc-cycletime,1,,20928,9856,5964,0,0,0,0,0,246272,188,188,0,4000,1,0,0,0,-,0,0,0,0,0,0,0,0,0,0,0,0,0,0,9e2d4968de3331c3,3253e9959289f35f
int32,all_equal,gfx::timsort,1,1000,20260912,0,1,,,,,,1,,windows-qpc-cycletime,1,,1998,0,999,0,0,0,0,0,15984,125,125,0,16,1,0,0,0,-,0,0,0,0,0,0,0,0,0,0,0,0,0,0,9e2d4968de3331c3,eb778f96a58ba38f
int32,all_equal,boost::spinsort,1,1000,20260912,0,1,,,,,,1,,windows-qpc-cycletime,1,,1998,0,999,0,0,0,0,0,15984,125,125,0,0,0,0,0,0,-,0,0,0,0,0,0,0,0,0,0,0,0,0,0,9e2d4968de3331c3,eb778f96a58ba38f
int32,all_equal,boost::flat_stable_sort,1,1000,20260912,0,1,,,,,,1,,windows-qpc-cycletime,1,,14937,7961,3956,0,0,0,0,0,183184,253,253,0,8280,3,0,0,0,-,0,0,0,0,0,0,0,0,0,0,0,0,0,0,9e2d4968de3331c3,d21b44e3901ce6cc
int32,runs,brainsort,1,1000,20260912,0,1,,,,,,1,,windows-qpc-cycletime,1,,1000,0,999,0,0,0,0,0,8000,125,125,0,0,0,1,0,0,sorted,1,0,0,0,0,0,0,0,0,0,0,0,0,0,9e2d4968de3331c3,535246678297ea17
int32,runs,std::stable_sort,1,1000,20260912,0,1,,,,,,1,,windows-qpc-cycletime,1,,20928,9856,5964,0,0,0,0,0,246272,188,188,0,4000,1,0,0,0,-,0,0,0,0,0,0,0,0,0,0,0,0,0,0,9e2d4968de3331c3,3253e9959289f35f
int32,runs,gfx::timsort,1,1000,20260912,0,1,,,,,,1,,windows-qpc-cycletime,1,,1998,0,999,0,0,0,0,0,15984,125,125,0,16,1,0,0,0,-,0,0,0,0,0,0,0,0,0,0,0,0,0,0,9e2d4968de3331c3,eb778f96a58ba38f
int32,runs,boost::spinsort,1,1000,20260912,0,1,,,,,,1,,windows-qpc-cycletime,1,,1998,0,999,0,0,0,0,0,15984,125,125,0,0,0,0,0,0,-,0,0,0,0,0,0,0,0,0,0,0,0,0,0,9e2d4968de3331c3,eb778f96a58ba38f
int32,runs,boost::flat_stable_sort,1,1000,20260912,0,1,,,,,,1,,windows-qpc-cycletime,1,,14937,7961,3956,0,0,0,0,0,183184,253,253,0,8280,3,0,0,0,-,0,0,0,0,0,0,0,0,0,0,0,0,0,0,9e2d4968de3331c3,d21b44e3901ce6cc
int32,organ_pipe,brainsort,1,1000,20260912,0,1,,,,,,1,,windows-qpc-cycletime,1,,2996,1995,1997,0,0,0,0,998,39928,188,188,0,4024,2,1,0,0,runs,0,0,1,0,0,0,0,0,0,0,0,0,0,0,da4bca05f8b355a7,f679bfef723bde85
int32,organ_pipe,std::stable_sort,1,1000,20260912,0,1,,,,,,1,,windows-qpc-cycletime,1,,22672,11848,5626,0,0,0,0,998,276160,188,188,0,4000,1,0,0,0,-,0,0,0,0,0,0,0,0,0,0,0,0,0,0,da4bca05f8b355a7,dd3bde450e583dd9
int32,organ_pipe,gfx::timsort,1,1000,20260912,0,1,,,,,,1,,windows-qpc-cycletime,1,,5993,1995,1999,0,0,0,0,998,63904,188,188,0,4024,3,0,0,0,-,0,0,0,0,0,0,0,0,0,0,0,0,0,0,da4bca05f8b355a7,c048c12bd5d4ac2f
int32,organ_pipe,boost::spinsort,1,1000,20260912,0,1,,,,,,1,,windows-qpc-cycletime,1,,29078,14030,11548,0,0,0,0,1000,344864,188,188,0,4000,1,0,0,0,-,0,0,0,0,0,0,0,0,0,0,0,0,0,0,da4bca05f8b355a7,030e8d965bb914fc
int32,organ_pipe,boost::flat_stable_sort,1,1000,20260912,0,1,,,,,,1,,windows-qpc-cycletime,1,,22745,11621,7626,0,0,0,0,998,274928,253,253,0,8280,3,0,0,0,-,0,0,0,0,0,0,0,0,0,0,0,0,0,0,da4bca05f8b355a7,4dabc7188a999c2a
int32,small_range,brainsort,1,1000,20260912,0,1,,,,,,1,,windows-qpc-cycletime,1,,4000,2000,999,2004,2008,16048,0,641,64048,251,251,0,8048,4,1,0,0,radix,0,0,0,0,1,0,0,0,0,0,0,0,1,0,99415f7d7af75131,e52f3da0f4939181
int32,small_range,std::stable_sort,1,1000,20260912,0,1,,,,,,1,,windows-qpc-cycletime,1,,28417,11416,9287,0,0,0,0,1749,318664,188,188,0,4000,1,0,0,0,-,0,0,0,0,0,0,0,0,0,0,0,0,0,0,99415f7d7af75131,8d78c25398b49b04
int32,small_range,gfx::timsort,1,1000,20260912,0,1,,,,,,1,,windows-qpc-cycletime,1,,23043,16390,5567,0,0,0,0,2280,315464,240,240,0,4656,9,0,0,0,-,0,0,0,0,0,0,0,0,0,0,0,0,0,0,99415f7d7af75131,bca154270a5b2d3d
int32,small_range,boost::spinsort,1,1000,20260912,0,1,,,,,,1,,windows-qpc-cycletime,1,,27192,11886,10882,0,0,0,0,1541,312624,188,188,0,4000,1,0,0,0,-,0,0,0,0,0,0,0,0,0,0,0,0,0,0,99415f7d7af75131,c834f38490f3d2b2
int32,small_range,boost::flat_stable_sort,1,1000,20260912,0,1,,,,,,1,,windows-qpc-cycletime,1,,24798,10659,8849,0,0,0,0,1581,283656,253,253,0,8280,3,0,0,0,-,0,0,0,0,0,0,0,0,0,0,0,0,0,0,99415f7d7af75131,dc851c38941bfba9
int32,sawtooth,brainsort,1,1000,20260912,0,1,,,,,,1,,windows-qpc-cycletime,1,,1000,0,999,0,0,0,0,0,8000,125,125,0,0,0,1,0,0,sorted,1,0,0,0,0,0,0,0,0,0,0,0,0,0,9e2d4968de3331c3,535246678297ea17
int32,sawtooth,std::stable_sort,1,1000,20260912,0,1,,,,,,1,,windows-qpc-cycletime,1,,20928,9856,5964,0,0,0,0,0,246272,188,188,0,4000,1,0,0,0,-,0,0,0,0,0,0,0,0,0,0,0,0,0,0,9e2d4968de3331c3,3253e9959289f35f
int32,sawtooth,gfx::timsort,1,1000,20260912,0,1,,,,,,1,,windows-qpc-cycletime,1,,1998,0,999,0,0,0,0,0,15984,125,125,0,16,1,0,0,0,-,0,0,0,0,0,0,0,0,0,0,0,0,0,0,9e2d4968de3331c3,eb778f96a58ba38f
int32,sawtooth,boost::spinsort,1,1000,20260912,0,1,,,,,,1,,windows-qpc-cycletime,1,,1998,0,999,0,0,0,0,0,15984,125,125,0,0,0,0,0,0,-,0,0,0,0,0,0,0,0,0,0,0,0,0,0,9e2d4968de3331c3,eb778f96a58ba38f
int32,sawtooth,boost::flat_stable_sort,1,1000,20260912,0,1,,,,,,1,,windows-qpc-cycletime,1,,14937,7961,3956,0,0,0,0,0,183184,253,253,0,8280,3,0,0,0,-,0,0,0,0,0,0,0,0,0,0,0,0,0,0,9e2d4968de3331c3,d21b44e3901ce6cc
int32,prefixed,brainsort,1,1000,20260912,0,1,,,,,,1,,windows-qpc-cycletime,1,,6000,4000,999,6320,6704,52096,0,675,132096,266,266,0,9056,4,1,0,0,radix,0,0,0,0,1,0,0,0,0,0,0,0,3,0,fe584dae9ed833e1,4f6f4523a9157ea9
int32,prefixed,std::stable_sort,1,1000,20260912,0,1,,,,,,1,,windows-qpc-cycletime,1,,29935,11862,9778,0,0,0,0,4553,334376,188,188,0,4000,1,0,0,0,-,0,0,0,0,0,0,0,0,0,0,0,0,0,0,fe584dae9ed833e1,9041bd9244efd952
int32,prefixed,gfx::timsort,1,1000,20260912,0,1,,,,,,1,,windows-qpc-cycletime,1,,34979,22286,8656,0,0,0,0,4297,458120,243,243,0,6104,8,0,0,0,-,0,0,0,0,0,0,0,0,0,0,0,0,0,0,fe584dae9ed833e1,f1f48dce648b6249
int32,prefixed,boost::spinsort,1,1000,20260912,0,1,,,,,,1,,windows-qpc-cycletime,1,,32363,14042,13379,0,0,0,0,4049,371240,188,188,0,4000,1,0,0,0,-,0,0,0,0,0,0,0,0,0,0,0,0,0,0,fe584dae9ed833e1,f7d34dec644f147d
int32,prefixed,boost::flat_stable_sort,1,1000,20260912,0,1,,,,,,1,,windows-qpc-cycletime,1,,27790,11606,10299,0,0,0,0,4277,315168,253,253,0,8280,3,0,0,0,-,0,0,0,0,0,0,0,0,0,0,0,0,0,0,fe584dae9ed833e1,b913e575ca7ee331
int32,sparse_bits,brainsort,1,1000,20260912,0,1,,,,,,1,,windows-qpc-cycletime,1,,4000,2000,999,2256,2512,19072,0,672,67072,266,266,0,9056,4,1,0,0,radix,0,0,0,0,1,0,0,0,0,0,0,0,1,0,9d73ce98e1bbf9ad,95cd2937b6f4301a
int32,sparse_bits,std::stable_sort,1,1000,20260912,0,1,,,,,,1,,windows-qpc-cycletime,1,,29906,11805,9823,0,0,0,0,4470,333688,188,188,0,4000,1,0,0,0,-,0,0,0,0,0,0,0,0,0,0,0,0,0,0,9d73ce98e1bbf9ad,744112de64d8d434
int32,sparse_bits,gfx::timsort,1,1000,20260912,0,1,,,,,,1,,windows-qpc-cycletime,1,,35365,22635,8674,0,0,0,0,4193,464000,243,243,0,6104,8,0,0,0,-,0,0,0,0,0,0,0,0,0,0,0,0,0,0,9d73ce98e1bbf9ad,5030892b4fa4b2f9
int32,sparse_bits,boost::spinsort,1,1000,20260912,0,1,,,,,,1,,windows-qpc-cycletime,1,,32934,14323,13670,0,0,0,0,3886,378056,188,188,0,4000,1,0,0,0,-,0,0,0,0,0,0,0,0,0,0,0,0,0,0,9d73ce98e1bbf9ad,e95abdf17c7c1072
int32,sparse_bits,boost::flat_stable_sort,1,1000,20260912,0,1,,,,,,1,,windows-qpc-cycletime,1,,28007,11719,10421,0,0,0,0,4122,317808,253,253,0,8280,3,0,0,0,-,0,0,0,0,0,0,0,0,0,0,0,0,0,0,9d73ce98e1bbf9ad,e08d4a0aa9920088
double,random,brainsort,1,1000,20260912,0,1,,,,,,1,,windows-qpc-cycletime,1,,10000,8000,999,18048,20096,152576,0,670,440576,1312,532,0,18080,4,1,0,0,radix,0,0,0,0,1,0,0,0,0,0,0,0,8,0,cc7c7c61ec539899,b438a8a006d194e7
double,random,std::stable_sort,1,1000,20260912,0,1,,,,,,1,,windows-qpc-cycletime,1,,29863,11897,9682,0,0,0,0,4521,668160,375,375,0,8000,1,0,0,0,-,0,0,0,0,0,0,0,0,0,0,0,0,0,0,cc7c7c61ec539899,e53629cc022f84ca
double,random,gfx::timsort,1,1000,20260912,0,1,,,,,,1,,windows-qpc-cycletime,1,,35087,22379,8671,0,0,0,0,4388,919456,484,484,0,12064,8,0,0,0,-,0,0,0,0,0,0,0,0,0,0,0,0,0,0,cc7c7c61ec539899,e4a067ab841e75d8
double,random,boost::spinsort,1,1000,20260912,0,1,,,,,,1,,windows-qpc-cycletime,1,,32675,14189,13534,0,0,0,0,4039,749824,375,375,0,8000,1,0,0,0,-,0,0,0,0,0,0,0,0,0,0,0,0,0,0,cc7c7c61ec539899,d5bb9939ac366350
double,random,boost::flat_stable_sort,1,1000,20260912,0,1,,,,,,1,,windows-qpc-cycletime,1,,30147,12723,11994,0,0,0,0,4165,685920,378,378,0,8296,3,0,0,0,-,0,0,0,0,0,0,0,0,0,0,0,0,0,0,cc7c7c61ec539899,8e0abaae50f1d5a3
double,sorted,brainsort,1,1000,20260912,0,1,,,,,,1,,windows-qpc-cycletime,1,,1000,0,999,0,0,0,0,0,16000,250,250,0,0,0,1,0,0,sorted,1,0,0,0,0,0,0,0,0,0,0,0,0,0,9e2d4968de3331c3,3791caf612266717
double,sorted,std::stable_sort,1,1000,20260912,0,1,,,,,,1,,windows-qpc-cycletime,1,,20928,9856,5964,0,0,0,0,0,492544,375,375,0,8000,1,0,0,0,-,0,0,0,0,0,0,0,0,0,0,0,0,0,0,9e2d4968de3331c3,d21cca33be66795f
double,sorted,gfx::timsort,1,1000,20260912,0,1,,,,,,1,,windows-qpc-cycletime,1,,1998,0,999,0,0,0,0,0,31968,250,250,0,16,1,0,0,0,-,0,0,0,0,0,0,0,0,0,0,0,0,0,0,9e2d4968de3331c3,59ab705e8068474f
double,sorted,boost::spinsort,1,1000,20260912,0,1,,,,,,1,,windows-qpc-cycletime,1,,1998,0,999,0,0,0,0,0,31968,250,250,0,0,0,0,0,0,-,0,0,0,0,0,0,0,0,0,0,0,0,0,0,9e2d4968de3331c3,59ab705e8068474f
double,sorted,boost::flat_stable_sort,1,1000,20260912,0,1,,,,,,1,,windows-qpc-cycletime,1,,12985,6489,3724,0,0,0,0,0,311584,378,378,0,8296,3,0,0,0,-,0,0,0,0,0,0,0,0,0,0,0,0,0,0,9e2d4968de3331c3,30933889ab880e5c
double,reverse,brainsort,1,1000,20260912,0,1,,,,,,1,,windows-qpc-cycletime,1,,2000,1000,999,0,0,0,0,0,48000,250,250,0,0,0,1,0,0,reverse,0,1,0,0,0,0,0,0,0,0,0,0,0,0,441501082ff4231b,1a14935ec047ed18
double,reverse,std::stable_sort,1,1000,20260912,0,1,,,,,,1,,windows-qpc-cycletime,1,,21928,13344,4292,0,0,0,0,0,564352,375,375,0,8000,1,0,0,0,-,0,0,0,0,0,0,0,0,0,0,0,0,0,0,441501082ff4231b,69372b212308711b
double,reverse,gfx::timsort,1,1000,20260912,0,1,,,,,,1,,windows-qpc-cycletime,1,,2998,1000,999,0,0,0,0,0,63968,250,250,0,16,1,0,0,0,-,0,0,0,0,0,0,0,0,0,0,0,0,0,0,441501082ff4231b,5b3513b06556716a
double,reverse,boost::spinsort,1,1000,20260912,0,1,,,,,,1,,windows-qpc-cycletime,1,,3000,1000,1000,0,0,0,0,0,64000,250,250,0,0,0,0,0,0,-,0,0,0,0,0,0,0,0,0,0,0,0,0,0,441501082ff4231b,84e9ed5494d0d4a3
double,reverse,boost::flat_stable_sort,1,1000,20260912,0,1,,,,,,1,,windows-qpc-cycletime,1,,34537,18017,13780,0,0,0,0,0,840864,378,378,0,8296,3,0,0,0,-,0,0,0,0,0,0,0,0,0,0,0,0,0,0,441501082ff4231b,da623d8252d58120
double,nearly_sorted,brainsort,1,1000,20260912,0,1,,,,,,1,,windows-qpc-cycletime,1,,3228,1999,2986,0,38,152,0,145,83784,262,262,0,3176,4,1,0,0,displaced,0,0,0,1,0,0,0,0,0,0,0,0,0,0,47a5d251876696c7,df6bad2db8a95432
double,nearly_sorted,std::stable_sort,1,1000,20260912,0,1,,,,,,1,,windows-qpc-cycletime,1,,24661,10415,7561,0,0,0,0,196,561216,375,375,0,8000,1,0,0,0,-,0,0,0,0,0,0,0,0,0,0,0,0,0,0,47a5d251876696c7,61acb2a8ecc77ebb
double,nearly_sorted,gfx::timsort,1,1000,20260912,0,1,,,,,,1,,windows-qpc-cycletime,1,,7962,4120,2739,0,0,0,0,436,193312,402,402,0,7680,6,0,0,0,-,0,0,0,0,0,0,0,0,0,0,0,0,0,0,47a5d251876696c7,216f1dc9b7c6ef8e
double,nearly_sorted,boost::spinsort,1,1000,20260912,0,1,,,,,,1,,windows-qpc-cycletime,1,,16503,6758,5498,0,0,0,0,320,372176,375,375,0,8000,1,0,0,0,-,0,0,0,0,0,0,0,0,0,0,0,0,0,0,47a5d251876696c7,3de41e9cce2b7e9c
double,nearly_sorted,boost::flat_stable_sort,1,1000,20260912,0,1,,,,,,1,,windows-qpc-cycletime,1,,17174,7199,5571,0,0,0,0,268,389968,378,378,0,8296,3,0,0,0,-,0,0,0,0,0,0,0,0,0,0,0,0,0,0,47a5d251876696c7,a3f2a6a6230930bf
double,few_unique,brainsort,1,1000,20260912,0,1,,,,,,1,,windows-qpc-cycletime,1,,10000,8000,999,18048,20096,152576,0,656,440576,1187,532,0,18080,4,1,0,0,radix,0,0,0,0,1,0,0,0,0,0,0,0,8,0,d3befadb9de83b33,85052070b4e401e0
double,few_unique,std::stable_sort,1,1000,20260912,0,1,,,,,,1,,windows-qpc-cycletime,1,,29819,11803,9745,0,0,0,0,4030,665952,375,375,0,8000,1,0,0,0,-,0,0,0,0,0,0,0,0,0,0,0,0,0,0,d3befadb9de83b33,e09612aa845d9709
double,few_unique,gfx::timsort,1,1000,20260912,0,1,,,,,,1,,windows-qpc-cycletime,1,,34760,22092,8633,0,0,0,0,3803,909632,482,482,0,11952,8,0,0,0,-,0,0,0,0,0,0,0,0,0,0,0,0,0,0,d3befadb9de83b33,52bb7a52a664d278
double,few_unique,boost::spinsort,1,1000,20260912,0,1,,,,,,1,,windows-qpc-cycletime,1,,32638,14171,13527,0,0,0,0,3502,748944,375,375,0,8000,1,0,0,0,-,0,0,0,0,0,0,0,0,0,0,0,0,0,0,d3befadb9de83b33,a8f05a35fb1b7207
double,few_unique,boost::flat_stable_sort,1,1000,20260912,0,1,,,,,,1,,windows-qpc-cycletime,1,,29792,12564,11818,0,0,0,0,3614,677696,378,378,0,8296,3,0,0,0,-,0,0,0,0,0,0,0,0,0,0,0,0,0,0,d3befadb9de83b33,d80fcbb960d5de4a
double,all_equal,brainsort,1,1000,20260912,0,1,,,,,,1,,windows-qpc-cycletime,1,,1000,0,999,0,0,0,0,0,16000,250,250,0,0,0,1,0,0,sorted,1,0,0,0,0,0,0,0,0,0,0,0,0,0,9e2d4968de3331c3,3791caf612266717
double,all_equal,std::stable_sort,1,1000,20260912,0,1,,,,,,1,,windows-qpc-cycletime,1,,20928,9856,5964,0,0,0,0,0,492544,375,375,0,8000,1,0,0,0,-,0,0,0,0,0,0,0,0,0,0,0,0,0,0,9e2d4968de3331c3,d21cca33be66795f
double,all_equal,gfx::timsort,1,1000,20260912,0,1,,,,,,1,,windows-qpc-cycletime,1,,1998,0,999,0,0,0,0,0,31968,250,250,0,16,1,0,0,0,-,0,0,0,0,0,0,0,0,0,0,0,0,0,0,9e2d4968de3331c3,59ab705e8068474f
double,all_equal,boost::spinsort,1,1000,20260912,0,1,,,,,,1,,windows-qpc-cycletime,1,,1998,0,999,0,0,0,0,0,31968,250,250,0,0,0,0,0,0,-,0,0,0,0,0,0,0,0,0,0,0,0,0,0,9e2d4968de3331c3,59ab705e8068474f
double,all_equal,boost::flat_stable_sort,1,1000,20260912,0,1,,,,,,1,,windows-qpc-cycletime,1,,12985,6489,3724,0,0,0,0,0,311584,378,378,0,8296,3,0,0,0,-,0,0,0,0,0,0,0,0,0,0,0,0,0,0,9e2d4968de3331c3,30933889ab880e5c
double,runs,brainsort,1,1000,20260912,0,1,,,,,,1,,windows-qpc-cycletime,1,,1000,0,999,0,0,0,0,0,16000,250,250,0,0,0,1,0,0,sorted,1,0,0,0,0,0,0,0,0,0,0,0,0,0,9e2d4968de3331c3,3791caf612266717
double,runs,std::stable_sort,1,1000,20260912,0,1,,,,,,1,,windows-qpc-cycletime,1,,20928,9856,5964,0,0,0,0,0,492544,375,375,0,8000,1,0,0,0,-,0,0,0,0,0,0,0,0,0,0,0,0,0,0,9e2d4968de3331c3,d21cca33be66795f
double,runs,gfx::timsort,1,1000,20260912,0,1,,,,,,1,,windows-qpc-cycletime,1,,1998,0,999,0,0,0,0,0,31968,250,250,0,16,1,0,0,0,-,0,0,0,0,0,0,0,0,0,0,0,0,0,0,9e2d4968de3331c3,59ab705e8068474f
double,runs,boost::spinsort,1,1000,20260912,0,1,,,,,,1,,windows-qpc-cycletime,1,,1998,0,999,0,0,0,0,0,31968,250,250,0,0,0,0,0,0,-,0,0,0,0,0,0,0,0,0,0,0,0,0,0,9e2d4968de3331c3,59ab705e8068474f
double,runs,boost::flat_stable_sort,1,1000,20260912,0,1,,,,,,1,,windows-qpc-cycletime,1,,12985,6489,3724,0,0,0,0,0,311584,378,378,0,8296,3,0,0,0,-,0,0,0,0,0,0,0,0,0,0,0,0,0,0,9e2d4968de3331c3,30933889ab880e5c
double,organ_pipe,brainsort,1,1000,20260912,0,1,,,,,,1,,windows-qpc-cycletime,1,,2996,1995,1997,0,0,0,0,998,79856,375,375,0,8032,2,1,0,0,runs,0,0,1,0,0,0,0,0,0,0,0,0,0,0,da4bca05f8b355a7,9107fe2ddcd8e945
double,organ_pipe,std::stable_sort,1,1000,20260912,0,1,,,,,,1,,windows-qpc-cycletime,1,,22672,11848,5626,0,0,0,0,998,552320,375,375,0,8000,1,0,0,0,-,0,0,0,0,0,0,0,0,0,0,0,0,0,0,da4bca05f8b355a7,14f9cae21d2e8199
double,organ_pipe,gfx::timsort,1,1000,20260912,0,1,,,,,,1,,windows-qpc-cycletime,1,,5993,1995,1999,0,0,0,0,998,127808,375,375,0,8016,3,0,0,0,-,0,0,0,0,0,0,0,0,0,0,0,0,0,0,da4bca05f8b355a7,50035b185723276f
double,organ_pipe,boost::spinsort,1,1000,20260912,0,1,,,,,,1,,windows-qpc-cycletime,1,,29078,14030,11548,0,0,0,0,1000,689728,375,375,0,8000,1,0,0,0,-,0,0,0,0,0,0,0,0,0,0,0,0,0,0,da4bca05f8b355a7,5c3edd1a82cb2e3c
double,organ_pipe,boost::flat_stable_sort,1,1000,20260912,0,1,,,,,,1,,windows-qpc-cycletime,1,,28520,14277,11008,0,0,0,0,998,684752,378,378,0,8296,3,0,0,0,-,0,0,0,0,0,0,0,0,0,0,0,0,0,0,da4bca05f8b355a7,5742068e0074ae6d
double,small_range,brainsort,1,1000,20260912,0,1,,,,,,1,,windows-qpc-cycletime,1,,4000,2000,999,4096,4224,33280,0,641,129280,548,508,0,16544,4,1,0,0,radix,0,0,0,0,1,0,0,0,0,0,0,0,2,0,99415f7d7af75131,325e31abcdc8911b
double,small_range,std::stable_sort,1,1000,20260912,0,1,,,,,,1,,windows-qpc-cycletime,1,,28417,11416,9287,0,0,0,0,1749,637328,375,375,0,8000,1,0,0,0,-,0,0,0,0,0,0,0,0,0,0,0,0,0,0,99415f7d7af75131,20cf4123262ee584
double,small_range,gfx::timsort,1,1000,20260912,0,1,,,,,,1,,windows-qpc-cycletime,1,,23043,16390,5567,0,0,0,0,2280,630928,476,476,0,9184,9,0,0,0,-,0,0,0,0,0,0,0,0,0,0,0,0,0,0,99415f7d7af75131,aa183def1ee9f0bd
double,small_range,boost::spinsort,1,1000,20260912,0,1,,,,,,1,,windows-qpc-cycletime,1,,27192,11886,10882,0,0,0,0,1541,625248,375,375,0,8000,1,0,0,0,-,0,0,0,0,0,0,0,0,0,0,0,0,0,0,99415f7d7af75131,90ddaec5b2e1ddb2
double,small_range,boost::flat_stable_sort,1,1000,20260912,0,1,,,,,,1,,windows-qpc-cycletime,1,,25727,10976,9884,0,0,0,0,1571,587248,378,378,0,8296,3,0,0,0,-,0,0,0,0,0,0,0,0,0,0,0,0,0,0,99415f7d7af75131,c7b6b4f05dbf4df9
double,sawtooth,brainsort,1,1000,20260912,0,1,,,,,,1,,windows-qpc-cycletime,1,,1000,0,999,0,0,0,0,0,16000,250,250,0,0,0,1,0,0,sorted,1,0,0,0,0,0,0,0,0,0,0,0,0,0,9e2d4968de3331c3,3791caf612266717
double,sawtooth,std::stable_sort,1,1000,20260912,0,1,,,,,,1,,windows-qpc-cycletime,1,,20928,9856,5964,0,0,0,0,0,492544,375,375,0,8000,1,0,0,0,-,0,0,0,0,0,0,0,0,0,0,0,0,0,0,9e2d4968de3331c3,d21cca33be66795f
double,sawtooth,gfx::timsort,1,1000,20260912,0,1,,,,,,1,,windows-qpc-cycletime,1,,1998,0,999,0,0,0,0,0,31968,250,250,0,16,1,0,0,0,-,0,0,0,0,0,0,0,0,0,0,0,0,0,0,9e2d4968de3331c3,59ab705e8068474f
double,sawtooth,boost::spinsort,1,1000,20260912,0,1,,,,,,1,,windows-qpc-cycletime,1,,1998,0,999,0,0,0,0,0,31968,250,250,0,0,0,0,0,0,-,0,0,0,0,0,0,0,0,0,0,0,0,0,0,9e2d4968de3331c3,59ab705e8068474f
double,sawtooth,boost::flat_stable_sort,1,1000,20260912,0,1,,,,,,1,,windows-qpc-cycletime,1,,12985,6489,3724,0,0,0,0,0,311584,378,378,0,8296,3,0,0,0,-,0,0,0,0,0,0,0,0,0,0,0,0,0,0,9e2d4968de3331c3,30933889ab880e5c
double,prefixed,brainsort,1,1000,20260912,0,1,,,,,,1,,windows-qpc-cycletime,1,,8000,6000,999,12560,15120,110720,0,670,334720,1543,564,0,20128,4,1,0,0,radix,0,0,0,0,1,0,0,0,0,0,0,0,5,0,cc7c7c61ec539899,1b87ee075c05406d
double,prefixed,std::stable_sort,1,1000,20260912,0,1,,,,,,1,,windows-qpc-cycletime,1,,29863,11897,9682,0,0,0,0,4521,668160,375,375,0,8000,1,0,0,0,-,0,0,0,0,0,0,0,0,0,0,0,0,0,0,cc7c7c61ec539899,e53629cc022f84ca
double,prefixed,gfx::timsort,1,1000,20260912,0,1,,,,,,1,,windows-qpc-cycletime,1,,35087,22379,8671,0,0,0,0,4388,919456,484,484,0,12064,8,0,0,0,-,0,0,0,0,0,0,0,0,0,0,0,0,0,0,cc7c7c61ec539899,e4a067ab841e75d8
double,prefixed,boost::spinsort,1,1000,20260912,0,1,,,,,,1,,windows-qpc-cycletime,1,,32675,14189,13534,0,0,0,0,4039,749824,375,375,0,8000,1,0,0,0,-,0,0,0,0,0,0,0,0,0,0,0,0,0,0,cc7c7c61ec539899,d5bb9939ac366350
double,prefixed,boost::flat_stable_sort,1,1000,20260912,0,1,,,,,,1,,windows-qpc-cycletime,1,,30147,12723,11994,0,0,0,0,4165,685920,378,378,0,8296,3,0,0,0,-,0,0,0,0,0,0,0,0,0,0,0,0,0,0,cc7c7c61ec539899,8e0abaae50f1d5a3
int64,random,brainsort,1,1000,20260912,0,1,,,,,,1,,windows-qpc-cycletime,1,,10000,8000,999,18048,20096,152576,0,652,440576,1357,532,0,18080,4,1,0,0,radix,0,0,0,0,1,0,0,0,0,0,0,0,8,0,6b6c88e84225c7c5,5fd8e22a79666f70
int64,random,std::stable_sort,1,1000,20260912,0,1,,,,,,1,,windows-qpc-cycletime,1,,29934,11850,9808,0,0,0,0,4603,668544,375,375,0,8000,1,0,0,0,-,0,0,0,0,0,0,0,0,0,0,0,0,0,0,6b6c88e84225c7c5,b77c27cea9635667
int64,random,gfx::timsort,1,1000,20260912,0,1,,,,,,1,,windows-qpc-cycletime,1,,35005,22274,8672,0,0,0,0,4375,916464,530,530,0,12032,10,0,0,0,-,0,0,0,0,0,0,0,0,0,0,0,0,0,0,6b6c88e84225c7c5,7c2d808c61103473
int64,random,boost::spinsort,1,1000,20260912,0,1,,,,,,1,,windows-qpc-cycletime,1,,32336,14015,13375,0,0,0,0,4117,741616,375,375,0,8000,1,0,0,0,-,0,0,0,0,0,0,0,0,0,0,0,0,0,0,6b6c88e84225c7c5,2acb0c67a47e0c87
int64,random,boost::flat_stable_sort,1,1000,20260912,0,1,,,,,,1,,windows-qpc-cycletime,1,,29624,12472,11732,0,0,0,0,4166,673536,378,378,0,8296,3,0,0,0,-,0,0,0,0,0,0,0,0,0,0,0,0,0,0,6b6c88e84225c7c5,7f8fd48ae12b54a1
int64,sorted,brainsort,1,1000,20260912,0,1,,,,,,1,,windows-qpc-cycletime,1,,1000,0,999,0,0,0,0,0,16000,250,250,0,0,0,1,0,0,sorted,1,0,0,0,0,0,0,0,0,0,0,0,0,0,9e2d4968de3331c3,3791caf612266717
int64,sorted,std::stable_sort,1,1000,20260912,0,1,,,,,,1,,windows-qpc-cycletime,1,,20928,9856,5964,0,0,0,0,0,492544,375,375,0,8000,1,0,0,0,-,0,0,0,0,0,0,0,0,0,0,0,0,0,0,9e2d4968de3331c3,d21cca33be66795f
int64,sorted,gfx::timsort,1,1000,20260912,0,1,,,,,,1,,windows-qpc-cycletime,1,,1998,0,999,0,0,0,0,0,31968,250,250,0,16,1,0,0,0,-,0,0,0,0,0,0,0,0,0,0,0,0,0,0,9e2d4968de3331c3,59ab705e8068474f
int64,sorted,boost::spinsort,1,1000,20260912,0,1,,,,,,1,,windows-qpc-cycletime,1,,1998,0,999,0,0,0,0,0,31968,250,250,0,0,0,0,0,0,-,0,0,0,0,0,0,0,0,0,0,0,0,0,0,9e2d4968de3331c3,59ab705e8068474f
int64,sorted,boost::flat_stable_sort,1,1000,20260912,0,1,,,,,,1,,windows-qpc-cycletime,1,,12985,6489,3724,0,0,0,0,0,311584,378,378,0,8296,3,0,0,0,-,0,0,0,0,0,0,0,0,0,0,0,0,0,0,9e2d4968de3331c3,30933889ab880e5c
int64,reverse,brainsort,1,1000,20260912,0,1,,,,,,1,,windows-qpc-cycletime,1,,2000,1000,999,0,0,0,0,0,48000,250,250,0,0,0,1,0,0,reverse,0,1,0,0,0,0,0,0,0,0,0,0,0,0,441501082ff4231b,1a14935ec047ed18
int64,reverse,std::stable_sort,1,1000,20260912,0,1,,,,,,1,,windows-qpc-cycletime,1,,21928,13344,4292,0,0,0,0,0,564352,375,375,0,8000,1,0,0,0,-,0,0,0,0,0,0,0,0,0,0,0,0,0,0,441501082ff4231b,69372b212308711b
int64,reverse,gfx::timsort,1,1000,20260912,0,1,,,,,,1,,windows-qpc-cycletime,1,,2998,1000,999,0,0,0,0,0,63968,250,250,0,16,1,0,0,0,-,0,0,0,0,0,0,0,0,0,0,0,0,0,0,441501082ff4231b,5b3513b06556716a
int64,reverse,boost::spinsort,1,1000,20260912,0,1,,,,,,1,,windows-qpc-cycletime,1,,3000,1000,1000,0,0,0,0,0,64000,250,250,0,0,0,0,0,0,-,0,0,0,0,0,0,0,0,0,0,0,0,0,0,441501082ff4231b,84e9ed5494d0d4a3
int64,reverse,boost::flat_stable_sort,1,1000,20260912,0,1,,,,,,1,,windows-qpc-cycletime,1,,34537,18017,13780,0,0,0,0,0,840864,378,378,0,8296,3,0,0,0,-,0,0,0,0,0,0,0,0,0,0,0,0,0,0,441501082ff4231b,da623d8252d58120
int64,nearly_sorted,brainsort,1,1000,20260912,0,1,,,,,,1,,windows-qpc-cycletime,1,,3228,1999,2986,0,38,152,0,145,83784,262,262,0,3176,4,1,0,0,displaced,0,0,0,1,0,0,0,0,0,0,0,0,0,0,47a5d251876696c7,df6bad2db8a95432
int64,nearly_sorted,std::stable_sort,1,1000,20260912,0,1,,,,,,1,,windows-qpc-cycletime,1,,24661,10415,7561,0,0,0,0,196,561216,375,375,0,8000,1,0,0,0,-,0,0,0,0,0,0,0,0,0,0,0,0,0,0,47a5d251876696c7,61acb2a8ecc77ebb
int64,nearly_sorted,gfx::timsort,1,1000,20260912,0,1,,,,,,1,,windows-qpc-cycletime,1,,7962,4120,2739,0,0,0,0,436,193312,402,402,0,7680,6,0,0,0,-,0,0,0,0,0,0,0,0,0,0,0,0,0,0,47a5d251876696c7,216f1dc9b7c6ef8e
int64,nearly_sorted,boost::spinsort,1,1000,20260912,0,1,,,,,,1,,windows-qpc-cycletime,1,,16503,6758,5498,0,0,0,0,320,372176,375,375,0,8000,1,0,0,0,-,0,0,0,0,0,0,0,0,0,0,0,0,0,0,47a5d251876696c7,3de41e9cce2b7e9c
int64,nearly_sorted,boost::flat_stable_sort,1,1000,20260912,0,1,,,,,,1,,windows-qpc-cycletime,1,,17174,7199,5571,0,0,0,0,268,389968,378,378,0,8296,3,0,0,0,-,0,0,0,0,0,0,0,0,0,0,0,0,0,0,47a5d251876696c7,a3f2a6a6230930bf
int64,few_unique,brainsort,1,1000,20260912,0,1,,,,,,1,,windows-qpc-cycletime,1,,10000,8000,999,18048,20096,152576,0,672,440576,1205,532,0,18080,4,1,0,0,radix,0,0,0,0,1,0,0,0,0,0,0,0,8,0,7d3fd0c961a21cd3,912fd51789138f58
int64,few_unique,std::stable_sort,1,1000,20260912,0,1,,,,,,1,,windows-qpc-cycletime,1,,29745,11761,9727,0,0,0,0,3996,664096,375,375,0,8000,1,0,0,0,-,0,0,0,0,0,0,0,0,0,0,0,0,0,0,7d3fd0c961a21cd3,555e94e4500c8972
int64,few_unique,gfx::timsort,1,1000,20260912,0,1,,,,,,1,,windows-qpc-cycletime,1,,35136,22475,8635,0,0,0,0,3775,921776,514,514,0,11936,9,0,0,0,-,0,0,0,0,0,0,0,0,0,0,0,0,0,0,7d3fd0c961a21cd3,95fb12e73f9b9c37
int64,few_unique,boost::spinsort,1,1000,20260912,0,1,,,,,,1,,windows-qpc-cycletime,1,,32168,13936,13294,0,0,0,0,3534,737664,375,375,0,8000,1,0,0,0,-,0,0,0,0,0,0,0,0,0,0,0,0,0,0,7d3fd0c961a21cd3,ce310f27220a8638
int64,few_unique,boost::flat_stable_sort,1,1000,20260912,0,1,,,,,,1,,windows-qpc-cycletime,1,,29216,12248,11540,0,0,0,0,3626,663424,378,378,0,8296,3,0,0,0,-,0,0,0,0,0,0,0,0,0,0,0,0,0,0,7d3fd0c961a21cd3,3bcb8091c6e5000d
int64,all_equal,brainsort,1,1000,20260912,0,1,,,,,,1,,windows-qpc-cycletime,1,,1000,0,999,0,0,0,0,0,16000,250,250,0,0,0,1,0,0,sorted,1,0,0,0,0,0,0,0,0,0,0,0,0,0,9e2d4968de3331c3,3791caf612266717
int64,all_equal,std::stable_sort,1,1000,20260912,0,1,,,,,,1,,windows-qpc-cycletime,1,,20928,9856,5964,0,0,0,0,0,492544,375,375,0,8000,1,0,0,0,-,0,0,0,0,0,0,0,0,0,0,0,0,0,0,9e2d4968de3331c3,d21cca33be66795f
int64,all_equal,gfx::timsort,1,1000,20260912,0,1,,,,,,1,,windows-qpc-cycletime,1,,1998,0,999,0,0,0,0,0,31968,250,250,0,16,1,0,0,0,-,0,0,0,0,0,0,0,0,0,0,0,0,0,0,9e2d4968de3331c3,59ab705e8068474f
int64,all_equal,boost::spinsort,1,1000,20260912,0,1,,,,,,1,,windows-qpc-cycletime,1,,1998,0,999,0,0,0,0,0,31968,250,250,0,0,0,0,0,0,-,0,0,0,0,0,0,0,0,0,0,0,0,0,0,9e2d4968de3331c3,59ab705e8068474f
int64,all_equal,boost::flat_stable_sort,1,1000,20260912,0,1,,,,,,1,,windows-qpc-cycletime,1,,12985,6489,3724,0,0,0,0,0,311584,378,378,0,8296,3,0,0,0,-,0,0,0,0,0,0,0,0,0,0,0,0,0,0,9e2d4968de3331c3,30933889ab880e5c
int64,runs,brainsort,1,1000,20260912,0,1,,,,,,1,,windows-qpc-cycletime,1,,1000,0,999,0,0,0,0,0,16000,250,250,0,0,0,1,0,0,sorted,1,0,0,0,0,0,0,0,0,0,0,0,0,0,9e2d4968de3331c3,3791caf612266717
int64,runs,std::stable_sort,1,1000,20260912,0,1,,,,,,1,,windows-qpc-cycletime,1,,20928,9856,5964,0,0,0,0,0,492544,375,375,0,8000,1,0,0,0,-,0,0,0,0,0,0,0,0,0,0,0,0,0,0,9e2d4968de3331c3,d21cca33be66795f
int64,runs,gfx::timsort,1,1000,20260912,0,1,,,,,,1,,windows-qpc-cycletime,1,,1998,0,999,0,0,0,0,0,31968,250,250,0,16,1,0,0,0,-,0,0,0,0,0,0,0,0,0,0,0,0,0,0,9e2d4968de3331c3,59ab705e8068474f
int64,runs,boost::spinsort,1,1000,20260912,0,1,,,,,,1,,windows-qpc-cycletime,1,,1998,0,999,0,0,0,0,0,31968,250,250,0,0,0,0,0,0,-,0,0,0,0,0,0,0,0,0,0,0,0,0,0,9e2d4968de3331c3,59ab705e8068474f
int64,runs,boost::flat_stable_sort,1,1000,20260912,0,1,,,,,,1,,windows-qpc-cycletime,1,,12985,6489,3724,0,0,0,0,0,311584,378,378,0,8296,3,0,0,0,-,0,0,0,0,0,0,0,0,0,0,0,0,0,0,9e2d4968de3331c3,30933889ab880e5c
int64,organ_pipe,brainsort,1,1000,20260912,0,1,,,,,,1,,windows-qpc-cycletime,1,,2996,1995,1997,0,0,0,0,998,79856,375,375,0,8032,2,1,0,0,runs,0,0,1,0,0,0,0,0,0,0,0,0,0,0,da4bca05f8b355a7,9107fe2ddcd8e945
int64,organ_pipe,std::stable_sort,1,1000,20260912,0,1,,,,,,1,,windows-qpc-cycletime,1,,22672,11848,5626,0,0,0,0,998,552320,375,375,0,8000,1,0,0,0,-,0,0,0,0,0,0,0,0,0,0,0,0,0,0,da4bca05f8b355a7,14f9cae21d2e8199
int64,organ_pipe,gfx::timsort,1,1000,20260912,0,1,,,,,,1,,windows-qpc-cycletime,1,,5993,1995,1999,0,0,0,0,998,127808,375,375,0,8016,3,0,0,0,-,0,0,0,0,0,0,0,0,0,0,0,0,0,0,da4bca05f8b355a7,50035b185723276f
int64,organ_pipe,boost::spinsort,1,1000,20260912,0,1,,,,,,1,,windows-qpc-cycletime,1,,29078,14030,11548,0,0,0,0,1000,689728,375,375,0,8000,1,0,0,0,-,0,0,0,0,0,0,0,0,0,0,0,0,0,0,da4bca05f8b355a7,5c3edd1a82cb2e3c
int64,organ_pipe,boost::flat_stable_sort,1,1000,20260912,0,1,,,,,,1,,windows-qpc-cycletime,1,,28520,14277,11008,0,0,0,0,998,684752,378,378,0,8296,3,0,0,0,-,0,0,0,0,0,0,0,0,0,0,0,0,0,0,da4bca05f8b355a7,5742068e0074ae6d
int64,small_range,brainsort,1,1000,20260912,0,1,,,,,,1,,windows-qpc-cycletime,1,,4000,2000,999,2004,2008,16048,0,641,112048,505,501,0,16048,4,1,0,0,radix,0,0,0,0,1,0,0,0,0,0,0,0,1,0,99415f7d7af75131,17186e75326c6c01
int64,small_range,std::stable_sort,1,1000,20260912,0,1,,,,,,1,,windows-qpc-cycletime,1,,28417,11416,9287,0,0,0,0,1749,637328,375,375,0,8000,1,0,0,0,-,0,0,0,0,0,0,0,0,0,0,0,0,0,0,99415f7d7af75131,20cf4123262ee584
int64,small_range,gfx::timsort,1,1000,20260912,0,1,,,,,,1,,windows-qpc-cycletime,1,,23043,16390,5567,0,0,0,0,2280,630928,476,476,0,9184,9,0,0,0,-,0,0,0,0,0,0,0,0,0,0,0,0,0,0,99415f7d7af75131,aa183def1ee9f0bd
int64,small_range,boost::spinsort,1,1000,20260912,0,1,,,,,,1,,windows-qpc-cycletime,1,,27192,11886,10882,0,0,0,0,1541,625248,375,375,0,8000,1,0,0,0,-,0,0,0,0,0,0,0,0,0,0,0,0,0,0,99415f7d7af75131,90ddaec5b2e1ddb2
int64,small_range,boost::flat_stable_sort,1,1000,20260912,0,1,,,,,,1,,windows-qpc-cycletime,1,,25727,10976,9884,0,0,0,0,1571,587248,378,378,0,8296,3,0,0,0,-,0,0,0,0,0,0,0,0,0,0,0,0,0,0,99415f7d7af75131,c7b6b4f05dbf4df9
int64,sawtooth,brainsort,1,1000,20260912,0,1,,,,,,1,,windows-qpc-cycletime,1,,1000,0,999,0,0,0,0,0,16000,250,250,0,0,0,1,0,0,sorted,1,0,0,0,0,0,0,0,0,0,0,0,0,0,9e2d4968de3331c3,3791caf612266717
int64,sawtooth,std::stable_sort,1,1000,20260912,0,1,,,,,,1,,windows-qpc-cycletime,1,,20928,9856,5964,0,0,0,0,0,492544,375,375,0,8000,1,0,0,0,-,0,0,0,0,0,0,0,0,0,0,0,0,0,0,9e2d4968de3331c3,d21cca33be66795f
int64,sawtooth,gfx::timsort,1,1000,20260912,0,1,,,,,,1,,windows-qpc-cycletime,1,,1998,0,999,0,0,0,0,0,31968,250,250,0,16,1,0,0,0,-,0,0,0,0,0,0,0,0,0,0,0,0,0,0,9e2d4968de3331c3,59ab705e8068474f
int64,sawtooth,boost::spinsort,1,1000,20260912,0,1,,,,,,1,,windows-qpc-cycletime,1,,1998,0,999,0,0,0,0,0,31968,250,250,0,0,0,0,0,0,-,0,0,0,0,0,0,0,0,0,0,0,0,0,0,9e2d4968de3331c3,59ab705e8068474f
int64,sawtooth,boost::flat_stable_sort,1,1000,20260912,0,1,,,,,,1,,windows-qpc-cycletime,1,,12985,6489,3724,0,0,0,0,0,311584,378,378,0,8296,3,0,0,0,-,0,0,0,0,0,0,0,0,0,0,0,0,0,0,9e2d4968de3331c3,30933889ab880e5c
int64,prefixed,brainsort,1,1000,20260912,0,1,,,,,,1,,windows-qpc-cycletime,1,,6000,4000,999,6320,6704,52096,0,675,212096,645,516,0,17056,4,1,0,0,radix,0,0,0,0,1,0,0,0,0,0,0,0,3,0,fe584dae9ed833e1,c758caa16dece3a9
int64,prefixed,std::stable_sort,1,1000,20260912,0,1,,,,,,1,,windows-qpc-cycletime,1,,29935,11862,9778,0,0,0,0,4553,668752,375,375,0,8000,1,0,0,0,-,0,0,0,0,0,0,0,0,0,0,0,0,0,0,fe584dae9ed833e1,02bec66011d153d2
int64,prefixed,gfx::timsort,1,1000,20260912,0,1,,,,,,1,,windows-qpc-cycletime,1,,34979,22286,8656,0,0,0,0,4297,916240,484,484,0,12080,8,0,0,0,-,0,0,0,0,0,0,0,0,0,0,0,0,0,0,fe584dae9ed833e1,0f1601a8407aef09
int64,prefixed,boost::spinsort,1,1000,20260912,0,1,,,,,,1,,windows-qpc-cycletime,1,,32363,14042,13379,0,0,0,0,4049,742480,375,375,0,8000,1,0,0,0,-,0,0,0,0,0,0,0,0,0,0,0,0,0,0,fe584dae9ed833e1,cb5c82a6911bc67d
int64,prefixed,boost::flat_stable_sort,1,1000,20260912,0,1,,,,,,1,,windows-qpc-cycletime,1,,30001,12669,11916,0,0,0,0,4149,682720,378,378,0,8296,3,0,0,0,-,0,0,0,0,0,0,0,0,0,0,0,0,0,0,fe584dae9ed833e1,19315e8d399cb144
string,random,brainsort,1,1000,20260912,0,1,,,,,,1,,windows-qpc-cycletime,1,,10999,6000,999,13280,14816,112384,67478,667,451846,2777,650,0,18080,4,1,0,0,radix,0,0,0,0,1,0,0,0,0,0,0,0,6,0,86ddf9f40fc07ca7,1a21d532deb9238f
string,random,std::stable_sort,1,1000,20260912,0,1,,,,,,1,,windows-qpc-cycletime,1,,29703,11784,9679,0,0,0,29524,4558,693316,493,493,0,8000,1,0,0,0,-,0,0,0,0,0,0,0,0,0,0,0,0,0,0,86ddf9f40fc07ca7,6c3f9981e0938161
string,random,gfx::timsort,1,1000,20260912,0,1,,,,,,1,,windows-qpc-cycletime,1,,34496,21795,8654,0,0,0,27038,4304,927694,688,634,0,12096,9,0,0,0,-,0,0,0,0,0,0,0,0,0,0,0,0,0,0,86ddf9f40fc07ca7,f4a5a8f251484e31
string,random,boost::spinsort,1,1000,20260912,0,1,,,,,,1,,windows-qpc-cycletime,1,,31773,13747,13092,0,0,0,35932,4096,764252,493,493,0,8000,1,0,0,0,-,0,0,0,0,0,0,0,0,0,0,0,0,0,0,86ddf9f40fc07ca7,b77c6dde56ad7f42
string,random,boost::flat_stable_sort,1,1000,20260912,0,1,,,,,,1,,windows-qpc-cycletime,1,,29360,12331,11610,0,0,0,32960,4153,700016,496,496,0,8296,3,0,0,0,-,0,0,0,0,0,0,0,0,0,0,0,0,0,0,86ddf9f40fc07ca7,cce586c8db9adf24
string,sorted,brainsort,1,1000,20260912,0,1,,,,,,1,,windows-qpc-cycletime,1,,1000,0,999,0,0,0,4950,0,20950,368,368,0,0,0,1,0,0,sorted,1,0,0,0,0,0,0,0,0,0,0,0,0,0,9e2d4968de3331c3,99d4807b68ad841a
string,sorted,std::stable_sort,1,1000,20260912,0,1,,,,,,1,,windows-qpc-cycletime,1,,20928,9856,5964,0,0,0,19588,0,512132,493,493,0,8000,1,0,0,0,-,0,0,0,0,0,0,0,0,0,0,0,0,0,0,9e2d4968de3331c3,22e5369060a3564f
string,sorted,gfx::timsort,1,1000,20260912,0,1,,,,,,1,,windows-qpc-cycletime,1,,1998,0,999,0,0,0,4942,0,36910,368,368,0,16,1,0,0,0,-,0,0,0,0,0,0,0,0,0,0,0,0,0,0,9e2d4968de3331c3,2f5d44c9005b4d95
string,sorted,boost::spinsort,1,1000,20260912,0,1,,,,,,1,,windows-qpc-cycletime,1,,1998,0,999,0,0,0,4942,0,36910,368,368,0,0,0,0,0,0,-,0,0,0,0,0,0,0,0,0,0,0,0,0,0,9e2d4968de3331c3,2f5d44c9005b4d95
string,sorted,boost::flat_stable_sort,1,1000,20260912,0,1,,,,,,1,,windows-qpc-cycletime,1,,12985,6489,3724,0,0,0,12116,0,323700,496,496,0,8296,3,0,0,0,-,0,0,0,0,0,0,0,0,0,0,0,0,0,0,9e2d4968de3331c3,957fa491b8a7ad4c
string,reverse,brainsort,1,1000,20260912,0,1,,,,,,1,,windows-qpc-cycletime,1,,2000,1000,999,0,0,0,4947,0,52947,368,368,0,0,0,1,0,0,reverse,0,1,0,0,0,0,0,0,0,0,0,0,0,0,441501082ff4231b,05db3bb0e7ae874d
string,reverse,std::stable_sort,1,1000,20260912,0,1,,,,,,1,,windows-qpc-cycletime,1,,21928,13344,4292,0,0,0,14384,0,578736,493,493,0,8000,1,0,0,0,-,0,0,0,0,0,0,0,0,0,0,0,0,0,0,441501082ff4231b,12c266f90e7b76fb
string,reverse,gfx::timsort,1,1000,20260912,0,1,,,,,,1,,windows-qpc-cycletime,1,,2998,1000,999,0,0,0,4942,0,68910,368,368,0,16,1,0,0,0,-,0,0,0,0,0,0,0,0,0,0,0,0,0,0,441501082ff4231b,8cc78256ad9b80d4
string,reverse,boost::spinsort,1,1000,20260912,0,1,,,,,,1,,windows-qpc-cycletime,1,,3000,1000,1000,0,0,0,4946,0,68946,368,368,0,0,0,0,0,0,-,0,0,0,0,0,0,0,0,0,0,0,0,0,0,441501082ff4231b,79add9efb1c1d613
string,reverse,boost::flat_stable_sort,1,1000,20260912,0,1,,,,,,1,,windows-qpc-cycletime,1,,34537,18017,13780,0,0,0,47386,0,888250,496,496,0,8296,3,0,0,0,-,0,0,0,0,0,0,0,0,0,0,0,0,0,0,441501082ff4231b,062c07d045568698
string,nearly_sorted,brainsort,1,1000,20260912,0,1,,,,,,1,,windows-qpc-cycletime,1,,3370,2143,3123,0,40,160,12702,147,101070,389,380,0,3184,4,1,0,0,displaced,0,0,0,1,0,0,0,0,0,0,0,0,0,0,534353820c2aa7c3,1dcb1a48c77495d6
string,nearly_sorted,std::stable_sort,1,1000,20260912,0,1,,,,,,1,,windows-qpc-cycletime,1,,24378,10321,7470,0,0,0,23278,192,578462,493,493,0,8000,1,0,0,0,-,0,0,0,0,0,0,0,0,0,0,0,0,0,0,534353820c2aa7c3,0f4c3c43546e2f42
string,nearly_sorted,gfx::timsort,1,1000,20260912,0,1,,,,,,1,,windows-qpc-cycletime,1,,8561,4226,3331,0,0,0,12178,679,216770,523,501,0,7456,7,0,0,0,-,0,0,0,0,0,0,0,0,0,0,0,0,0,0,534353820c2aa7c3,75bab8c21a63579c
string,nearly_sorted,boost::spinsort,1,1000,20260912,0,1,,,,,,1,,windows-qpc-cycletime,1,,15661,6686,5115,0,0,0,15168,392,372720,493,493,0,8000,1,0,0,0,-,0,0,0,0,0,0,0,0,0,0,0,0,0,0,534353820c2aa7c3,50635a91ef4b54bb
string,nearly_sorted,boost::flat_stable_sort,1,1000,20260912,0,1,,,,,,1,,windows-qpc-cycletime,1,,16722,7106,5383,0,0,0,16220,286,397468,496,496,0,8296,3,0,0,0,-,0,0,0,0,0,0,0,0,0,0,0,0,0,0,534353820c2aa7c3,f6e223921241c36a
string,few_unique,brainsort,1,1000,20260912,0,1,,,,,,1,,windows-qpc-cycletime,1,,11193,6547,1546,13280,14816,112384,71995,682,468219,2610,649,0,18080,4,2,0,0,radix,0,0,0,0,1,0,0,0,0,0,0,0,6,0,7484c9d6ecf68633,406da2b552e697c5
string,few_unique,std::stable_sort,1,1000,20260912,0,1,,,,,,1,,windows-qpc-cycletime,1,,29844,11821,9769,0,0,0,50224,4032,716864,492,492,0,8000,1,0,0,0,-,0,0,0,0,0,0,0,0,0,0,0,0,0,0,7484c9d6ecf68633,01738ea27e055bb6
string,few_unique,gfx::timsort,1,1000,20260912,0,1,,,,,,1,,windows-qpc-cycletime,1,,35329,22605,8674,0,0,0,45846,3831,972790,750,646,0,11952,10,0,0,0,-,0,0,0,0,0,0,0,0,0,0,0,0,0,0,7484c9d6ecf68633,6c00dd71af1609e1
string,few_unique,boost::spinsort,1,1000,20260912,0,1,,,,,,1,,windows-qpc-cycletime,1,,32630,14172,13520,0,0,0,55368,3566,804200,492,492,0,8000,1,0,0,0,-,0,0,0,0,0,0,0,0,0,0,0,0,0,0,7484c9d6ecf68633,5212537ca1c44185
string,few_unique,boost::flat_stable_sort,1,1000,20260912,0,1,,,,,,1,,windows-qpc-cycletime,1,,29669,12493,11762,0,0,0,51810,3687,726402,495,495,0,8296,3,0,0,0,-,0,0,0,0,0,0,0,0,0,0,0,0,0,0,7484c9d6ecf68633,6f6775a5a4608b33
string,all_equal,brainsort,1,1000,20260912,0,1,,,,,,1,,windows-qpc-cycletime,1,,1000,0,999,0,0,0,25982,0,41982,454,454,0,0,0,1,0,0,sorted,1,0,0,0,0,0,0,0,0,0,0,0,0,0,9e2d4968de3331c3,57eb9aa51914257a
string,all_equal,std::stable_sort,1,1000,20260912,0,1,,,,,,1,,windows-qpc-cycletime,1,,20928,9856,5964,0,0,0,155064,0,647608,665,579,0,8000,1,0,0,0,-,0,0,0,0,0,0,0,0,0,0,0,0,0,0,9e2d4968de3331c3,6dd833947325f91f
string,all_equal,gfx::timsort,1,1000,20260912,0,1,,,,,,1,,windows-qpc-cycletime,1,,1998,0,999,0,0,0,25974,0,57942,454,454,0,16,1,0,0,0,-,0,0,0,0,0,0,0,0,0,0,0,0,0,0,9e2d4968de3331c3,c8e3a73b50ced105
string,all_equal,boost::spinsort,1,1000,20260912,0,1,,,,,,1,,windows-qpc-cycletime,1,,1998,0,999,0,0,0,25974,0,57942,454,454,0,0,0,0,0,0,-,0,0,0,0,0,0,0,0,0,0,0,0,0,0,9e2d4968de3331c3,c8e3a73b50ced105
string,all_equal,boost::flat_stable_sort,1,1000,20260912,0,1,,,,,,1,,windows-qpc-cycletime,1,,12985,6489,3724,0,0,0,96824,0,408408,583,582,0,8296,3,0,0,0,-,0,0,0,0,0,0,0,0,0,0,0,0,0,0,9e2d4968de3331c3,4896a220b22185ac
string,runs,brainsort,1,1000,20260912,0,1,,,,,,1,,windows-qpc-cycletime,1,,1000,0,999,0,0,0,24868,0,40868,454,454,0,0,0,1,0,0,sorted,1,0,0,0,0,0,0,0,0,0,0,0,0,0,9e2d4968de3331c3,57eb9aa51914257a
string,runs,std::stable_sort,1,1000,20260912,0,1,,,,,,1,,windows-qpc-cycletime,1,,20928,9856,5964,0,0,0,134402,0,626946,665,579,0,8000,1,0,0,0,-,0,0,0,0,0,0,0,0,0,0,0,0,0,0,9e2d4968de3331c3,6dd833947325f91f
string,runs,gfx::timsort,1,1000,20260912,0,1,,,,,,1,,windows-qpc-cycletime,1,,1998,0,999,0,0,0,24860,0,56828,454,454,0,16,1,0,0,0,-,0,0,0,0,0,0,0,0,0,0,0,0,0,0,9e2d4968de3331c3,c8e3a73b50ced105
string,runs,boost::spinsort,1,1000,20260912,0,1,,,,,,1,,windows-qpc-cycletime,1,,1998,0,999,0,0,0,24860,0,56828,454,454,0,0,0,0,0,0,-,0,0,0,0,0,0,0,0,0,0,0,0,0,0,9e2d4968de3331c3,c8e3a73b50ced105
string,runs,boost::flat_stable_sort,1,1000,20260912,0,1,,,,,,1,,windows-qpc-cycletime,1,,12985,6489,3724,0,0,0,83468,0,395052,583,582,0,8296,3,0,0,0,-,0,0,0,0,0,0,0,0,0,0,0,0,0,0,9e2d4968de3331c3,4896a220b22185ac
string,organ_pipe,brainsort,1,1000,20260912,0,1,,,,,,1,,windows-qpc-cycletime,1,,2996,1995,1997,0,0,0,51594,998,131450,676,579,0,8032,2,1,0,0,runs,0,0,1,0,0,0,0,0,0,0,0,0,0,0,da4bca05f8b355a7,42259846690fcf8e
string,organ_pipe,std::stable_sort,1,1000,20260912,0,1,,,,,,1,,windows-qpc-cycletime,1,,22672,11848,5626,0,0,0,136274,998,688594,710,579,0,8000,1,0,0,0,-,0,0,0,0,0,0,0,0,0,0,0,0,0,0,da4bca05f8b355a7,ced4028585201ac9
string,organ_pipe,gfx::timsort,1,1000,20260912,0,1,,,,,,1,,windows-qpc-cycletime,1,,5993,1995,1999,0,0,0,51638,998,179446,721,579,0,8016,3,0,0,0,-,0,0,0,0,0,0,0,0,0,0,0,0,0,0,da4bca05f8b355a7,b38449b0be8d1121
string,organ_pipe,boost::spinsort,1,1000,20260912,0,1,,,,,,1,,windows-qpc-cycletime,1,,29078,14030,11548,0,0,0,280084,1000,969812,743,579,0,8000,1,0,0,0,-,0,0,0,0,0,0,0,0,0,0,0,0,0,0,da4bca05f8b355a7,59da99da78967d60
string,organ_pipe,boost::flat_stable_sort,1,1000,20260912,0,1,,,,,,1,,windows-qpc-cycletime,1,,28520,14277,11008,0,0,0,266470,998,951222,764,582,0,8296,3,0,0,0,-,0,0,0,0,0,0,0,0,0,0,0,0,0,0,da4bca05f8b355a7,04834997e1ba573d
string,small_range,brainsort,1,1000,20260912,0,1,,,,,,1,,windows-qpc-cycletime,1,,7004,2000,999,2016,2032,16192,58008,641,218264,1497,705,0,16096,4,1,0,0,radix,0,0,0,0,1,0,0,0,0,0,0,0,1,0,99415f7d7af75131,2c20d527419ece70
string,small_range,std::stable_sort,1,1000,20260912,0,1,,,,,,1,,windows-qpc-cycletime,1,,28417,11416,9287,0,0,0,241462,1749,878790,818,579,0,8000,1,0,0,0,-,0,0,0,0,0,0,0,0,0,0,0,0,0,0,99415f7d7af75131,6115e8f987034cbe
string,small_range,gfx::timsort,1,1000,20260912,0,1,,,,,,1,,windows-qpc-cycletime,1,,23043,16390,5567,0,0,0,144742,2280,775670,738,680,0,9184,9,0,0,0,-,0,0,0,0,0,0,0,0,0,0,0,0,0,0,99415f7d7af75131,9edf63d3a8374ad3
string,small_range,boost::spinsort,1,1000,20260912,0,1,,,,,,1,,windows-qpc-cycletime,1,,27192,11886,10882,0,0,0,282932,1541,908180,777,579,0,8000,1,0,0,0,-,0,0,0,0,0,0,0,0,0,0,0,0,0,0,99415f7d7af75131,bf35d07119446eca
string,small_range,boost::flat_stable_sort,1,1000,20260912,0,1,,,,,,1,,windows-qpc-cycletime,1,,25727,10976,9884,0,0,0,256984,1571,844232,705,582,0,8296,3,0,0,0,-,0,0,0,0,0,0,0,0,0,0,0,0,0,0,99415f7d7af75131,5525f4cd211b5de1
string,sawtooth,brainsort,1,1000,20260912,0,1,,,,,,1,,windows-qpc-cycletime,1,,1000,0,999,0,0,0,25760,0,41760,454,454,0,0,0,1,0,0,sorted,1,0,0,0,0,0,0,0,0,0,0,0,0,0,9e2d4968de3331c3,57eb9aa51914257a
string,sawtooth,std::stable_sort,1,1000,20260912,0,1,,,,,,1,,windows-qpc-cycletime,1,,20928,9856,5964,0,0,0,141288,0,633832,665,579,0,8000,1,0,0,0,-,0,0,0,0,0,0,0,0,0,0,0,0,0,0,9e2d4968de3331c3,6dd833947325f91f
string,sawtooth,gfx::timsort,1,1000,20260912,0,1,,,,,,1,,windows-qpc-cycletime,1,,1998,0,999,0,0,0,25752,0,57720,454,454,0,16,1,0,0,0,-,0,0,0,0,0,0,0,0,0,0,0,0,0,0,9e2d4968de3331c3,c8e3a73b50ced105
string,sawtooth,boost::spinsort,1,1000,20260912,0,1,,,,,,1,,windows-qpc-cycletime,1,,1998,0,999,0,0,0,25752,0,57720,454,454,0,0,0,0,0,0,-,0,0,0,0,0,0,0,0,0,0,0,0,0,0,9e2d4968de3331c3,c8e3a73b50ced105
string,sawtooth,boost::flat_stable_sort,1,1000,20260912,0,1,,,,,,1,,windows-qpc-cycletime,1,,12985,6489,3724,0,0,0,87538,0,399122,583,582,0,8296,3,0,0,0,-,0,0,0,0,0,0,0,0,0,0,0,0,0,0,9e2d4968de3331c3,4896a220b22185ac
string,prefixed,brainsort,1,1000,20260912,0,1,,,,,,1,,windows-qpc-cycletime,1,,10004,4008,1003,6320,6704,52096,84300,668,360588,3625,782,0,17056,4,2,0,0,radix,0,0,0,0,1,0,0,0,0,0,0,0,3,0,80a9d00b63b5689f,846bf5fd1f86f6df
string,prefixed,std::stable_sort,1,1000,20260912,0,1,,,,,,1,,windows-qpc-cycletime,1,,29796,11802,9758,0,0,0,212904,4580,878472,1075,641,0,8000,1,0,0,0,-,0,0,0,0,0,0,0,0,0,0,0,0,0,0,80a9d00b63b5689f,670e42f1c139feb6
string,prefixed,gfx::timsort,1,1000,20260912,0,1,,,,,,1,,windows-qpc-cycletime,1,,34899,22224,8651,0,0,0,190068,4291,1104036,1072,765,0,12032,9,0,0,0,-,0,0,0,0,0,0,0,0,0,0,0,0,0,0,80a9d00b63b5689f,30e7ee69161194c8
string,prefixed,boost::spinsort,1,1000,20260912,0,1,,,,,,1,,windows-qpc-cycletime,1,,32124,13921,13266,0,0,0,282272,4054,1018992,1015,641,0,8000,1,0,0,0,-,0,0,0,0,0,0,0,0,0,0,0,0,0,0,80a9d00b63b5689f,724d9be490b88af3
string,prefixed,boost::flat_stable_sort,1,1000,20260912,0,1,,,,,,1,,windows-qpc-cycletime,1,,29822,12588,11835,0,0,0,253584,4152,932144,1056,644,0,8296,3,0,0,0,-,0,0,0,0,0,0,0,0,0,0,0,0,0,0,80a9d00b63b5689f,a3d8758dd1c80c9b
int32,random,brainsort,1,10000,20260912,0,1,,,,,,1,,windows-qpc-cycletime,1,,56231,44892,1024,70240,82528,611072,0,652,1420056,27596,2145,0,58976,4,1,0,0,radix,0,0,0,0,1,0,1,0,0,0,0,0,6,0,fb3849b4bda873ff,621cee40c72fc9d0
int32,random,std::stable_sort,1,10000,20260912,0,1,,,,,,1,,windows-qpc-cycletime,1,,379327,138675,127856,0,0,0,0,62984,4144016,29647,1875,0,40000,1,0,0,0,-,0,0,0,0,0,0,0,0,0,0,0,0,0,0,fb3849b4bda873ff,dda4cd671d65ef2b
int32,random,gfx::timsort,1,10000,20260912,0,1,,,,,,1,,windows-qpc-cycletime,1,,425730,225038,120285,0,0,0,0,59942,5206144,6760,2555,0,59632,14,0,0,0,-,0,0,0,0,0,0,0,0,0,0,0,0,0,0,fb3849b4bda873ff,3292c1f9a86577f6
int32,random,boost::spinsort,1,10000,20260912,0,1,,,,,,1,,windows-qpc-cycletime,1,,383471,150817,143544,0,0,0,0,59034,4274304,9942,1875,0,40000,1,0,0,0,-,0,0,0,0,0,0,0,0,0,0,0,0,0,0,fb3849b4bda873ff,e74f7fc577976948
int32,random,boost::flat_stable_sort,1,10000,20260912,0,1,,,,,,1,,windows-qpc-cycletime,1,,447425,202660,157511,0,0,0,0,58418,5200680,4985,1378,0,8592,17,0,0,0,-,0,0,0,0,0,0,0,0,0,0,0,0,0,0,fb3849b4bda873ff,eeecc77bb55111cd
int32,sorted,brainsort,1,10000,20260912,0,1,,,,,,1,,windows-qpc-cycletime,1,,10000,0,9999,0,0,0,0,0,80000,1250,1250,0,0,0,1,0,0,sorted,1,0,0,0,0,0,0,0,0,0,0,0,0,0,95272738c97a3543,0dd6e3c07f33eeb7
int32,sorted,std::stable_sort,1,10000,20260912,0,1,,,,,,1,,windows-qpc-cycletime,1,,257068,118570,73534,0,0,0,0,0,3005104,28749,1875,0,40000,1,0,0,0,-,0,0,0,0,0,0,0,0,0,0,0,0,0,0,95272738c97a3543,37ab6ceb59b1a993
int32,sorted,gfx::timsort,1,10000,20260912,0,1,,,,,,1,,windows-qpc-cycletime,1,,19998,0,9999,0,0,0,0,0,159984,1250,1250,0,16,1,0,0,0,-,0,0,0,0,0,0,0,0,0,0,0,0,0,0,95272738c97a3543,f6576fdd7e9d774f
int32,sorted,boost::spinsort,1,10000,20260912,0,1,,,,,,1,,windows-qpc-cycletime,1,,19998,0,9999,0,0,0,0,0,159984,1250,1250,0,0,0,0,0,0,-,0,0,0,0,0,0,0,0,0,0,0,0,0,0,95272738c97a3543,f6576fdd7e9d774f
int32,sorted,boost::flat_stable_sort,1,10000,20260912,0,1,,,,,,1,,windows-qpc-cycletime,1,,21023,1025,9999,0,0,0,0,0,176384,1378,1378,0,8424,3,0,0,0,-,0,0,0,0,0,0,0,0,0,0,0,0,0,0,95272738c97a3543,7dd5c24a57ccac3e
int32,reverse,brainsort,1,10000,20260912,0,1,,,,,,1,,windows-qpc-cycletime,1,,20000,10000,9999,0,0,0,0,0,240000,2244,1250,0,0,0,1,0,0,reverse,0,1,0,0,0,0,0,0,0,0,0,0,0,0,18489aa670217473,f5dc34a9f0c31300
int32,reverse,std::stable_sort,1,10000,20260912,0,1,,,,,,1,,windows-qpc-cycletime,1,,271600,153560,59020,0,0,0,0,0,3401280,29631,1875,0,40000,1,0,0,0,-,0,0,0,0,0,0,0,0,0,0,0,0,0,0,18489aa670217473,def7dd87e54cb9eb
int32,reverse,gfx::timsort,1,10000,20260912,0,1,,,,,,1,,windows-qpc-cycletime,1,,29998,10000,9999,0,0,0,0,0,319984,2244,1250,0,16,1,0,0,0,-,0,0,0,0,0,0,0,0,0,0,0,0,0,0,18489aa670217473,7bb69f370e97b5aa
int32,reverse,boost::spinsort,1,10000,20260912,0,1,,,,,,1,,windows-qpc-cycletime,1,,30000,10000,10000,0,0,0,0,0,320000,2244,1250,0,0,0,0,0,0,-,0,0,0,0,0,0,0,0,0,0,0,0,0,0,18489aa670217473,944deb6f17911bc3
int32,reverse,boost::flat_stable_sort,1,10000,20260912,0,1,,,,,,1,,windows-qpc-cycletime,1,,31025,11025,10000,0,0,0,0,0,336400,2372,1378,0,8424,3,0,0,0,-,0,0,0,0,0,0,0,0,0,0,0,0,0,0,18489aa670217473,d101598725285a6c
int32,nearly_sorted,brainsort,1,10000,20260912,0,1,,,,,,1,,windows-qpc-cycletime,1,,36223,21876,31991,0,398,1592,0,1793,466384,3406,1326,0,5688,4,1,0,0,displaced,0,0,0,1,0,0,0,0,0,0,0,0,0,0,403371f36b4f9b51,19d66f0c10aa3b73
int32,nearly_sorted,std::stable_sort,1,10000,20260912,0,1,,,,,,1,,windows-qpc-cycletime,1,,324445,124167,104526,0,0,0,0,2298,3588896,29375,1875,0,40000,1,0,0,0,-,0,0,0,0,0,0,0,0,0,0,0,0,0,0,403371f36b4f9b51,d15ebeeb058cd9c5
int32,nearly_sorted,gfx::timsort,1,10000,20260912,0,1,,,,,,1,,windows-qpc-cycletime,1,,126912,89317,23336,0,0,0,0,4441,1729832,6271,2510,0,55352,15,0,0,0,-,0,0,0,0,0,0,0,0,0,0,0,0,0,0,403371f36b4f9b51,83793ba9e442f199
int32,nearly_sorted,boost::spinsort,1,10000,20260912,0,1,,,,,,1,,windows-qpc-cycletime,1,,272604,106354,88756,0,0,0,0,3192,3031664,10495,1875,0,40000,1,0,0,0,-,0,0,0,0,0,0,0,0,0,0,0,0,0,0,403371f36b4f9b51,261e2e35d246fc94
int32,nearly_sorted,boost::flat_stable_sort,1,10000,20260912,0,1,,,,,,1,,windows-qpc-cycletime,1,,298154,140413,84805,0,0,0,0,3664,3508536,4941,1378,0,8592,17,0,0,0,-,0,0,0,0,0,0,0,0,0,0,0,0,0,0,403371f36b4f9b51,b35670d7838a0a6c
int32,few_unique,brainsort,1,10000,20260912,0,1,,,,,,1,,windows-qpc-cycletime,1,,56028,44689,1024,70240,82528,611072,0,675,1416808,13549,2170,0,58976,4,1,0,0,radix,0,0,0,0,1,0,1,0,0,0,0,0,6,0,1eb7834a4ddd8a9d,fd8136f427658804
int32,few_unique,std::stable_sort,1,10000,20260912,0,1,,,,,,1,,windows-qpc-cycletime,1,,378530,138400,127529,0,0,0,0,42686,4135440,29649,1875,0,40000,1,0,0,0,-,0,0,0,0,0,0,0,0,0,0,0,0,0,0,1eb7834a4ddd8a9d,8a5124cb2606d947
int32,few_unique,gfx::timsort,1,10000,20260912,0,1,,,,,,1,,windows-qpc-cycletime,1,,389749,224054,102715,0,0,0,0,43673,4910424,7409,2641,0,59008,13,0,0,0,-,0,0,0,0,0,0,0,0,0,0,0,0,0,0,1eb7834a4ddd8a9d,ae4cc9246f240ecb
int32,few_unique,boost::spinsort,1,10000,20260912,0,1,,,,,,1,,windows-qpc-cycletime,1,,382241,150400,143003,0,0,0,0,38764,4261128,9946,1875,0,40000,1,0,0,0,-,0,0,0,0,0,0,0,0,0,0,0,0,0,0,1eb7834a4ddd8a9d,f3bf2d7e663f4203
int32,few_unique,boost::flat_stable_sort,1,10000,20260912,0,1,,,,,,1,,windows-qpc-cycletime,1,,441703,199086,155570,0,0,0,0,38140,5126312,4927,1378,0,8592,17,0,0,0,-,0,0,0,0,0,0,0,0,0,0,0,0,0,0,1eb7834a4ddd8a9d,3e775718a12ec505
int32,all_equal,brainsort,1,10000,20260912,0,1,,,,,,1,,windows-qpc-cycletime,1,,10000,0,9999,0,0,0,0,0,80000,1250,1250,0,0,0,1,0,0,sorted,1,0,0,0,0,0,0,0,0,0,0,0,0,0,95272738c97a3543,0dd6e3c07f33eeb7
int32,all_equal,std::stable_sort,1,10000,20260912,0,1,,,,,,1,,windows-qpc-cycletime,1,,257068,118570,73534,0,0,0,0,0,3005104,28749,1875,0,40000,1,0,0,0,-,0,0,0,0,0,0,0,0,0,0,0,0,0,0,95272738c97a3543,37ab6ceb59b1a993
int32,all_equal,gfx::timsort,1,10000,20260912,0,1,,,,,,1,,windows-qpc-cycletime,1,,19998,0,9999,0,0,0,0,0,159984,1250,1250,0,16,1,0,0,0,-,0,0,0,0,0,0,0,0,0,0,0,0,0,0,95272738c97a3543,f6576fdd7e9d774f
int32,all_equal,boost::spinsort,1,10000,20260912,0,1,,,,,,1,,windows-qpc-cycletime,1,,19998,0,9999,0,0,0,0,0,159984,1250,1250,0,0,0,0,0,0,-,0,0,0,0,0,0,0,0,0,0,0,0,0,0,95272738c97a3543,f6576fdd7e9d774f
int32,all_equal,boost::flat_stable_sort,1,10000,20260912,0,1,,,,,,1,,windows-qpc-cycletime,1,,21023,1025,9999,0,0,0,0,0,176384,1378,1378,0,8424,3,0,0,0,-,0,0,0,0,0,0,0,0,0,0,0,0,0,0,95272738c97a3543,7dd5c24a57ccac3e
int32,runs,brainsort,1,10000,20260912,0,1,,,,,,1,,windows-qpc-cycletime,1,,31194,21192,24621,0,0,0,0,8,419088,5025,1582,0,40024,2,1,0,0,runs,0,0,1,0,0,0,0,0,0,0,0,0,0,0,b806ebe557f9058f,a45d0a2589e0b063
int32,runs,std::stable_sort,1,10000,20260912,0,1,,,,,,1,,windows-qpc-cycletime,1,,271948,122378,79070,0,0,0,0,38,3154608,29688,1875,0,40000,1,0,0,0,-,0,0,0,0,0,0,0,0,0,0,0,0,0,0,b806ebe557f9058f,777ca830335f3668
int32,runs,gfx::timsort,1,10000,20260912,0,1,,,,,,1,,windows-qpc-cycletime,1,,37839,17559,10140,0,0,0,0,33,443184,4802,1889,0,40920,5,0,0,0,-,0,0,0,0,0,0,0,0,0,0,0,0,0,0,b806ebe557f9058f,284db550d0750c3c
int32,runs,boost::spinsort,1,10000,20260912,0,1,,,,,,1,,windows-qpc-cycletime,1,,116774,38014,40072,0,0,0,0,58,1238304,7553,1875,0,41536,9,0,0,0,-,0,0,0,0,0,0,0,0,0,0,0,0,0,0,b806ebe557f9058f,4aae576fd1527878
int32,runs,boost::flat_stable_sort,1,10000,20260912,0,1,,,,,,1,,windows-qpc-cycletime,1,,99711,54984,23950,0,0,0,0,60,1237560,4019,1378,0,8632,11,0,0,0,-,0,0,0,0,0,0,0,0,0,0,0,0,0,0,b806ebe557f9058f,54937007218ec675
int32,organ_pipe,brainsort,1,10000,20260912,0,1,,,,,,1,,windows-qpc-cycletime,1,,29996,19995,19997,0,0,0,0,9998,399928,4780,1875,0,40024,2,1,0,0,runs,0,0,1,0,0,0,0,0,0,0,0,0,0,0,7cc72811739f7b5b,fa03de970c8b4051
int32,organ_pipe,std::stable_sort,1,10000,20260912,0,1,,,,,,1,,windows-qpc-cycletime,1,,276828,138563,71275,0,0,0,0,9998,3323128,29565,1875,0,40000,1,0,0,0,-,0,0,0,0,0,0,0,0,0,0,0,0,0,0,7cc72811739f7b5b,ea46362be663f035
int32,organ_pipe,gfx::timsort,1,10000,20260912,0,1,,,,,,1,,windows-qpc-cycletime,1,,59993,19995,19999,0,0,0,0,9998,639904,5115,1875,0,40024,3,0,0,0,-,0,0,0,0,0,0,0,0,0,0,0,0,0,0,7cc72811739f7b5b,6c4b0f88a227810f
int32,organ_pipe,boost::spinsort,1,10000,20260912,0,1,,,,,,1,,windows-qpc-cycletime,1,,70000,19998,25001,0,0,0,0,10000,719984,5740,1875,0,40000,1,0,0,0,-,0,0,0,0,0,0,0,0,0,0,0,0,0,0,7cc72811739f7b5b,72aae6c6d84fb6e3
int32,organ_pipe,boost::flat_stable_sort,1,10000,20260912,0,1,,,,,,1,,windows-qpc-cycletime,1,,88725,41395,23853,0,0,0,0,10022,1040960,4694,1378,0,8592,7,0,0,0,-,0,0,0,0,0,0,0,0,0,0,0,0,0,0,7cc72811739f7b5b,8a2373f9a72ed61d
int32,small_range,brainsort,1,10000,20260912,0,1,,,,,,1,,windows-qpc-cycletime,1,,26354,35012,1024,0,0,0,0,656,490928,6306,1877,0,42576,2,1,0,0,radix,0,0,0,0,1,0,0,0,1,0,0,0,0,0,5275f13ecc526b5d,7d7b27e0fd538291
int32,small_range,std::stable_sort,1,10000,20260912,0,1,,,,,,1,,windows-qpc-cycletime,1,,353552,133326,117732,0,0,0,0,17269,3895024,29527,1875,0,40000,1,0,0,0,-,0,0,0,0,0,0,0,0,0,0,0,0,0,0,5275f13ecc526b5d,dfce01e17866134c
int32,small_range,gfx::timsort,1,10000,20260912,0,1,,,,,,1,,windows-qpc-cycletime,1,,243626,170850,55725,0,0,0,0,22756,3315808,5153,2263,0,44648,15,0,0,0,-,0,0,0,0,0,0,0,0,0,0,0,0,0,0,5275f13ecc526b5d,f538c8b70b2b1a82
int32,small_range,boost::spinsort,1,10000,20260912,0,1,,,,,,1,,windows-qpc-cycletime,1,,339261,137841,122489,0,0,0,0,15557,3816816,10003,1875,0,40000,1,0,0,0,-,0,0,0,0,0,0,0,0,0,0,0,0,0,0,5275f13ecc526b5d,2bec2c11946df12e
int32,small_range,boost::flat_stable_sort,1,10000,20260912,0,1,,,,,,1,,windows-qpc-cycletime,1,,369340,174196,125055,0,0,0,0,15603,4348288,4266,1378,0,8592,17,0,0,0,-,0,0,0,0,0,0,0,0,0,0,0,0,0,0,5275f13ecc526b5d,c4a243c87d7cf473
int32,sawtooth,brainsort,1,10000,20260912,0,1,,,,,,1,,windows-qpc-cycletime,1,,43402,22434,12088,21024,22482,174024,0,19,700712,17286,2620,0,84128,7,1,0,0,displaced,0,0,0,1,1,1,0,0,0,0,0,0,1,0,bfa62f77083c2113,3a825c70e0283ad8
int32,sawtooth,std::stable_sort,1,10000,20260912,0,1,,,,,,1,,windows-qpc-cycletime,1,,299017,123645,91989,0,0,0,0,18142,3381296,29701,1875,0,40000,1,0,0,0,-,0,0,0,0,0,0,0,0,0,0,0,0,0,0,bfa62f77083c2113,28b219ba1f1510ff
int32,sawtooth,gfx::timsort,1,10000,20260912,0,1,,,,,,1,,windows-qpc-cycletime,1,,142949,50949,46000,0,0,0,0,18019,1551184,7684,2125,0,48016,6,0,0,0,-,0,0,0,0,0,0,0,0,0,0,0,0,0,0,bfa62f77083c2113,a1c7f04a0b763a7e
int32,sawtooth,boost::spinsort,1,10000,20260912,0,1,,,,,,1,,windows-qpc-cycletime,1,,269359,105087,87178,0,0,0,0,18266,2995568,10088,1875,0,40000,1,0,0,0,-,0,0,0,0,0,0,0,0,0,0,0,0,0,0,bfa62f77083c2113,2d7ce3b44fe12e87
int32,sawtooth,boost::flat_stable_sort,1,10000,20260912,0,1,,,,,,1,,windows-qpc-cycletime,1,,286516,141735,76851,0,0,0,0,18370,3426008,5840,1378,0,8632,20,0,0,0,-,0,0,0,0,0,0,0,0,0,0,0,0,0,0,bfa62f77083c2113,6fbe8fa448b6f08e
int32,prefixed,brainsort,1,10000,20260912,0,1,,,,,,1,,windows-qpc-cycletime,1,,31339,20000,1024,42048,44096,344576,0,693,755288,18037,2628,0,88224,4,1,0,0,radix,0,0,0,0,1,0,0,0,0,0,0,0,2,0,5ec72eb97399329b,e34b0bf76349b8b2
int32,prefixed,std::stable_sort,1,10000,20260912,0,1,,,,,,1,,windows-qpc-cycletime,1,,379043,138519,127740,0,0,0,0,62641,4140496,29634,1875,0,40000,1,0,0,0,-,0,0,0,0,0,0,0,0,0,0,0,0,0,0,5ec72eb97399329b,c4c28ebbf2388d4f
int32,prefixed,gfx::timsort,1,10000,20260912,0,1,,,,,,1,,windows-qpc-cycletime,1,,426167,225552,120241,0,0,0,0,59983,5213752,7386,2660,0,59616,14,0,0,0,-,0,0,0,0,0,0,0,0,0,0,0,0,0,0,5ec72eb97399329b,c553b467e8120b37
int32,prefixed,boost::spinsort,1,10000,20260912,0,1,,,,,,1,,windows-qpc-cycletime,1,,383522,150876,143576,0,0,0,0,58915,4275184,9935,1875,0,40000,1,0,0,0,-,0,0,0,0,0,0,0,0,0,0,0,0,0,0,5ec72eb97399329b,846dbf66bdc0081f
int32,prefixed,boost::flat_stable_sort,1,10000,20260912,0,1,,,,,,1,,windows-qpc-cycletime,1,,444843,200646,156972,0,0,0,0,57951,5163912,4953,1378,0,8592,17,0,0,0,-,0,0,0,0,0,0,0,0,0,0,0,0,0,0,5ec72eb97399329b,7aff131cc159d01b
int32,sparse_bits,brainsort,1,10000,20260912,0,1,,,,,,1,,windows-qpc-cycletime,1,,31339,20000,1024,20256,20512,163072,0,691,573784,7137,2516,0,81056,4,1,0,0,radix,0,0,0,0,1,0,0,0,0,0,0,0,1,0,4281d21513c75187,2da0118dd0ab59a0
int32,sparse_bits,std::stable_sort,1,10000,20260912,0,1,,,,,,1,,windows-qpc-cycletime,1,,379328,138758,127797,0,0,0,0,49198,4144688,29657,1875,0,40000,1,0,0,0,-,0,0,0,0,0,0,0,0,0,0,0,0,0,0,4281d21513c75187,70fa57075eda1b36
int32,sparse_bits,gfx::timsort,1,10000,20260912,0,1,,,,,,1,,windows-qpc-cycletime,1,,409970,224726,112532,0,0,0,0,49549,5077568,6651,2523,0,59424,14,0,0,0,-,0,0,0,0,0,0,0,0,0,0,0,0,0,0,4281d21513c75187,9855bfe8ef312a7e
int32,sparse_bits,boost::spinsort,1,10000,20260912,0,1,,,,,,1,,windows-qpc-cycletime,1,,383168,150659,143442,0,0,0,0,45246,4270616,9945,1875,0,40000,1,0,0,0,-,0,0,0,0,0,0,0,0,0,0,0,0,0,0,4281d21513c75187,7391057663b476d2
int32,sparse_bits,boost::flat_stable_sort,1,10000,20260912,0,1,,,,,,1,,windows-qpc-cycletime,1,,444570,200411,156902,0,0,0,0,44314,5159848,4939,1378,0,8592,17,0,0,0,-,0,0,0,0,0,0,0,0,0,0,0,0,0,0,4281d21513c75187,f9a7061b04020043
double,random,brainsort,1,10000,20260912,0,1,,,,,,1,,windows-qpc-cycletime,1,,76433,65093,1024,134762,167530,1209168,0,687,3473584,77125,4286,0,117920,4,1,0,0,radix,0,0,0,0,1,0,1,0,0,0,0,0,11,0,b98b15a50016d20d,5a5b5cebada0e8f2
double,random,std::stable_sort,1,10000,20260912,0,1,,,,,,1,,windows-qpc-cycletime,1,,379229,138672,127755,0,0,0,0,62669,8286416,59743,3750,0,80000,1,0,0,0,-,0,0,0,0,0,0,0,0,0,0,0,0,0,0,b98b15a50016d20d,4c102d1fcd64e545
double,random,gfx::timsort,1,10000,20260912,0,1,,,,,,1,,windows-qpc-cycletime,1,,426151,225465,120273,0,0,0,0,59955,10425856,21158,5588,0,119104,16,0,0,0,-,0,0,0,0,0,0,0,0,0,0,0,0,0,0,b98b15a50016d20d,4b5af2ff0cb38b42
double,random,boost::spinsort,1,10000,20260912,0,1,,,,,,1,,windows-qpc-cycletime,1,,384389,151266,144024,0,0,0,0,58971,8570480,25192,3750,0,80000,1,0,0,0,-,0,0,0,0,0,0,0,0,0,0,0,0,0,0,b98b15a50016d20d,78e17c74c5316a23
double,random,boost::flat_stable_sort,1,10000,20260912,0,1,,,,,,1,,windows-qpc-cycletime,1,,441844,202439,149785,0,0,0,0,58587,10308528,12181,2628,0,8912,33,0,0,0,-,0,0,0,0,0,0,0,0,0,0,0,0,0,0,b98b15a50016d20d,b43b425719f9676c
double,sorted,brainsort,1,10000,20260912,0,1,,,,,,1,,windows-qpc-cycletime,1,,10000,0,9999,0,0,0,0,0,160000,2500,2500,0,0,0,1,0,0,sorted,1,0,0,0,0,0,0,0,0,0,0,0,0,0,95272738c97a3543,998cd2f89c3900b7
double,sorted,std::stable_sort,1,10000,20260912,0,1,,,,,,1,,windows-qpc-cycletime,1,,257068,118570,73534,0,0,0,0,0,6010208,57501,3750,0,80000,1,0,0,0,-,0,0,0,0,0,0,0,0,0,0,0,0,0,0,95272738c97a3543,6bd6e234ec4dfa13
double,sorted,gfx::timsort,1,10000,20260912,0,1,,,,,,1,,windows-qpc-cycletime,1,,19998,0,9999,0,0,0,0,0,319968,2500,2500,0,16,1,0,0,0,-,0,0,0,0,0,0,0,0,0,0,0,0,0,0,95272738c97a3543,3ac7b99dc4d0f10f
double,sorted,boost::spinsort,1,10000,20260912,0,1,,,,,,1,,windows-qpc-cycletime,1,,19998,0,9999,0,0,0,0,0,319968,2500,2500,0,0,0,0,0,0,-,0,0,0,0,0,0,0,0,0,0,0,0,0,0,95272738c97a3543,3ac7b99dc4d0f10f
double,sorted,boost::flat_stable_sort,1,10000,20260912,0,1,,,,,,1,,windows-qpc-cycletime,1,,20511,513,9999,0,0,0,0,0,336384,2628,2628,0,8584,3,0,0,0,-,0,0,0,0,0,0,0,0,0,0,0,0,0,0,95272738c97a3543,77e702aaeddbc87e
double,reverse,brainsort,1,10000,20260912,0,1,,,,,,1,,windows-qpc-cycletime,1,,20000,10000,9999,0,0,0,0,0,480000,4744,2500,0,0,0,1,0,0,reverse,0,1,0,0,0,0,0,0,0,0,0,0,0,0,18489aa670217473,e3ff8652ce879d80
double,reverse,std::stable_sort,1,10000,20260912,0,1,,,,,,1,,windows-qpc-cycletime,1,,271600,153560,59020,0,0,0,0,0,6802560,60000,3750,0,80000,1,0,0,0,-,0,0,0,0,0,0,0,0,0,0,0,0,0,0,18489aa670217473,e5ebcbd0985d046b
double,reverse,gfx::timsort,1,10000,20260912,0,1,,,,,,1,,windows-qpc-cycletime,1,,29998,10000,9999,0,0,0,0,0,639968,4744,2500,0,16,1,0,0,0,-,0,0,0,0,0,0,0,0,0,0,0,0,0,0,18489aa670217473,1f3f284816f93c6a
double,reverse,boost::spinsort,1,10000,20260912,0,1,,,,,,1,,windows-qpc-cycletime,1,,30000,10000,10000,0,0,0,0,0,640000,4744,2500,0,0,0,0,0,0,-,0,0,0,0,0,0,0,0,0,0,0,0,0,0,18489aa670217473,64a6b7132edf34c3
double,reverse,boost::flat_stable_sort,1,10000,20260912,0,1,,,,,,1,,windows-qpc-cycletime,1,,30513,10513,10000,0,0,0,0,0,656416,4872,2628,0,8584,3,0,0,0,-,0,0,0,0,0,0,0,0,0,0,0,0,0,0,18489aa670217473,0046387adcaf9eec
double,nearly_sorted,brainsort,1,10000,20260912,0,1,,,,,,1,,windows-qpc-cycletime,1,,36223,21876,31991,0,398,1592,0,1793,931176,7309,2601,0,7736,4,1,0,0,displaced,0,0,0,1,0,0,0,0,0,0,0,0,0,0,403371f36b4f9b51,0fdde7aeff45dc73
double,nearly_sorted,std::stable_sort,1,10000,20260912,0,1,,,,,,1,,windows-qpc-cycletime,1,,324445,124167,104526,0,0,0,0,2298,7177792,58759,3750,0,80000,1,0,0,0,-,0,0,0,0,0,0,0,0,0,0,0,0,0,0,403371f36b4f9b51,a24b5cfdbdaf4645
double,nearly_sorted,gfx::timsort,1,10000,20260912,0,1,,,,,,1,,windows-qpc-cycletime,1,,126912,89317,23336,0,0,0,0,4441,3459664,17655,5015,0,110576,15,0,0,0,-,0,0,0,0,0,0,0,0,0,0,0,0,0,0,403371f36b4f9b51,a3423da56d8c0499
double,nearly_sorted,boost::spinsort,1,10000,20260912,0,1,,,,,,1,,windows-qpc-cycletime,1,,272604,106354,88756,0,0,0,0,3192,6063328,26003,3750,0,80000,1,0,0,0,-,0,0,0,0,0,0,0,0,0,0,0,0,0,0,403371f36b4f9b51,f9594b17fd702114
double,nearly_sorted,boost::flat_stable_sort,1,10000,20260912,0,1,,,,,,1,,windows-qpc-cycletime,1,,295828,148317,79424,0,0,0,0,3354,7106320,12477,2628,0,8912,33,0,0,0,-,0,0,0,0,0,0,0,0,0,0,0,0,0,0,403371f36b4f9b51,e0195bae05be654b
double,few_unique,brainsort,1,10000,20260912,0,1,,,,,,1,,windows-qpc-cycletime,1,,36187,24846,1024,38292,38292,386336,0,672,1362864,16023,4133,0,134304,4,1,0,0,radix,0,0,0,0,1,0,1,0,0,2,2,0,2,0,ccd59be53df08c95,17a89c6e02f178aa
double,few_unique,std::stable_sort,1,10000,20260912,0,1,,,,,,1,,windows-qpc-cycletime,1,,378579,138418,127581,0,0,0,0,42854,8271952,59723,3750,0,80000,1,0,0,0,-,0,0,0,0,0,0,0,0,0,0,0,0,0,0,ccd59be53df08c95,af2894d5ab8f018d
double,few_unique,gfx::timsort,1,10000,20260912,0,1,,,,,,1,,windows-qpc-cycletime,1,,389653,223969,102708,0,0,0,0,43945,9817952,20975,5581,0,118000,17,0,0,0,-,0,0,0,0,0,0,0,0,0,0,0,0,0,0,ccd59be53df08c95,80e9761f4bb1525b
double,few_unique,boost::spinsort,1,10000,20260912,0,1,,,,,,1,,windows-qpc-cycletime,1,,382365,150435,143075,0,0,0,0,38694,8524800,25177,3750,0,80000,1,0,0,0,-,0,0,0,0,0,0,0,0,0,0,0,0,0,0,ccd59be53df08c95,c120a12f9b5d3412
double,few_unique,boost::flat_stable_sort,1,10000,20260912,0,1,,,,,,1,,windows-qpc-cycletime,1,,440349,202018,148875,0,0,0,0,38878,10277872,12299,2628,0,8912,33,0,0,0,-,0,0,0,0,0,0,0,0,0,0,0,0,0,0,ccd59be53df08c95,2d3d3485f5a8f34d
double,all_equal,brainsort,1,10000,20260912,0,1,,,,,,1,,windows-qpc-cycletime,1,,10000,0,9999,0,0,0,0,0,160000,2500,2500,0,0,0,1,0,0,sorted,1,0,0,0,0,0,0,0,0,0,0,0,0,0,95272738c97a3543,998cd2f89c3900b7
double,all_equal,std::stable_sort,1,10000,20260912,0,1,,,,,,1,,windows-qpc-cycletime,1,,257068,118570,73534,0,0,0,0,0,6010208,57501,3750,0,80000,1,0,0,0,-,0,0,0,0,0,0,0,0,0,0,0,0,0,0,95272738c97a3543,6bd6e234ec4dfa13
double,all_equal,gfx::timsort,1,10000,20260912,0,1,,,,,,1,,windows-qpc-cycletime,1,,19998,0,9999,0,0,0,0,0,319968,2500,2500,0,16,1,0,0,0,-,0,0,0,0,0,0,0,0,0,0,0,0,0,0,95272738c97a3543,3ac7b99dc4d0f10f
double,all_equal,boost::spinsort,1,10000,20260912,0,1,,,,,,1,,windows-qpc-cycletime,1,,19998,0,9999,0,0,0,0,0,319968,2500,2500,0,0,0,0,0,0,-,0,0,0,0,0,0,0,0,0,0,0,0,0,0,95272738c97a3543,3ac7b99dc4d0f10f
double,all_equal,boost::flat_stable_sort,1,10000,20260912,0,1,,,,,,1,,windows-qpc-cycletime,1,,20511,513,9999,0,0,0,0,0,336384,2628,2628,0,8584,3,0,0,0,-,0,0,0,0,0,0,0,0,0,0,0,0,0,0,95272738c97a3543,77e702aaeddbc87e
double,runs,brainsort,1,10000,20260912,0,1,,,,,,1,,windows-qpc-cycletime,1,,31194,21192,24621,0,0,0,0,8,838176,12267,3164,0,80032,2,1,0,0,runs,0,0,1,0,0,0,0,0,0,0,0,0,0,0,b806ebe557f9058f,3119b9435d508463
double,runs,std::stable_sort,1,10000,20260912,0,1,,,,,,1,,windows-qpc-cycletime,1,,271948,122378,79070,0,0,0,0,38,6309216,59405,3750,0,80000,1,0,0,0,-,0,0,0,0,0,0,0,0,0,0,0,0,0,0,b806ebe557f9058f,0723e918ff938a68
double,runs,gfx::timsort,1,10000,20260912,0,1,,,,,,1,,windows-qpc-cycletime,1,,37839,17559,10140,0,0,0,0,33,886368,10995,3777,0,81776,5,0,0,0,-,0,0,0,0,0,0,0,0,0,0,0,0,0,0,b806ebe557f9058f,4a7a391e813e6dfc
double,runs,boost::spinsort,1,10000,20260912,0,1,,,,,,1,,windows-qpc-cycletime,1,,116774,38014,40072,0,0,0,0,58,2476608,18031,3750,0,81536,9,0,0,0,-,0,0,0,0,0,0,0,0,0,0,0,0,0,0,b806ebe557f9058f,688b802c4dd57f78
double,runs,boost::flat_stable_sort,1,10000,20260912,0,1,,,,,,1,,windows-qpc-cycletime,1,,95755,55004,21778,0,0,0,0,74,2412144,8563,2628,0,8952,15,0,0,0,-,0,0,0,0,0,0,0,0,0,0,0,0,0,0,b806ebe557f9058f,59573908e3688937
double,organ_pipe,brainsort,1,10000,20260912,0,1,,,,,,1,,windows-qpc-cycletime,1,,29996,19995,19997,0,0,0,0,9998,799856,10390,3750,0,80032,2,1,0,0,runs,0,0,1,0,0,0,0,0,0,0,0,0,0,0,7cc72811739f7b5b,47864ca85e312191
double,organ_pipe,std::stable_sort,1,10000,20260912,0,1,,,,,,1,,windows-qpc-cycletime,1,,276828,138563,71275,0,0,0,0,9998,6646256,59743,3750,0,80000,1,0,0,0,-,0,0,0,0,0,0,0,0,0,0,0,0,0,0,7cc72811739f7b5b,d9484e59c7db49f5
double,organ_pipe,gfx::timsort,1,10000,20260912,0,1,,,,,,1,,windows-qpc-cycletime,1,,59993,19995,19999,0,0,0,0,9998,1279808,10740,3750,0,80016,3,0,0,0,-,0,0,0,0,0,0,0,0,0,0,0,0,0,0,7cc72811739f7b5b,5690b2ebaad47b4f
double,organ_pipe,boost::spinsort,1,10000,20260912,0,1,,,,,,1,,windows-qpc-cycletime,1,,70000,19998,25001,0,0,0,0,10000,1439968,11990,3750,0,80000,1,0,0,0,-,0,0,0,0,0,0,0,0,0,0,0,0,0,0,7cc72811739f7b5b,34147aad1c817563
double,organ_pipe,boost::flat_stable_sort,1,10000,20260912,0,1,,,,,,1,,windows-qpc-cycletime,1,,82641,40371,21195,0,0,0,0,10040,1968192,9881,2628,0,8912,7,0,0,0,-,0,0,0,0,0,0,0,0,0,0,0,0,0,0,7cc72811739f7b5b,3ada39775a357cfb
double,small_range,brainsort,1,10000,20260912,0,1,,,,,,1,,windows-qpc-cycletime,1,,31339,20000,1024,22048,24096,184576,0,656,1006000,13069,5128,0,168224,4,1,0,0,radix,0,0,0,0,1,0,0,0,0,0,0,0,1,0,5275f13ecc526b5d,67cfc6fc6d80e8d0
double,small_range,std::stable_sort,1,10000,20260912,0,1,,,,,,1,,windows-qpc-cycletime,1,,353552,133326,117732,0,0,0,0,17269,7790048,59371,3750,0,80000,1,0,0,0,-,0,0,0,0,0,0,0,0,0,0,0,0,0,0,5275f13ecc526b5d,2b4d1dc9fe69698c
double,small_range,gfx::timsort,1,10000,20260912,0,1,,,,,,1,,windows-qpc-cycletime,1,,243626,170850,55725,0,0,0,0,22756,6631616,16208,4523,0,89168,15,0,0,0,-,0,0,0,0,0,0,0,0,0,0,0,0,0,0,5275f13ecc526b5d,fcf05bfca7cca4c2
double,small_range,boost::spinsort,1,10000,20260912,0,1,,,,,,1,,windows-qpc-cycletime,1,,339261,137841,122489,0,0,0,0,15557,7633632,25365,3750,0,80000,1,0,0,0,-,0,0,0,0,0,0,0,0,0,0,0,0,0,0,5275f13ecc526b5d,93c2bcb5f6ab81ee
double,small_range,boost::flat_stable_sort,1,10000,20260912,0,1,,,,,,1,,windows-qpc-cycletime,1,,350776,172864,112834,0,0,0,0,15739,8378240,10325,2628,0,8912,33,0,0,0,-,0,0,0,0,0,0,0,0,0,0,0,0,0,0,5275f13ecc526b5d,dad6f5a81e2c135c
double,sawtooth,brainsort,1,10000,20260912,0,1,,,,,,1,,windows-qpc-cycletime,1,,53403,22434,12088,62048,68626,602696,0,19,1816088,37088,5764,0,209184,7,1,0,0,displaced,0,0,0,1,1,1,0,0,0,1,0,0,2,0,bfa62f77083c2113,5cd2a81dfd6f749d
double,sawtooth,std::stable_sort,1,10000,20260912,0,1,,,,,,1,,windows-qpc-cycletime,1,,299017,123645,91989,0,0,0,0,18142,6762592,59742,3750,0,80000,1,0,0,0,-,0,0,0,0,0,0,0,0,0,0,0,0,0,0,bfa62f77083c2113,68d02bd3a2c911bf
double,sawtooth,gfx::timsort,1,10000,20260912,0,1,,,,,,1,,windows-qpc-cycletime,1,,142949,50949,46000,0,0,0,0,18019,3102368,23082,4249,0,95968,6,0,0,0,-,0,0,0,0,0,0,0,0,0,0,0,0,0,0,bfa62f77083c2113,19996c530c0ee77e
double,sawtooth,boost::spinsort,1,10000,20260912,0,1,,,,,,1,,windows-qpc-cycletime,1,,269359,105087,87178,0,0,0,0,18266,5991136,25610,3750,0,80000,1,0,0,0,-,0,0,0,0,0,0,0,0,0,0,0,0,0,0,bfa62f77083c2113,54da7972ad00e207
double,sawtooth,boost::flat_stable_sort,1,10000,20260912,0,1,,,,,,1,,windows-qpc-cycletime,1,,286011,143409,74986,0,0,0,0,18424,6870720,16128,2628,0,8952,31,0,0,0,-,0,0,0,0,0,0,0,0,0,0,0,0,0,0,bfa62f77083c2113,dacaad3dc584b57d
double,prefixed,brainsort,1,10000,20260912,0,1,,,,,,1,,windows-qpc-cycletime,1,,66246,54907,1024,100480,133248,934912,0,687,2873360,60654,4286,0,117920,4,1,0,0,radix,0,0,0,0,1,0,1,0,0,0,0,0,8,0,b98b15a50016d20d,72a771f8f9f6eb57
double,prefixed,std::stable_sort,1,10000,20260912,0,1,,,,,,1,,windows-qpc-cycletime,1,,379229,138672,127755,0,0,0,0,62669,8286416,59743,3750,0,80000,1,0,0,0,-,0,0,0,0,0,0,0,0,0,0,0,0,0,0,b98b15a50016d20d,4c102d1fcd64e545
double,prefixed,gfx::timsort,1,10000,20260912,0,1,,,,,,1,,windows-qpc-cycletime,1,,426151,225465,120273,0,0,0,0,59955,10425856,21158,5588,0,119104,16,0,0,0,-,0,0,0,0,0,0,0,0,0,0,0,0,0,0,b98b15a50016d20d,4b5af2ff0cb38b42
double,prefixed,boost::spinsort,1,10000,20260912,0,1,,,,,,1,,windows-qpc-cycletime,1,,384389,151266,144024,0,0,0,0,58971,8570480,25192,3750,0,80000,1,0,0,0,-,0,0,0,0,0,0,0,0,0,0,0,0,0,0,b98b15a50016d20d,78e17c74c5316a23
double,prefixed,boost::flat_stable_sort,1,10000,20260912,0,1,,,,,,1,,windows-qpc-cycletime,1,,441844,202439,149785,0,0,0,0,58587,10308528,12181,2628,0,8912,33,0,0,0,-,0,0,0,0,0,0,0,0,0,0,0,0,0,0,b98b15a50016d20d,b43b425719f9676c
int64,random,brainsort,1,10000,20260912,0,1,,,,,,1,,windows-qpc-cycletime,1,,86411,75072,1024,140480,165056,1222144,0,670,3805872,82413,4024,0,101536,4,1,0,0,radix,0,0,0,0,1,0,1,0,0,0,0,0,12,0,eea6a009cdd7eba5,3c67e1203b0cbb7f
int64,random,std::stable_sort,1,10000,20260912,0,1,,,,,,1,,windows-qpc-cycletime,1,,379352,138609,127934,0,0,0,0,62625,8287376,59738,3750,0,80000,1,0,0,0,-,0,0,0,0,0,0,0,0,0,0,0,0,0,0,eea6a009cdd7eba5,cf1758ef161172bd
int64,random,gfx::timsort,1,10000,20260912,0,1,,,,,,1,,windows-qpc-cycletime,1,,426337,225657,120289,0,0,0,0,60041,10431904,20764,5328,0,119152,14,0,0,0,-,0,0,0,0,0,0,0,0,0,0,0,0,0,0,eea6a009cdd7eba5,faf249bc677cfac1
int64,random,boost::spinsort,1,10000,20260912,0,1,,,,,,1,,windows-qpc-cycletime,1,,382523,150342,143105,0,0,0,0,58963,8525840,25171,3750,0,80000,1,0,0,0,-,0,0,0,0,0,0,0,0,0,0,0,0,0,0,eea6a009cdd7eba5,0daadad471d7a24c
int64,random,boost::flat_stable_sort,1,10000,20260912,0,1,,,,,,1,,windows-qpc-cycletime,1,,442376,203268,149573,0,0,0,0,58717,10330304,12327,2628,0,8912,33,0,0,0,-,0,0,0,0,0,0,0,0,0,0,0,0,0,0,eea6a009cdd7eba5,e3113bb91ee1b03b
int64,sorted,brainsort,1,10000,20260912,0,1,,,,,,1,,windows-qpc-cycletime,1,,10000,0,9999,0,0,0,0,0,160000,2500,2500,0,0,0,1,0,0,sorted,1,0,0,0,0,0,0,0,0,0,0,0,0,0,95272738c97a3543,998cd2f89c3900b7
int64,sorted,std::stable_sort,1,10000,20260912,0,1,,,,,,1,,windows-qpc-cycletime,1,,257068,118570,73534,0,0,0,0,0,6010208,57501,3750,0,80000,1,0,0,0,-,0,0,0,0,0,0,0,0,0,0,0,0,0,0,95272738c97a3543,6bd6e234ec4dfa13
int64,sorted,gfx::timsort,1,10000,20260912,0,1,,,,,,1,,windows-qpc-cycletime,1,,19998,0,9999,0,0,0,0,0,319968,2500,2500,0,16,1,0,0,0,-,0,0,0,0,0,0,0,0,0,0,0,0,0,0,95272738c97a3543,3ac7b99dc4d0f10f
int64,sorted,boost::spinsort,1,10000,20260912,0,1,,,,,,1,,windows-qpc-cycletime,1,,19998,0,9999,0,0,0,0,0,319968,2500,2500,0,0,0,0,0,0,-,0,0,0,0,0,0,0,0,0,0,0,0,0,0,95272738c97a3543,3ac7b99dc4d0f10f
int64,sorted,boost::flat_stable_sort,1,10000,20260912,0,1,,,,,,1,,windows-qpc-cycletime,1,,20511,513,9999,0,0,0,0,0,336384,2628,2628,0,8584,3,0,0,0,-,0,0,0,0,0,0,0,0,0,0,0,0,0,0,95272738c97a3543,77e702aaeddbc87e
int64,reverse,brainsort,1,10000,20260912,0,1,,,,,,1,,windows-qpc-cycletime,1,,20000,10000,9999,0,0,0,0,0,480000,4744,2500,0,0,0,1,0,0,reverse,0,1,0,0,0,0,0,0,0,0,0,0,0,0,18489aa670217473,e3ff8652ce879d80
int64,reverse,std::stable_sort,1,10000,20260912,0,1,,,,,,1,,windows-qpc-cycletime,1,,271600,153560,59020,0,0,0,0,0,6802560,60000,3750,0,80000,1,0,0,0,-,0,0,0,0,0,0,0,0,0,0,0,0,0,0,18489aa670217473,e5ebcbd0985d046b
int64,reverse,gfx::timsort,1,10000,20260912,0,1,,,,,,1,,windows-qpc-cycletime,1,,29998,10000,9999,0,0,0,0,0,639968,4744,2500,0,16,1,0,0,0,-,0,0,0,0,0,0,0,0,0,0,0,0,0,0,18489aa670217473,1f3f284816f93c6a
int64,reverse,boost::spinsort,1,10000,20260912,0,1,,,,,,1,,windows-qpc-cycletime,1,,30000,10000,10000,0,0,0,0,0,640000,4744,2500,0,0,0,0,0,0,-,0,0,0,0,0,0,0,0,0,0,0,0,0,0,18489aa670217473,64a6b7132edf34c3
int64,reverse,boost::flat_stable_sort,1,10000,20260912,0,1,,,,,,1,,windows-qpc-cycletime,1,,30513,10513,10000,0,0,0,0,0,656416,4872,2628,0,8584,3,0,0,0,-,0,0,0,0,0,0,0,0,0,0,0,0,0,0,18489aa670217473,0046387adcaf9eec
int64,nearly_sorted,brainsort,1,10000,20260912,0,1,,,,,,1,,windows-qpc-cycletime,1,,36223,21876,31991,0,398,1592,0,1793,931176,7309,2601,0,7736,4,1,0,0,displaced,0,0,0,1,0,0,0,0,0,0,0,0,0,0,403371f36b4f9b51,0fdde7aeff45dc73
int64,nearly_sorted,std::stable_sort,1,10000,20260912,0,1,,,,,,1,,windows-qpc-cycletime,1,,324445,124167,104526,0,0,0,0,2298,7177792,58759,3750,0,80000,1,0,0,0,-,0,0,0,0,0,0,0,0,0,0,0,0,0,0,403371f36b4f9b51,a24b5cfdbdaf4645
int64,nearly_sorted,gfx::timsort,1,10000,20260912,0,1,,,,,,1,,windows-qpc-cycletime,1,,126912,89317,23336,0,0,0,0,4441,3459664,17655,5015,0,110576,15,0,0,0,-,0,0,0,0,0,0,0,0,0,0,0,0,0,0,403371f36b4f9b51,a3423da56d8c0499
int64,nearly_sorted,boost::spinsort,1,10000,20260912,0,1,,,,,,1,,windows-qpc-cycletime,1,,272604,106354,88756,0,0,0,0,3192,6063328,26003,3750,0,80000,1,0,0,0,-,0,0,0,0,0,0,0,0,0,0,0,0,0,0,403371f36b4f9b51,f9594b17fd702114
int64,nearly_sorted,boost::flat_stable_sort,1,10000,20260912,0,1,,,,,,1,,windows-qpc-cycletime,1,,295828,148317,79424,0,0,0,0,3354,7106320,12477,2628,0,8912,33,0,0,0,-,0,0,0,0,0,0,0,0,0,0,0,0,0,0,403371f36b4f9b51,e0195bae05be654b
int64,few_unique,brainsort,1,10000,20260912,0,1,,,,,,1,,windows-qpc-cycletime,1,,36309,24968,1024,38292,38292,386336,0,690,1366768,16051,4099,0,134304,4,1,0,0,radix,0,0,0,0,1,0,1,0,0,2,2,0,2,0,5e7d5a0afd77e4b5,5afe5653a6f9bcf1
int64,few_unique,std::stable_sort,1,10000,20260912,0,1,,,,,,1,,windows-qpc-cycletime,1,,378256,138282,127411,0,0,0,0,42716,8264608,59717,3750,0,80000,1,0,0,0,-,0,0,0,0,0,0,0,0,0,0,0,0,0,0,5e7d5a0afd77e4b5,96fc90102f9ea98d
int64,few_unique,gfx::timsort,1,10000,20260912,0,1,,,,,,1,,windows-qpc-cycletime,1,,388683,222832,102858,0,0,0,0,43919,9784240,20563,5351,0,117968,16,0,0,0,-,0,0,0,0,0,0,0,0,0,0,0,0,0,0,5e7d5a0afd77e4b5,52d1a94d65ebf5a2
int64,few_unique,boost::spinsort,1,10000,20260912,0,1,,,,,,1,,windows-qpc-cycletime,1,,383541,151044,143655,0,0,0,0,38824,8553360,25162,3750,0,80000,1,0,0,0,-,0,0,0,0,0,0,0,0,0,0,0,0,0,0,5e7d5a0afd77e4b5,d6538b39afb96a7b
int64,few_unique,boost::flat_stable_sort,1,10000,20260912,0,1,,,,,,1,,windows-qpc-cycletime,1,,439405,201249,148758,0,0,0,0,38806,10250464,12160,2628,0,8912,33,0,0,0,-,0,0,0,0,0,0,0,0,0,0,0,0,0,0,5e7d5a0afd77e4b5,091cbbe286d70184
int64,all_equal,brainsort,1,10000,20260912,0,1,,,,,,1,,windows-qpc-cycletime,1,,10000,0,9999,0,0,0,0,0,160000,2500,2500,0,0,0,1,0,0,sorted,1,0,0,0,0,0,0,0,0,0,0,0,0,0,95272738c97a3543,998cd2f89c3900b7
int64,all_equal,std::stable_sort,1,10000,20260912,0,1,,,,,,1,,windows-qpc-cycletime,1,,257068,118570,73534,0,0,0,0,0,6010208,57501,3750,0,80000,1,0,0,0,-,0,0,0,0,0,0,0,0,0,0,0,0,0,0,95272738c97a3543,6bd6e234ec4dfa13
int64,all_equal,gfx::timsort,1,10000,20260912,0,1,,,,,,1,,windows-qpc-cycletime,1,,19998,0,9999,0,0,0,0,0,319968,2500,2500,0,16,1,0,0,0,-,0,0,0,0,0,0,0,0,0,0,0,0,0,0,95272738c97a3543,3ac7b99dc4d0f10f
int64,all_equal,boost::spinsort,1,10000,20260912,0,1,,,,,,1,,windows-qpc-cycletime,1,,19998,0,9999,0,0,0,0,0,319968,2500,2500,0,0,0,0,0,0,-,0,0,0,0,0,0,0,0,0,0,0,0,0,0,95272738c97a3543,3ac7b99dc4d0f10f
int64,all_equal,boost::flat_stable_sort,1,10000,20260912,0,1,,,,,,1,,windows-qpc-cycletime,1,,20511,513,9999,0,0,0,0,0,336384,2628,2628,0,8584,3,0,0,0,-,0,0,0,0,0,0,0,0,0,0,0,0,0,0,95272738c97a3543,77e702aaeddbc87e
int64,runs,brainsort,1,10000,20260912,0,1,,,,,,1,,windows-qpc-cycletime,1,,31194,21192,24621,0,0,0,0,8,838176,12267,3164,0,80032,2,1,0,0,runs,0,0,1,0,0,0,0,0,0,0,0,0,0,0,b806ebe557f9058f,3119b9435d508463
int64,runs,std::stable_sort,1,10000,20260912,0,1,,,,,,1,,windows-qpc-cycletime,1,,271948,122378,79070,0,0,0,0,38,6309216,59405,3750,0,80000,1,0,0,0,-,0,0,0,0,0,0,0,0,0,0,0,0,0,0,b806ebe557f9058f,0723e918ff938a68
int64,runs,gfx::timsort,1,10000,20260912,0,1,,,,,,1,,windows-qpc-cycletime,1,,37839,17559,10140,0,0,0,0,33,886368,10995,3777,0,81776,5,0,0,0,-,0,0,0,0,0,0,0,0,0,0,0,0,0,0,b806ebe557f9058f,4a7a391e813e6dfc
int64,runs,boost::spinsort,1,10000,20260912,0,1,,,,,,1,,windows-qpc-cycletime,1,,116774,38014,40072,0,0,0,0,58,2476608,18031,3750,0,81536,9,0,0,0,-,0,0,0,0,0,0,0,0,0,0,0,0,0,0,b806ebe557f9058f,688b802c4dd57f78
int64,runs,boost::flat_stable_sort,1,10000,20260912,0,1,,,,,,1,,windows-qpc-cycletime,1,,95755,55004,21778,0,0,0,0,74,2412144,8563,2628,0,8952,15,0,0,0,-,0,0,0,0,0,0,0,0,0,0,0,0,0,0,b806ebe557f9058f,59573908e3688937
int64,organ_pipe,brainsort,1,10000,20260912,0,1,,,,,,1,,windows-qpc-cycletime,1,,29996,19995,19997,0,0,0,0,9998,799856,10390,3750,0,80032,2,1,0,0,runs,0,0,1,0,0,0,0,0,0,0,0,0,0,0,7cc72811739f7b5b,47864ca85e312191
int64,organ_pipe,std::stable_sort,1,10000,20260912,0,1,,,,,,1,,windows-qpc-cycletime,1,,276828,138563,71275,0,0,0,0,9998,6646256,59743,3750,0,80000,1,0,0,0,-,0,0,0,0,0,0,0,0,0,0,0,0,0,0,7cc72811739f7b5b,d9484e59c7db49f5
int64,organ_pipe,gfx::timsort,1,10000,20260912,0,1,,,,,,1,,windows-qpc-cycletime,1,,59993,19995,19999,0,0,0,0,9998,1279808,10740,3750,0,80016,3,0,0,0,-,0,0,0,0,0,0,0,0,0,0,0,0,0,0,7cc72811739f7b5b,5690b2ebaad47b4f
int64,organ_pipe,boost::spinsort,1,10000,20260912,0,1,,,,,,1,,windows-qpc-cycletime,1,,70000,19998,25001,0,0,0,0,10000,1439968,11990,3750,0,80000,1,0,0,0,-,0,0,0,0,0,0,0,0,0,0,0,0,0,0,7cc72811739f7b5b,34147aad1c817563
int64,organ_pipe,boost::flat_stable_sort,1,10000,20260912,0,1,,,,,,1,,windows-qpc-cycletime,1,,82641,40371,21195,0,0,0,0,10040,1968192,9881,2628,0,8912,7,0,0,0,-,0,0,0,0,0,0,0,0,0,0,0,0,0,0,7cc72811739f7b5b,3ada39775a357cfb
int64,small_range,brainsort,1,10000,20260912,0,1,,,,,,1,,windows-qpc-cycletime,1,,31339,20000,1024,20004,20008,160048,0,656,981472,12816,5001,0,160048,4,1,0,0,radix,0,0,0,0,1,0,0,0,0,0,0,0,1,0,5275f13ecc526b5d,3951508c37d1a350
int64,small_range,std::stable_sort,1,10000,20260912,0,1,,,,,,1,,windows-qpc-cycletime,1,,353552,133326,117732,0,0,0,0,17269,7790048,59371,3750,0,80000,1,0,0,0,-,0,0,0,0,0,0,0,0,0,0,0,0,0,0,5275f13ecc526b5d,2b4d1dc9fe69698c
int64,small_range,gfx::timsort,1,10000,20260912,0,1,,,,,,1,,windows-qpc-cycletime,1,,243626,170850,55725,0,0,0,0,22756,6631616,16208,4523,0,89168,15,0,0,0,-,0,0,0,0,0,0,0,0,0,0,0,0,0,0,5275f13ecc526b5d,fcf05bfca7cca4c2
int64,small_range,boost::spinsort,1,10000,20260912,0,1,,,,,,1,,windows-qpc-cycletime,1,,339261,137841,122489,0,0,0,0,15557,7633632,25365,3750,0,80000,1,0,0,0,-,0,0,0,0,0,0,0,0,0,0,0,0,0,0,5275f13ecc526b5d,93c2bcb5f6ab81ee
int64,small_range,boost::flat_stable_sort,1,10000,20260912,0,1,,,,,,1,,windows-qpc-cycletime,1,,350776,172864,112834,0,0,0,0,15739,8378240,10325,2628,0,8912,33,0,0,0,-,0,0,0,0,0,0,0,0,0,0,0,0,0,0,5275f13ecc526b5d,dad6f5a81e2c135c
int64,sawtooth,brainsort,1,10000,20260912,0,1,,,,,,1,,windows-qpc-cycletime,1,,43402,22434,12088,21024,22482,174024,0,19,1227400,23568,5147,0,164128,7,1,0,0,displaced,0,0,0,1,1,1,0,0,0,0,0,0,1,0,bfa62f77083c2113,2cb05e44c7f72298
int64,sawtooth,std::stable_sort,1,10000,20260912,0,1,,,,,,1,,windows-qpc-cycletime,1,,299017,123645,91989,0,0,0,0,18142,6762592,59742,3750,0,80000,1,0,0,0,-,0,0,0,0,0,0,0,0,0,0,0,0,0,0,bfa62f77083c2113,68d02bd3a2c911bf
int64,sawtooth,gfx::timsort,1,10000,20260912,0,1,,,,,,1,,windows-qpc-cycletime,1,,142949,50949,46000,0,0,0,0,18019,3102368,23082,4249,0,95968,6,0,0,0,-,0,0,0,0,0,0,0,0,0,0,0,0,0,0,bfa62f77083c2113,19996c530c0ee77e
int64,sawtooth,boost::spinsort,1,10000,20260912,0,1,,,,,,1,,windows-qpc-cycletime,1,,269359,105087,87178,0,0,0,0,18266,5991136,25610,3750,0,80000,1,0,0,0,-,0,0,0,0,0,0,0,0,0,0,0,0,0,0,bfa62f77083c2113,54da7972ad00e207
int64,sawtooth,boost::flat_stable_sort,1,10000,20260912,0,1,,,,,,1,,windows-qpc-cycletime,1,,286011,143409,74986,0,0,0,0,18424,6870720,16128,2628,0,8952,31,0,0,0,-,0,0,0,0,0,0,0,0,0,0,0,0,0,0,bfa62f77083c2113,dacaad3dc584b57d
int64,prefixed,brainsort,1,10000,20260912,0,1,,,,,,1,,windows-qpc-cycletime,1,,31339,20000,1024,42048,44096,344576,0,693,1166000,23864,5128,0,168224,4,1,0,0,radix,0,0,0,0,1,0,0,0,0,0,0,0,2,0,5ec72eb97399329b,314cdc128668fcb2
int64,prefixed,std::stable_sort,1,10000,20260912,0,1,,,,,,1,,windows-qpc-cycletime,1,,379043,138519,127740,0,0,0,0,62641,8280992,59730,3750,0,80000,1,0,0,0,-,0,0,0,0,0,0,0,0,0,0,0,0,0,0,5ec72eb97399329b,a358a8306b5e10cf
int64,prefixed,gfx::timsort,1,10000,20260912,0,1,,,,,,1,,windows-qpc-cycletime,1,,426167,225552,120241,0,0,0,0,59983,10427504,21875,5319,0,119104,14,0,0,0,-,0,0,0,0,0,0,0,0,0,0,0,0,0,0,5ec72eb97399329b,c031dd7d858dc437
int64,prefixed,boost::spinsort,1,10000,20260912,0,1,,,,,,1,,windows-qpc-cycletime,1,,383522,150876,143576,0,0,0,0,58915,8550368,25184,3750,0,80000,1,0,0,0,-,0,0,0,0,0,0,0,0,0,0,0,0,0,0,5ec72eb97399329b,20327e136532ad1f
int64,prefixed,boost::flat_stable_sort,1,10000,20260912,0,1,,,,,,1,,windows-qpc-cycletime,1,,443113,203611,149899,0,0,0,0,58645,10347584,12219,2628,0,8912,33,0,0,0,-,0,0,0,0,0,0,0,0,0,0,0,0,0,0,5ec72eb97399329b,57cff1f0b6ce5189
string,random,brainsort,1,10000,20260912,0,1,,,,,,1,,windows-qpc-cycletime,1,,85540,54233,1024,104576,137344,967680,524269,684,3728317,89358,6686,0,125072,5,1,0,0,radix,0,0,0,0,1,0,1,0,0,0,0,0,8,0,1816c71b099cd84b,1c116308303b3c1e
string,random,std::stable_sort,1,10000,20260912,0,1,,,,,,1,,windows-qpc-cycletime,1,,379228,138830,127650,0,0,0,471918,62843,8760846,86730,4923,0,80000,1,0,0,0,-,0,0,0,0,0,0,0,0,0,0,0,0,0,0,1816c71b099cd84b,26b1490e7587dc1a
string,random,gfx::timsort,1,10000,20260912,0,1,,,,,,1,,windows-qpc-cycletime,1,,426041,225410,120234,0,0,0,453350,59901,10876566,42421,6163,0,119120,12,0,0,0,-,0,0,0,0,0,0,0,0,0,0,0,0,0,0,1816c71b099cd84b,f557c23bdae7e1e3
string,random,boost::spinsort,1,10000,20260912,0,1,,,,,,1,,windows-qpc-cycletime,1,,383095,150640,143400,0,0,0,499056,58959,9038816,43391,4923,0,80000,1,0,0,0,-,0,0,0,0,0,0,0,0,0,0,0,0,0,0,1816c71b099cd84b,6338cc3abbdf3295
string,random,boost::flat_stable_sort,1,10000,20260912,0,1,,,,,,1,,windows-qpc-cycletime,1,,443161,203688,149830,0,0,0,513720,58537,10863304,38020,3801,0,8912,33,0,0,0,-,0,0,0,0,0,0,0,0,0,0,0,0,0,0,1816c71b099cd84b,da8c25df4835e756
string,sorted,brainsort,1,10000,20260912,0,1,,,,,,1,,windows-qpc-cycletime,1,,10000,0,9999,0,0,0,62466,0,222466,3673,3673,0,0,0,1,0,0,sorted,1,0,0,0,0,0,0,0,0,0,0,0,0,0,95272738c97a3543,6c94846d14d83092
string,sorted,std::stable_sort,1,10000,20260912,0,1,,,,,,1,,windows-qpc-cycletime,1,,257068,118570,73534,0,0,0,294942,0,6305150,66579,4923,0,80000,1,0,0,0,-,0,0,0,0,0,0,0,0,0,0,0,0,0,0,95272738c97a3543,ca209c636380e663
string,sorted,gfx::timsort,1,10000,20260912,0,1,,,,,,1,,windows-qpc-cycletime,1,,19998,0,9999,0,0,0,62458,0,382426,3673,3673,0,16,1,0,0,0,-,0,0,0,0,0,0,0,0,0,0,0,0,0,0,95272738c97a3543,28e28914274b80fd
string,sorted,boost::spinsort,1,10000,20260912,0,1,,,,,,1,,windows-qpc-cycletime,1,,19998,0,9999,0,0,0,62458,0,382426,3673,3673,0,0,0,0,0,0,-,0,0,0,0,0,0,0,0,0,0,0,0,0,0,95272738c97a3543,28e28914274b80fd
string,sorted,boost::flat_stable_sort,1,10000,20260912,0,1,,,,,,1,,windows-qpc-cycletime,1,,20511,513,9999,0,0,0,62458,0,398842,3801,3801,0,8584,3,0,0,0,-,0,0,0,0,0,0,0,0,0,0,0,0,0,0,95272738c97a3543,e03fed9e9dbbb470
string,reverse,brainsort,1,10000,20260912,0,1,,,,,,1,,windows-qpc-cycletime,1,,40030,10062,20029,0,0,0,125108,124,926580,9637,3672,0,0,0,1,0,0,reverse,0,1,0,0,0,0,0,0,0,0,0,0,0,0,0328971aedb81939,89cc8ea3b0b0520c
string,reverse,std::stable_sort,1,10000,20260912,0,1,,,,,,1,,windows-qpc-cycletime,1,,271675,153534,59116,0,0,0,235060,106,7038404,68395,4922,0,80000,1,0,0,0,-,0,0,0,0,0,0,0,0,0,0,0,0,0,0,0328971aedb81939,6415558a7e22044f
string,reverse,gfx::timsort,1,10000,20260912,0,1,,,,,,1,,windows-qpc-cycletime,1,,96091,74708,10757,0,0,0,65252,124,2798036,25362,5672,0,78832,11,0,0,0,-,0,0,0,0,0,0,0,0,0,0,0,0,0,0,0328971aedb81939,5d781a383bb96c6d
string,reverse,boost::spinsort,1,10000,20260912,0,1,,,,,,1,,windows-qpc-cycletime,1,,311816,178154,107396,0,0,0,530864,90,8370384,25409,4922,0,80000,1,0,0,0,-,0,0,0,0,0,0,0,0,0,0,0,0,0,0,0328971aedb81939,6583584389fee48c
string,reverse,boost::flat_stable_sort,1,10000,20260912,0,1,,,,,,1,,windows-qpc-cycletime,1,,285590,165398,96076,0,0,0,464636,140,7680444,13344,3800,0,9144,29,0,0,0,-,0,0,0,0,0,0,0,0,0,0,0,0,0,0,0328971aedb81939,28653ef70ca441a8
string,nearly_sorted,brainsort,1,10000,20260912,0,1,,,,,,1,,windows-qpc-cycletime,1,,36212,21884,31998,2,398,1600,169420,1847,1100556,11438,3774,0,7736,4,1,0,0,displaced,0,0,0,1,0,0,0,0,0,0,0,0,0,0,4d5b17c48bde1e5b,f6f30ba4c9ad8bbc
string,nearly_sorted,std::stable_sort,1,10000,20260912,0,1,,,,,,1,,windows-qpc-cycletime,1,,324140,124116,104401,0,0,0,393056,2314,7565152,71836,4923,0,80000,1,0,0,0,-,0,0,0,0,0,0,0,0,0,0,0,0,0,0,4d5b17c48bde1e5b,9be6793d3a12d4a7
string,nearly_sorted,gfx::timsort,1,10000,20260912,0,1,,,,,,1,,windows-qpc-cycletime,1,,126782,88159,24008,0,0,0,116790,4501,3555846,21787,6324,0,114080,17,0,0,0,-,0,0,0,0,0,0,0,0,0,0,0,0,0,0,4d5b17c48bde1e5b,0b53faa91489adbb
string,nearly_sorted,boost::spinsort,1,10000,20260912,0,1,,,,,,1,,windows-qpc-cycletime,1,,271943,106078,88455,0,0,0,313042,3122,6361378,32445,4923,0,80000,1,0,0,0,-,0,0,0,0,0,0,0,0,0,0,0,0,0,0,4d5b17c48bde1e5b,10684472c4dd96b4
string,nearly_sorted,boost::flat_stable_sort,1,10000,20260912,0,1,,,,,,1,,windows-qpc-cycletime,1,,300840,149606,81247,0,0,0,294208,3474,7501344,18739,3801,0,8912,33,0,0,0,-,0,0,0,0,0,0,0,0,0,0,0,0,0,0,4d5b17c48bde1e5b,23fc23ef91d4235d
string,few_unique,brainsort,1,10000,20260912,0,1,,,,,,1,,windows-qpc-cycletime,1,,68195,40513,7201,34196,34196,353568,363631,702,2456527,41110,6600,0,112400,5,2,0,0,radix,63,0,0,0,1,0,1,1,0,2,2,0,2,0,bab162a8583ecee3,4f7dc2cee37b290e
string,few_unique,std::stable_sort,1,10000,20260912,0,1,,,,,,1,,windows-qpc-cycletime,1,,378968,138553,127812,0,0,0,834514,42822,9114850,87225,4936,0,80000,1,0,0,0,-,0,0,0,0,0,0,0,0,0,0,0,0,0,0,bab162a8583ecee3,c634550510ae48a6
string,few_unique,gfx::timsort,1,10000,20260912,0,1,,,,,,1,,windows-qpc-cycletime,1,,388335,222726,102730,0,0,0,610506,43927,10387482,32980,6312,0,118032,13,0,0,0,-,0,0,0,0,0,0,0,0,0,0,0,0,0,0,bab162a8583ecee3,f118fd05aad58531
string,few_unique,boost::spinsort,1,10000,20260912,0,1,,,,,,1,,windows-qpc-cycletime,1,,381401,149938,142592,0,0,0,819630,38688,9321054,43721,4936,0,80000,1,0,0,0,-,0,0,0,0,0,0,0,0,0,0,0,0,0,0,bab162a8583ecee3,a30dab2226d875f1
string,few_unique,boost::flat_stable_sort,1,10000,20260912,0,1,,,,,,1,,windows-qpc-cycletime,1,,439586,201570,148620,0,0,0,865252,38836,11123748,38313,3814,0,8912,33,0,0,0,-,0,0,0,0,0,0,0,0,0,0,0,0,0,0,bab162a8583ecee3,a197304f61611910
string,all_equal,brainsort,1,10000,20260912,0,1,,,,,,1,,windows-qpc-cycletime,1,,10000,0,9999,0,0,0,259982,0,419982,4532,4532,0,0,0,1,0,0,sorted,1,0,0,0,0,0,0,0,0,0,0,0,0,0,95272738c97a3543,d30b6b9bb5a81eba
string,all_equal,std::stable_sort,1,10000,20260912,0,1,,,,,,1,,windows-qpc-cycletime,1,,257068,118570,73534,0,0,0,1911884,0,7922092,72639,5782,0,80000,1,0,0,0,-,0,0,0,0,0,0,0,0,0,0,0,0,0,0,95272738c97a3543,75dceb785df73d7b
string,all_equal,gfx::timsort,1,10000,20260912,0,1,,,,,,1,,windows-qpc-cycletime,1,,19998,0,9999,0,0,0,259974,0,579942,4532,4532,0,16,1,0,0,0,-,0,0,0,0,0,0,0,0,0,0,0,0,0,0,95272738c97a3543,eb642b4e75470d85
string,all_equal,boost::spinsort,1,10000,20260912,0,1,,,,,,1,,windows-qpc-cycletime,1,,19998,0,9999,0,0,0,259974,0,579942,4532,4532,0,0,0,0,0,0,-,0,0,0,0,0,0,0,0,0,0,0,0,0,0,95272738c97a3543,eb642b4e75470d85
string,all_equal,boost::flat_stable_sort,1,10000,20260912,0,1,,,,,,1,,windows-qpc-cycletime,1,,20511,513,9999,0,0,0,259974,0,596358,4660,4660,0,8584,3,0,0,0,-,0,0,0,0,0,0,0,0,0,0,0,0,0,0,95272738c97a3543,3e740efcd7827cf8
string,runs,brainsort,1,10000,20260912,0,1,,,,,,1,,windows-qpc-cycletime,1,,31194,21192,24621,0,0,0,494466,8,1332642,17455,5196,0,80032,2,1,0,0,runs,0,0,1,0,0,0,0,0,0,0,0,0,0,0,b806ebe557f9058f,351c453e8aa303ce
string,runs,std::stable_sort,1,10000,20260912,0,1,,,,,,1,,windows-qpc-cycletime,1,,271948,122378,79070,0,0,0,1662734,38,7971950,75665,5782,0,80000,1,0,0,0,-,0,0,0,0,0,0,0,0,0,0,0,0,0,0,b806ebe557f9058f,5560160fb9ba8e94
string,runs,gfx::timsort,1,10000,20260912,0,1,,,,,,1,,windows-qpc-cycletime,1,,37839,17559,10140,0,0,0,251190,33,1137558,13176,5809,0,81776,5,0,0,0,-,0,0,0,0,0,0,0,0,0,0,0,0,0,0,b806ebe557f9058f,0729548588e9462c
string,runs,boost::spinsort,1,10000,20260912,0,1,,,,,,1,,windows-qpc-cycletime,1,,116774,38014,40072,0,0,0,840126,58,3316734,25378,5782,0,81536,9,0,0,0,-,0,0,0,0,0,0,0,0,0,0,0,0,0,0,b806ebe557f9058f,33ace23d6fd15870
string,runs,boost::flat_stable_sort,1,10000,20260912,0,1,,,,,,1,,windows-qpc-cycletime,1,,95755,55004,21778,0,0,0,485852,74,2897996,11680,4660,0,8952,15,0,0,0,-,0,0,0,0,0,0,0,0,0,0,0,0,0,0,b806ebe557f9058f,27a857046d2a2707
string,organ_pipe,brainsort,1,10000,20260912,0,1,,,,,,1,,windows-qpc-cycletime,1,,29996,19995,19997,0,0,0,516594,9998,1316450,14665,5782,0,80032,2,1,0,0,runs,0,0,1,0,0,0,0,0,0,0,0,0,0,0,7cc72811739f7b5b,03cf3367e91bd36a
string,organ_pipe,std::stable_sort,1,10000,20260912,0,1,,,,,,1,,windows-qpc-cycletime,1,,276828,138563,71275,0,0,0,1676574,9998,8322830,75355,5782,0,80000,1,0,0,0,-,0,0,0,0,0,0,0,0,0,0,0,0,0,0,7cc72811739f7b5b,8be105f7b571e4b7
string,organ_pipe,gfx::timsort,1,10000,20260912,0,1,,,,,,1,,windows-qpc-cycletime,1,,59993,19995,19999,0,0,0,516638,9998,1796446,14932,5782,0,80016,3,0,0,0,-,0,0,0,0,0,0,0,0,0,0,0,0,0,0,7cc72811739f7b5b,bbbe4875d40ca031
string,organ_pipe,boost::spinsort,1,10000,20260912,0,1,,,,,,1,,windows-qpc-cycletime,1,,70000,19998,25001,0,0,0,645562,10000,2085530,17199,5782,0,80000,1,0,0,0,-,0,0,0,0,0,0,0,0,0,0,0,0,0,0,7cc72811739f7b5b,53895c37a83a3d35
string,organ_pipe,boost::flat_stable_sort,1,10000,20260912,0,1,,,,,,1,,windows-qpc-cycletime,1,,82641,40371,21195,0,0,0,545892,10040,2514084,14051,4660,0,8912,7,0,0,0,-,0,0,0,0,0,0,0,0,0,0,0,0,0,0,7cc72811739f7b5b,4ab442976f52bc15
string,small_range,brainsort,1,10000,20260912,0,1,,,,,,1,,windows-qpc-cycletime,1,,61655,20000,1024,20016,20032,160192,351040,656,1817712,36034,7033,0,160096,4,1,0,0,radix,0,0,0,0,1,0,0,0,0,0,0,0,1,0,5275f13ecc526b5d,363bd035cc978a3b
string,small_range,std::stable_sort,1,10000,20260912,0,1,,,,,,1,,windows-qpc-cycletime,1,,353552,133326,117732,0,0,0,3061032,17269,10851080,95299,5782,0,80000,1,0,0,0,-,0,0,0,0,0,0,0,0,0,0,0,0,0,0,5275f13ecc526b5d,9424a58a42f0a198
string,small_range,gfx::timsort,1,10000,20260912,0,1,,,,,,1,,windows-qpc-cycletime,1,,243626,170850,55725,0,0,0,1448850,22756,8080466,20792,6555,0,89168,15,0,0,0,-,0,0,0,0,0,0,0,0,0,0,0,0,0,0,5275f13ecc526b5d,16ddc89e0bb9d340
string,small_range,boost::spinsort,1,10000,20260912,0,1,,,,,,1,,windows-qpc-cycletime,1,,339261,137841,122489,0,0,0,3184714,15557,10818346,47622,5782,0,80000,1,0,0,0,-,0,0,0,0,0,0,0,0,0,0,0,0,0,0,5275f13ecc526b5d,8bcd3fa058d6f7b8
string,small_range,boost::flat_stable_sort,1,10000,20260912,0,1,,,,,,1,,windows-qpc-cycletime,1,,350776,172864,112834,0,0,0,2933684,15739,11311924,26461,4660,0,8912,33,0,0,0,-,0,0,0,0,0,0,0,0,0,0,0,0,0,0,5275f13ecc526b5d,344f6b16225bcea8
string,sawtooth,brainsort,1,10000,20260912,0,1,,,,,,1,,windows-qpc-cycletime,1,,84716,22434,12088,60512,63506,576072,755650,19,3046122,45923,7498,0,184608,7,1,0,0,displaced,0,0,0,1,1,1,0,0,0,1,0,0,2,0,bfa62f77083c2113,c602ac5f25f11f3a
string,sawtooth,std::stable_sort,1,10000,20260912,0,1,,,,,,1,,windows-qpc-cycletime,1,,299017,123645,91989,0,0,0,2263564,18142,9026156,78706,5782,0,80000,1,0,0,0,-,0,0,0,0,0,0,0,0,0,0,0,0,0,0,bfa62f77083c2113,ac69dcfb87f2140d
string,sawtooth,gfx::timsort,1,10000,20260912,0,1,,,,,,1,,windows-qpc-cycletime,1,,142949,50949,46000,0,0,0,1189060,18019,4291428,34465,6281,0,95968,6,0,0,0,-,0,0,0,0,0,0,0,0,0,0,0,0,0,0,bfa62f77083c2113,4da70b4b1cd542a6
string,sawtooth,boost::spinsort,1,10000,20260912,0,1,,,,,,1,,windows-qpc-cycletime,1,,269359,105087,87178,0,0,0,2148594,18266,8139730,37141,5782,0,80000,1,0,0,0,-,0,0,0,0,0,0,0,0,0,0,0,0,0,0,bfa62f77083c2113,d23d1e16ed6465b3
string,sawtooth,boost::flat_stable_sort,1,10000,20260912,0,1,,,,,,1,,windows-qpc-cycletime,1,,286011,143409,74986,0,0,0,1853730,18424,8724450,28623,4660,0,8952,31,0,0,0,-,0,0,0,0,0,0,0,0,0,0,0,0,0,0,bfa62f77083c2113,8124f71601c15e61
string,prefixed,brainsort,1,10000,20260912,0,1,,,,,,1,,windows-qpc-cycletime,1,,72121,20698,1494,42048,44096,344576,596276,901,2425956,59331,7785,0,168224,4,2,0,0,radix,0,0,0,0,1,0,0,0,0,0,0,0,2,0,5df8b5c98cc85baf,8495541329feac4c
string,prefixed,std::stable_sort,1,10000,20260912,0,1,,,,,,1,,windows-qpc-cycletime,1,,379242,138672,127782,0,0,0,2908986,62796,11195610,112895,6407,0,80000,1,0,0,0,-,0,0,0,0,0,0,0,0,0,0,0,0,0,0,5df8b5c98cc85baf,70b9c103b3405ae7
string,prefixed,gfx::timsort,1,10000,20260912,0,1,,,,,,1,,windows-qpc-cycletime,1,,426637,226027,120207,0,0,0,2751340,60129,13193964,61655,7894,0,119168,15,0,0,0,-,0,0,0,0,0,0,0,0,0,0,0,0,0,0,5df8b5c98cc85baf,f3ff1345aa12d158
string,prefixed,boost::spinsort,1,10000,20260912,0,1,,,,,,1,,windows-qpc-cycletime,1,,383250,150728,143480,0,0,0,3216030,59016,11759678,60486,6407,0,80000,1,0,0,0,-,0,0,0,0,0,0,0,0,0,0,0,0,0,0,5df8b5c98cc85baf,e9839e29c369f38e
string,prefixed,boost::flat_stable_sort,1,10000,20260912,0,1,,,,,,1,,windows-qpc-cycletime,1,,441387,202958,148841,0,0,0,3326076,58952,13635596,62001,5285,0,8912,33,0,0,0,-,0,0,0,0,0,0,0,0,0,0,0,0,0,0,5df8b5c98cc85baf,63e969a7f65260a7
int32,random,brainsort,1,100000,20260912,0,1,,,,,,1,,windows-qpc-cycletime,1,,553115,451576,1024,610240,622528,4931072,0,652,12968600,337999,29216,0,441480,4,1,0,0,radix,0,0,0,0,1,0,1,0,0,0,0,0,6,0,46065ae45ecddf71,270684a6d3031950
int32,random,std::stable_sort,1,100000,20260912,0,1,,,,,,1,,windows-qpc-cycletime,1,,4826356,1785208,1595772,0,0,0,0,797017,52892512,399746,35876,0,400000,1,0,0,0,-,0,0,0,0,0,0,0,0,0,0,0,0,0,0,46065ae45ecddf71,53a9257fc620e6d4
int32,random,gfx::timsort,1,100000,20260912,0,1,,,,,,1,,windows-qpc-cycletime,1,,5571963,2934913,1532476,0,0,0,0,767257,68055008,193568,31580,0,599544,18,0,0,0,-,0,0,0,0,0,0,0,0,0,0,0,0,0,0,46065ae45ecddf71,726b27ddf42b9ac3
int32,random,boost::spinsort,1,100000,20260912,0,1,,,,,,1,,windows-qpc-cycletime,1,,4987200,1931735,1862896,0,0,0,0,748467,55351480,184696,27330,0,400000,1,0,0,0,-,0,0,0,0,0,0,0,0,0,0,0,0,0,0,46065ae45ecddf71,a215db04d6555321
int32,random,boost::flat_stable_sort,1,100000,20260912,0,1,,,,,,1,,windows-qpc-cycletime,1,,5913013,2730570,2012431,0,0,0,0,739805,69148664,88616,12628,0,11408,129,0,0,0,-,0,0,0,0,0,0,0,0,0,0,0,0,0,0,46065ae45ecddf71,4bdcadccc49773f5
int32,sorted,brainsort,1,100000,20260912,0,1,,,,,,1,,windows-qpc-cycletime,1,,100000,0,99999,0,0,0,0,0,800000,12500,12500,0,0,0,1,0,0,sorted,1,0,0,0,0,0,0,0,0,0,0,0,0,0,c2cc699511dc4303,d49acdc08ce549f7
int32,sorted,std::stable_sort,1,100000,20260912,0,1,,,,,,1,,windows-qpc-cycletime,1,,3259836,1585714,879918,0,0,0,0,0,38764400,387501,27367,0,400000,1,0,0,0,-,0,0,0,0,0,0,0,0,0,0,0,0,0,0,c2cc699511dc4303,af3105116331a8d3
int32,sorted,gfx::timsort,1,100000,20260912,0,1,,,,,,1,,windows-qpc-cycletime,1,,199998,0,99999,0,0,0,0,0,1599984,12500,12500,0,16,1,0,0,0,-,0,0,0,0,0,0,0,0,0,0,0,0,0,0,c2cc699511dc4303,d2522eab9ba115cf
int32,sorted,boost::spinsort,1,100000,20260912,0,1,,,,,,1,,windows-qpc-cycletime,1,,199998,0,99999,0,0,0,0,0,1599984,12500,12500,0,0,0,0,0,0,-,0,0,0,0,0,0,0,0,0,0,0,0,0,0,c2cc699511dc4303,d2522eab9ba115cf
int32,sorted,boost::flat_stable_sort,1,100000,20260912,0,1,,,,,,1,,windows-qpc-cycletime,1,,201023,1025,99999,0,0,0,0,0,1616384,12628,12628,0,9832,3,0,0,0,-,0,0,0,0,0,0,0,0,0,0,0,0,0,0,c2cc699511dc4303,c02e49e6c9be757e
int32,reverse,brainsort,1,100000,20260912,0,1,,,,,,1,,windows-qpc-cycletime,1,,200000,100000,99999,0,0,0,0,0,2400000,24744,12500,0,0,0,1,0,0,reverse,0,1,0,0,0,0,0,0,0,0,0,0,0,0,35b03f8cf0b414a3,a2af927db5128a10
int32,reverse,std::stable_sort,1,100000,20260912,0,1,,,,,,1,,windows-qpc-cycletime,1,,3461780,1935708,763036,0,0,0,0,0,43179904,400000,39865,0,400000,1,0,0,0,-,0,0,0,0,0,0,0,0,0,0,0,0,0,0,35b03f8cf0b414a3,907fb59e0672126f
int32,reverse,gfx::timsort,1,100000,20260912,0,1,,,,,,1,,windows-qpc-cycletime,1,,299998,100000,99999,0,0,0,0,0,3199984,24744,12500,0,16,1,0,0,0,-,0,0,0,0,0,0,0,0,0,0,0,0,0,0,35b03f8cf0b414a3,0deb35997f63bb2a
int32,reverse,boost::spinsort,1,100000,20260912,0,1,,,,,,1,,windows-qpc-cycletime,1,,300000,100000,100000,0,0,0,0,0,3200000,24744,12500,0,0,0,0,0,0,-,0,0,0,0,0,0,0,0,0,0,0,0,0,0,35b03f8cf0b414a3,6914b7ea797ed183
int32,reverse,boost::flat_stable_sort,1,100000,20260912,0,1,,,,,,1,,windows-qpc-cycletime,1,,301025,101025,100000,0,0,0,0,0,3216400,24872,12628,0,9832,3,0,0,0,-,0,0,0,0,0,0,0,0,0,0,0,0,0,0,35b03f8cf0b414a3,af2954ce6429a26c
int32,nearly_sorted,brainsort,1,100000,20260912,0,1,,,,,,1,,windows-qpc-cycletime,1,,388769,226810,326215,0,3982,15928,0,21575,4940560,40647,13596,0,49152,13,1,0,0,displaced,0,0,0,1,0,0,0,0,0,0,0,0,0,0,05d188bf0e3f33e7,014d0f00472f0048
int32,nearly_sorted,std::stable_sort,1,100000,20260912,0,1,,,,,,1,,windows-qpc-cycletime,1,,4273466,1641438,1359833,0,0,0,0,26254,47319232,393792,33630,0,400000,1,0,0,0,-,0,0,0,0,0,0,0,0,0,0,0,0,0,0,05d188bf0e3f33e7,02cf8baadf4169e8
int32,nearly_sorted,gfx::timsort,1,100000,20260912,0,1,,,,,,1,,windows-qpc-cycletime,1,,1837410,1417406,271385,0,0,0,0,53150,26038528,159414,29049,0,567496,18,0,0,0,-,0,0,0,0,0,0,0,0,0,0,0,0,0,0,05d188bf0e3f33e7,3de88e6814f7a95a
int32,nearly_sorted,boost::spinsort,1,100000,20260912,0,1,,,,,,1,,windows-qpc-cycletime,1,,3665771,1368897,1207497,0,0,0,0,38722,40277344,181346,25047,0,400000,1,0,0,0,-,0,0,0,0,0,0,0,0,0,0,0,0,0,0,05d188bf0e3f33e7,b379a287be4b2351
int32,nearly_sorted,boost::flat_stable_sort,1,100000,20260912,0,1,,,,,,1,,windows-qpc-cycletime,1,,3970557,1979638,1058248,0,0,0,0,45242,47601560,90260,12628,0,11408,129,0,0,0,-,0,0,0,0,0,0,0,0,0,0,0,0,0,0,05d188bf0e3f33e7,a00d622c75f11c7b
int32,few_unique,brainsort,1,100000,20260912,0,1,,,,,,1,,windows-qpc-cycletime,1,,707019,605478,1024,610240,622528,4931072,0,675,15431048,158786,34550,0,448696,5,1,0,0,radix,0,0,0,0,1,0,1,1,0,0,0,0,6,0,2a42d5822fac0707,7dc05bf1358ad663
int32,few_unique,std::stable_sort,1,100000,20260912,0,1,,,,,,1,,windows-qpc-cycletime,1,,4817867,1783587,1592440,0,0,0,0,429574,52811632,399633,35814,0,400000,1,0,0,0,-,0,0,0,0,0,0,0,0,0,0,0,0,0,0,2a42d5822fac0707,06650a3531b04cbe
int32,few_unique,gfx::timsort,1,100000,20260912,0,1,,,,,,1,,windows-qpc-cycletime,1,,4583008,2910130,1050115,0,0,0,0,450511,59945104,189722,35152,0,593536,22,0,0,0,-,0,0,0,0,0,0,0,0,0,0,0,0,0,0,2a42d5822fac0707,75bdc2ca065ec909
int32,few_unique,boost::spinsort,1,100000,20260912,0,1,,,,,,1,,windows-qpc-cycletime,1,,4963152,1923109,1851346,0,0,0,0,381838,55090088,184678,27252,0,400000,1,0,0,0,-,0,0,0,0,0,0,0,0,0,0,0,0,0,0,2a42d5822fac0707,53c3eb3fcdfd0d23
int32,few_unique,boost::flat_stable_sort,1,100000,20260912,0,1,,,,,,1,,windows-qpc-cycletime,1,,5877955,2712434,2000134,0,0,0,0,374002,68723112,88055,12628,0,11408,129,0,0,0,-,0,0,0,0,0,0,0,0,0,0,0,0,0,0,2a42d5822fac0707,e0b6689f43a841b0
int32,all_equal,brainsort,1,100000,20260912,0,1,,,,,,1,,windows-qpc-cycletime,1,,100000,0,99999,0,0,0,0,0,800000,12500,12500,0,0,0,1,0,0,sorted,1,0,0,0,0,0,0,0,0,0,0,0,0,0,c2cc699511dc4303,d49acdc08ce549f7
int32,all_equal,std::stable_sort,1,100000,20260912,0,1,,,,,,1,,windows-qpc-cycletime,1,,3259836,1585714,879918,0,0,0,0,0,38764400,387501,27367,0,400000,1,0,0,0,-,0,0,0,0,0,0,0,0,0,0,0,0,0,0,c2cc699511dc4303,af3105116331a8d3
int32,all_equal,gfx::timsort,1,100000,20260912,0,1,,,,,,1,,windows-qpc-cycletime,1,,199998,0,99999,0,0,0,0,0,1599984,12500,12500,0,16,1,0,0,0,-,0,0,0,0,0,0,0,0,0,0,0,0,0,0,c2cc699511dc4303,d2522eab9ba115cf
int32,all_equal,boost::spinsort,1,100000,20260912,0,1,,,,,,1,,windows-qpc-cycletime,1,,199998,0,99999,0,0,0,0,0,1599984,12500,12500,0,0,0,0,0,0,-,0,0,0,0,0,0,0,0,0,0,0,0,0,0,c2cc699511dc4303,d2522eab9ba115cf
int32,all_equal,boost::flat_stable_sort,1,100000,20260912,0,1,,,,,,1,,windows-qpc-cycletime,1,,201023,1025,99999,0,0,0,0,0,1616384,12628,12628,0,9832,3,0,0,0,-,0,0,0,0,0,0,0,0,0,0,0,0,0,0,c2cc699511dc4303,c02e49e6c9be757e
int32,runs,brainsort,1,100000,20260912,0,1,,,,,,1,,windows-qpc-cycletime,1,,414169,211332,108761,402048,405642,3230760,0,89,8234768,135518,53531,0,808224,13,1,0,0,displaced,0,0,0,1,1,1,0,0,0,0,0,0,2,0,64e0f8afd8516051,fdf4356eb30d6e0a
int32,runs,std::stable_sort,1,100000,20260912,0,1,,,,,,1,,windows-qpc-cycletime,1,,3817017,1636038,1133432,0,0,0,0,96445,43624440,399936,35264,0,400000,1,0,0,0,-,0,0,0,0,0,0,0,0,0,0,0,0,0,0,64e0f8afd8516051,e8aba2dcf546305b
int32,runs,gfx::timsort,1,100000,20260912,0,1,,,,,,1,,windows-qpc-cycletime,1,,1251245,688017,281614,0,0,0,0,96563,15514096,160555,35375,0,571344,10,0,0,0,-,0,0,0,0,0,0,0,0,0,0,0,0,0,0,64e0f8afd8516051,af7960a2077c8cf5
int32,runs,boost::spinsort,1,100000,20260912,0,1,,,,,,1,,windows-qpc-cycletime,1,,2860185,1060047,929779,0,0,0,0,96993,31361856,180176,26702,0,401536,17,0,0,0,-,0,0,0,0,0,0,0,0,0,0,0,0,0,0,64e0f8afd8516051,b74203be40bec309
int32,runs,boost::flat_stable_sort,1,100000,20260912,0,1,,,,,,1,,windows-qpc-cycletime,1,,2833552,1594797,653242,0,0,0,0,98207,35426792,96495,12628,0,11408,142,0,0,0,-,0,0,0,0,0,0,0,0,0,0,0,0,0,0,64e0f8afd8516051,1e533d366e29900e
int32,organ_pipe,brainsort,1,100000,20260912,0,1,,,,,,1,,windows-qpc-cycletime,1,,299996,199995,199997,0,0,0,0,99998,3999928,55398,22246,0,400024,2,1,0,0,runs,0,0,1,0,0,0,0,0,0,0,0,0,0,0,3ed43a32699cb0d3,eb8a84b4d3d1aec9
int32,organ_pipe,std::stable_sort,1,100000,20260912,0,1,,,,,,1,,windows-qpc-cycletime,1,,3485802,1785709,871475,0,0,0,0,99998,42172088,399743,35876,0,400000,1,0,0,0,-,0,0,0,0,0,0,0,0,0,0,0,0,0,0,3ed43a32699cb0d3,dd692e0523afc7b1
int32,organ_pipe,gfx::timsort,1,100000,20260912,0,1,,,,,,1,,windows-qpc-cycletime,1,,599993,199995,199999,0,0,0,0,99998,6399904,55740,26467,0,400024,3,0,0,0,-,0,0,0,0,0,0,0,0,0,0,0,0,0,0,3ed43a32699cb0d3,509daaf6c25a138f
int32,organ_pipe,boost::spinsort,1,100000,20260912,0,1,,,,,,1,,windows-qpc-cycletime,1,,800000,299998,250001,0,0,0,0,100002,8799984,86989,34958,0,400000,1,0,0,0,-,0,0,0,0,0,0,0,0,0,0,0,0,0,0,3ed43a32699cb0d3,cc069aa11e6cb5e3
int32,organ_pipe,boost::flat_stable_sort,1,100000,20260912,0,1,,,,,,1,,windows-qpc-cycletime,1,,808197,401339,203589,0,0,0,0,100198,9676288,49931,12628,0,11408,7,0,0,0,-,0,0,0,0,0,0,0,0,0,0,0,0,0,0,3ed43a32699cb0d3,f9f4ddaa5853c8e1
int32,small_range,brainsort,1,100000,20260912,0,1,,,,,,1,,windows-qpc-cycletime,1,,251636,350095,1024,0,0,0,0,656,4813848,62899,26681,0,425080,2,1,0,0,radix,0,0,0,0,1,0,0,0,1,0,0,0,0,0,5c0186e587c5fd4b,9f7cda8996b11d95
int32,small_range,std::stable_sort,1,100000,20260912,0,1,,,,,,1,,windows-qpc-cycletime,1,,4486279,1736135,1451471,0,0,0,0,173059,49779312,396899,33166,0,400000,1,0,0,0,-,0,0,0,0,0,0,0,0,0,0,0,0,0,0,5c0186e587c5fd4b,4888c940862e9a13
int32,small_range,gfx::timsort,1,100000,20260912,0,1,,,,,,1,,windows-qpc-cycletime,1,,2938019,2229308,562126,0,0,0,0,232290,41338616,142363,27854,0,450168,19,0,0,0,-,0,0,0,0,0,0,0,0,0,0,0,0,0,0,5c0186e587c5fd4b,f057ad21286a0a22
int32,small_range,boost::spinsort,1,100000,20260912,0,1,,,,,,1,,windows-qpc-cycletime,1,,4407541,1773441,1582700,0,0,0,0,154351,49447856,183018,24603,0,400000,1,0,0,0,-,0,0,0,0,0,0,0,0,0,0,0,0,0,0,5c0186e587c5fd4b,b744665726e45014
int32,small_range,boost::flat_stable_sort,1,100000,20260912,0,1,,,,,,1,,windows-qpc-cycletime,1,,4316583,2260352,1359570,0,0,0,0,154503,52615480,72854,12628,0,11408,129,0,0,0,-,0,0,0,0,0,0,0,0,0,0,0,0,0,0,5c0186e587c5fd4b,662b2652542b98c5
int32,sawtooth,brainsort,1,100000,20260912,0,1,,,,,,1,,windows-qpc-cycletime,1,,403602,202434,102088,201024,202482,1614024,0,199,6462312,169554,55506,0,804128,7,1,0,0,displaced,0,0,0,1,1,1,0,0,0,0,0,0,1,0,db2912b6ef590f13,37e7e328011fa610
int32,sawtooth,std::stable_sort,1,100000,20260912,0,1,,,,,,1,,windows-qpc-cycletime,1,,4047748,1636448,1248710,0,0,0,0,199746,45473568,399735,35870,0,400000,1,0,0,0,-,0,0,0,0,0,0,0,0,0,0,0,0,0,0,db2912b6ef590f13,0b208f13b2ed7b5b
int32,sawtooth,gfx::timsort,1,100000,20260912,0,1,,,,,,1,,windows-qpc-cycletime,1,,2151008,1002996,574006,0,0,0,0,246083,25232032,204737,29479,0,543584,11,0,0,0,-,0,0,0,0,0,0,0,0,0,0,0,0,0,0,db2912b6ef590f13,2ccacf87b8fc26c4
int32,sawtooth,boost::spinsort,1,100000,20260912,0,1,,,,,,1,,windows-qpc-cycletime,1,,3579364,1355758,1164663,0,0,0,0,201142,39480976,184874,27308,0,400000,1,0,0,0,-,0,0,0,0,0,0,0,0,0,0,0,0,0,0,db2912b6ef590f13,ff36e9512840a015
int32,sawtooth,boost::flat_stable_sort,1,100000,20260912,0,1,,,,,,1,,windows-qpc-cycletime,1,,4207220,2066593,1122238,0,0,0,0,203074,50190504,99063,12628,0,11408,169,0,0,0,-,0,0,0,0,0,0,0,0,0,0,0,0,0,0,db2912b6ef590f13,04cf466449c4a460
int32,prefixed,brainsort,1,100000,20260912,0,1,,,,,,1,,windows-qpc-cycletime,1,,301539,200000,1024,402048,404096,3224576,0,693,7236888,181592,53446,0,808224,4,1,0,0,radix,0,0,0,0,1,0,0,0,0,0,0,0,2,0,5d73af5bcafaae51,07d0884d84599e6a
int32,prefixed,std::stable_sort,1,100000,20260912,0,1,,,,,,1,,windows-qpc-cycletime,1,,4826013,1785217,1595531,0,0,0,0,796183,52889840,399749,35876,0,400000,1,0,0,0,-,0,0,0,0,0,0,0,0,0,0,0,0,0,0,5d73af5bcafaae51,76d353e14acb2001
int32,prefixed,gfx::timsort,1,100000,20260912,0,1,,,,,,1,,windows-qpc-cycletime,1,,5570838,2933863,1532438,0,0,0,0,767057,68037608,196326,31764,0,599528,18,0,0,0,-,0,0,0,0,0,0,0,0,0,0,0,0,0,0,5d73af5bcafaae51,c835d16b7c174b5e
int32,prefixed,boost::spinsort,1,100000,20260912,0,1,,,,,,1,,windows-qpc-cycletime,1,,4982376,1929371,1860548,0,0,0,0,749505,55293976,184685,27323,0,400000,1,0,0,0,-,0,0,0,0,0,0,0,0,0,0,0,0,0,0,5d73af5bcafaae51,8983848f60109543
int32,prefixed,boost::flat_stable_sort,1,100000,20260912,0,1,,,,,,1,,windows-qpc-cycletime,1,,5920214,2733692,2016564,0,0,0,0,740317,69231248,88142,12628,0,11408,129,0,0,0,-,0,0,0,0,0,0,0,0,0,0,0,0,0,0,5d73af5bcafaae51,494804051b6a3f9a
int32,sparse_bits,brainsort,1,100000,20260912,0,1,,,,,,1,,windows-qpc-cycletime,1,,301539,200000,1024,200256,200512,1603072,0,691,5615384,68225,54468,0,801056,4,1,0,0,radix,0,0,0,0,1,0,0,0,0,0,0,0,1,0,54d7dc0b76720fe1,7c3288a5f6de2498
int32,sparse_bits,std::stable_sort,1,100000,20260912,0,1,,,,,,1,,windows-qpc-cycletime,1,,4823630,1784864,1594460,0,0,0,0,496746,52867952,399705,35853,0,400000,1,0,0,0,-,0,0,0,0,0,0,0,0,0,0,0,0,0,0,54d7dc0b76720fe1,3239e2a7b0bb73f8
int32,sparse_bits,gfx::timsort,1,100000,20260912,0,1,,,,,,1,,windows-qpc-cycletime,1,,4867118,2925645,1184619,0,0,0,0,509333,62342104,195524,32045,0,597200,20,0,0,0,-,0,0,0,0,0,0,0,0,0,0,0,0,0,0,54d7dc0b76720fe1,51c8ddd677713344
int32,sparse_bits,boost::spinsort,1,100000,20260912,0,1,,,,,,1,,windows-qpc-cycletime,1,,4985293,1931514,1862064,0,0,0,0,449122,55334456,184682,27291,0,400000,1,0,0,0,-,0,0,0,0,0,0,0,0,0,0,0,0,0,0,54d7dc0b76720fe1,ffacdf98ea28ea00
int32,sparse_bits,boost::flat_stable_sort,1,100000,20260912,0,1,,,,,,1,,windows-qpc-cycletime,1,,5900520,2722157,2009302,0,0,0,0,441448,68981416,88232,12628,0,11408,129,0,0,0,-,0,0,0,0,0,0,0,0,0,0,0,0,0,0,54d7dc0b76720fe1,656c09772566bc8f
double,random,brainsort,1,100000,20260912,0,1,,,,,,1,,windows-qpc-cycletime,1,,754207,652668,1024,1073728,1155648,8917504,0,687,31427504,1168540,321360,0,915696,4,1,0,0,radix,0,0,0,0,1,0,1,0,0,0,0,0,10,0,8aef0468e1c3ace3,211885ea963323c4
double,random,std::stable_sort,1,100000,20260912,0,1,,,,,,1,,windows-qpc-cycletime,1,,4827011,1785662,1595806,0,0,0,0,795458,105802768,799746,773565,0,800000,1,0,0,0,-,0,0,0,0,0,0,0,0,0,0,0,0,0,0,8aef0468e1c3ace3,7228911081e5978a
double,random,gfx::timsort,1,100000,20260912,0,1,,,,,,1,,windows-qpc-cycletime,1,,5577878,2940661,1532555,0,0,0,0,766465,136296624,464331,114052,0,1198816,22,0,0,0,-,0,0,0,0,0,0,0,0,0,0,0,0,0,0,8aef0468e1c3ace3,e74b0da913234995
double,random,boost::spinsort,1,100000,20260912,0,1,,,,,,1,,windows-qpc-cycletime,1,,4984726,1930518,1861593,0,0,0,0,747298,110643904,419655,158244,0,800000,1,0,0,0,-,0,0,0,0,0,0,0,0,0,0,0,0,0,0,8aef0468e1c3ace3,8dea4e6fe960cf8c
double,random,boost::flat_stable_sort,1,100000,20260912,0,1,,,,,,1,,windows-qpc-cycletime,1,,5538854,2550884,1728464,0,0,0,0,763036,129435808,201055,62670,0,14528,257,0,0,0,-,0,0,0,0,0,0,0,0,0,0,0,0,0,0,8aef0468e1c3ace3,38575462288e44ee
double,sorted,brainsort,1,100000,20260912,0,1,,,,,,1,,windows-qpc-cycletime,1,,100000,0,99999,0,0,0,0,0,1600000,25000,25000,0,0,0,1,0,0,sorted,1,0,0,0,0,0,0,0,0,0,0,0,0,0,c2cc699511dc4303,1ac6ffce273052f7
double,sorted,std::stable_sort,1,100000,20260912,0,1,,,,,,1,,windows-qpc-cycletime,1,,3259836,1585714,879918,0,0,0,0,0,77528800,775001,765395,0,800000,1,0,0,0,-,0,0,0,0,0,0,0,0,0,0,0,0,0,0,c2cc699511dc4303,c4c37f19a3428ed3
double,sorted,gfx::timsort,1,100000,20260912,0,1,,,,,,1,,windows-qpc-cycletime,1,,199998,0,99999,0,0,0,0,0,3199968,25000,25000,0,16,1,0,0,0,-,0,0,0,0,0,0,0,0,0,0,0,0,0,0,c2cc699511dc4303,bd2e59776a077c8f
double,sorted,boost::spinsort,1,100000,20260912,0,1,,,,,,1,,windows-qpc-cycletime,1,,199998,0,99999,0,0,0,0,0,3199968,25000,25000,0,0,0,0,0,0,-,0,0,0,0,0,0,0,0,0,0,0,0,0,0,c2cc699511dc4303,bd2e59776a077c8f
double,sorted,boost::flat_stable_sort,1,100000,20260912,0,1,,,,,,1,,windows-qpc-cycletime,1,,200511,513,99999,0,0,0,0,0,3216384,25128,25128,0,11392,3,0,0,0,-,0,0,0,0,0,0,0,0,0,0,0,0,0,0,c2cc699511dc4303,fbf300916bc43bbe
double,reverse,brainsort,1,100000,20260912,0,1,,,,,,1,,windows-qpc-cycletime,1,,200000,100000,99999,0,0,0,0,0,4800000,49744,41808,0,0,0,1,0,0,reverse,0,1,0,0,0,0,0,0,0,0,0,0,0,0,35b03f8cf0b414a3,c79beb26e1537090
double,reverse,std::stable_sort,1,100000,20260912,0,1,,,,,,1,,windows-qpc-cycletime,1,,3461780,1935708,763036,0,0,0,0,0,86359808,800000,759174,0,800000,1,0,0,0,-,0,0,0,0,0,0,0,0,0,0,0,0,0,0,35b03f8cf0b414a3,5f771a6ed7b2bc6f
double,reverse,gfx::timsort,1,100000,20260912,0,1,,,,,,1,,windows-qpc-cycletime,1,,299998,100000,99999,0,0,0,0,0,6399968,49744,41808,0,16,1,0,0,0,-,0,0,0,0,0,0,0,0,0,0,0,0,0,0,35b03f8cf0b414a3,d36a55d25f6b6a6a
double,reverse,boost::spinsort,1,100000,20260912,0,1,,,,,,1,,windows-qpc-cycletime,1,,300000,100000,100000,0,0,0,0,0,6400000,49744,41808,0,0,0,0,0,0,-,0,0,0,0,0,0,0,0,0,0,0,0,0,0,35b03f8cf0b414a3,b42cb03136980203
double,reverse,boost::flat_stable_sort,1,100000,20260912,0,1,,,,,,1,,windows-qpc-cycletime,1,,300513,100513,100000,0,0,0,0,0,6416416,49872,41936,0,11392,3,0,0,0,-,0,0,0,0,0,0,0,0,0,0,0,0,0,0,35b03f8cf0b414a3,30366153da5cb96c
double,nearly_sorted,brainsort,1,100000,20260912,0,1,,,,,,1,,windows-qpc-cycletime,1,,388769,226810,326215,0,3982,15928,0,21575,9865192,110162,60862,0,73728,13,1,0,0,displaced,0,0,0,1,0,0,0,0,0,0,0,0,0,0,05d188bf0e3f33e7,9ab40633a32f75c8
double,nearly_sorted,std::stable_sort,1,100000,20260912,0,1,,,,,,1,,windows-qpc-cycletime,1,,4273466,1641438,1359833,0,0,0,0,26254,94638464,787587,777755,0,800000,1,0,0,0,-,0,0,0,0,0,0,0,0,0,0,0,0,0,0,05d188bf0e3f33e7,5d5b2a0bc0dd3e28
double,nearly_sorted,gfx::timsort,1,100000,20260912,0,1,,,,,,1,,windows-qpc-cycletime,1,,1837410,1417406,271385,0,0,0,0,53150,52077056,372579,88596,0,1134736,18,0,0,0,-,0,0,0,0,0,0,0,0,0,0,0,0,0,0,05d188bf0e3f33e7,2a65fe60b2617e5a
double,nearly_sorted,boost::spinsort,1,100000,20260912,0,1,,,,,,1,,windows-qpc-cycletime,1,,3665771,1368897,1207497,0,0,0,0,38722,80554688,412671,162381,0,800000,1,0,0,0,-,0,0,0,0,0,0,0,0,0,0,0,0,0,0,05d188bf0e3f33e7,325876c120a82d11
double,nearly_sorted,boost::flat_stable_sort,1,100000,20260912,0,1,,,,,,1,,windows-qpc-cycletime,1,,3899572,2139525,934146,0,0,0,0,35926,96625552,204518,74262,0,14528,257,0,0,0,-,0,0,0,0,0,0,0,0,0,0,0,0,0,0,05d188bf0e3f33e7,d96bc01f45c015fd
double,few_unique,brainsort,1,100000,20260912,0,1,,,,,,1,,windows-qpc-cycletime,1,,350436,248895,1024,308292,308292,3266336,0,672,12855632,151101,128778,0,899312,4,1,0,0,radix,0,0,0,0,1,0,1,0,0,2,2,0,2,0,1bbde370b081b80b,406216a62521e8f5
double,few_unique,std::stable_sort,1,100000,20260912,0,1,,,,,,1,,windows-qpc-cycletime,1,,4818343,1784407,1592303,0,0,0,0,430314,105644000,799508,773683,0,800000,1,0,0,0,-,0,0,0,0,0,0,0,0,0,0,0,0,0,0,1bbde370b081b80b,253c04345ac51315
double,few_unique,gfx::timsort,1,100000,20260912,0,1,,,,,,1,,windows-qpc-cycletime,1,,4583928,2911248,1050104,0,0,0,0,449583,119922816,452888,99852,0,1186960,18,0,0,0,-,0,0,0,0,0,0,0,0,0,0,0,0,0,0,1bbde370b081b80b,a1ce361961c8200a
double,few_unique,boost::spinsort,1,100000,20260912,0,1,,,,,,1,,windows-qpc-cycletime,1,,4970645,1926833,1855045,0,0,0,0,381820,110359648,419621,158120,0,800000,1,0,0,0,-,0,0,0,0,0,0,0,0,0,0,0,0,0,0,1bbde370b081b80b,8a9bbc937588d3c4
double,few_unique,boost::flat_stable_sort,1,100000,20260912,0,1,,,,,,1,,windows-qpc-cycletime,1,,5407445,2535485,1667703,0,0,0,0,399024,127086880,200801,63073,0,14528,257,0,0,0,-,0,0,0,0,0,0,0,0,0,0,0,0,0,0,1bbde370b081b80b,1306b8bd45353516
double,all_equal,brainsort,1,100000,20260912,0,1,,,,,,1,,windows-qpc-cycletime,1,,100000,0,99999,0,0,0,0,0,1600000,25000,25000,0,0,0,1,0,0,sorted,1,0,0,0,0,0,0,0,0,0,0,0,0,0,c2cc699511dc4303,1ac6ffce273052f7
double,all_equal,std::stable_sort,1,100000,20260912,0,1,,,,,,1,,windows-qpc-cycletime,1,,3259836,1585714,879918,0,0,0,0,0,77528800,775001,765395,0,800000,1,0,0,0,-,0,0,0,0,0,0,0,0,0,0,0,0,0,0,c2cc699511dc4303,c4c37f19a3428ed3
double,all_equal,gfx::timsort,1,100000,20260912,0,1,,,,,,1,,windows-qpc-cycletime,1,,199998,0,99999,0,0,0,0,0,3199968,25000,25000,0,16,1,0,0,0,-,0,0,0,0,0,0,0,0,0,0,0,0,0,0,c2cc699511dc4303,bd2e59776a077c8f
double,all_equal,boost::spinsort,1,100000,20260912,0,1,,,,,,1,,windows-qpc-cycletime,1,,199998,0,99999,0,0,0,0,0,3199968,25000,25000,0,0,0,0,0,0,-,0,0,0,0,0,0,0,0,0,0,0,0,0,0,c2cc699511dc4303,bd2e59776a077c8f
double,all_equal,boost::flat_stable_sort,1,100000,20260912,0,1,,,,,,1,,windows-qpc-cycletime,1,,200511,513,99999,0,0,0,0,0,3216384,25128,25128,0,11392,3,0,0,0,-,0,0,0,0,0,0,0,0,0,0,0,0,0,0,c2cc699511dc4303,fbf300916bc43bbe
double,runs,brainsort,1,100000,20260912,0,1,,,,,,1,,windows-qpc-cycletime,1,,414168,211332,108761,432768,467082,3599400,0,89,13607400,319708,170658,0,1731104,13,1,0,0,displaced,0,0,0,1,1,1,0,0,0,0,0,0,2,0,64e0f8afd8516051,e4f4dab29e1bc729
double,runs,std::stable_sort,1,100000,20260912,0,1,,,,,,1,,windows-qpc-cycletime,1,,3817017,1636038,1133432,0,0,0,0,96445,87248880,800000,776632,0,800000,1,0,0,0,-,0,0,0,0,0,0,0,0,0,0,0,0,0,0,64e0f8afd8516051,8c318ed2d048dd9b
double,runs,gfx::timsort,1,100000,20260912,0,1,,,,,,1,,windows-qpc-cycletime,1,,1251245,688017,281614,0,0,0,0,96563,31028192,352098,118080,0,1142560,10,0,0,0,-,0,0,0,0,0,0,0,0,0,0,0,0,0,0,64e0f8afd8516051,4018321c99387db5
double,runs,boost::spinsort,1,100000,20260912,0,1,,,,,,1,,windows-qpc-cycletime,1,,2860185,1060047,929779,0,0,0,0,96993,62723712,397869,161751,0,801536,17,0,0,0,-,0,0,0,0,0,0,0,0,0,0,0,0,0,0,64e0f8afd8516051,982fb9643a9b8689
double,runs,boost::flat_stable_sort,1,100000,20260912,0,1,,,,,,1,,windows-qpc-cycletime,1,,2470644,1470137,519857,0,0,0,0,98343,63052496,212241,60843,0,14528,202,0,0,0,-,0,0,0,0,0,0,0,0,0,0,0,0,0,0,64e0f8afd8516051,94a2b3e8c3e50e4e
double,organ_pipe,brainsort,1,100000,20260912,0,1,,,,,,1,,windows-qpc-cycletime,1,,299996,199995,199997,0,0,0,0,99998,7999856,111650,73166,0,800032,2,1,0,0,runs,0,0,1,0,0,0,0,0,0,0,0,0,0,0,3ed43a32699cb0d3,2f9f309224f2dd09
double,organ_pipe,std::stable_sort,1,100000,20260912,0,1,,,,,,1,,windows-qpc-cycletime,1,,3485802,1785709,871475,0,0,0,0,99998,84344176,799743,767049,0,800000,1,0,0,0,-,0,0,0,0,0,0,0,0,0,0,0,0,0,0,3ed43a32699cb0d3,1c1b1042b84cb371
double,organ_pipe,gfx::timsort,1,100000,20260912,0,1,,,,,,1,,windows-qpc-cycletime,1,,599993,199995,199999,0,0,0,0,99998,12799808,111990,91809,0,800016,3,0,0,0,-,0,0,0,0,0,0,0,0,0,0,0,0,0,0,3ed43a32699cb0d3,a78104cdd86b2bcf
double,organ_pipe,boost::spinsort,1,100000,20260912,0,1,,,,,,1,,windows-qpc-cycletime,1,,800000,299998,250001,0,0,0,0,100002,17599968,174489,136513,0,800000,1,0,0,0,-,0,0,0,0,0,0,0,0,0,0,0,0,0,0,3ed43a32699cb0d3,ddc681cda113b3e3
double,organ_pipe,boost::flat_stable_sort,1,100000,20260912,0,1,,,,,,1,,windows-qpc-cycletime,1,,802723,400167,201316,0,0,0,0,100394,19246240,99911,62864,0,14528,7,0,0,0,-,0,0,0,0,0,0,0,0,0,0,0,0,0,0,3ed43a32699cb0d3,648bebc45aa4f82c
double,small_range,brainsort,1,100000,20260912,0,1,,,,,,1,,windows-qpc-cycletime,1,,301539,200000,1024,202048,204096,1624576,0,656,9649200,126021,124680,0,1608224,4,1,0,0,radix,0,0,0,0,1,0,0,0,0,0,0,0,1,0,5c0186e587c5fd4b,901b6b4a9343e5c8
double,small_range,std::stable_sort,1,100000,20260912,0,1,,,,,,1,,windows-qpc-cycletime,1,,4486279,1736135,1451471,0,0,0,0,173059,99558624,793799,773497,0,800000,1,0,0,0,-,0,0,0,0,0,0,0,0,0,0,0,0,0,0,5c0186e587c5fd4b,0126bef0f890c193
double,small_range,gfx::timsort,1,100000,20260912,0,1,,,,,,1,,windows-qpc-cycletime,1,,2938019,2229308,562126,0,0,0,0,232290,82677232,342235,77378,0,900080,19,0,0,0,-,0,0,0,0,0,0,0,0,0,0,0,0,0,0,5c0186e587c5fd4b,aa32c00a13aad9e2
double,small_range,boost::spinsort,1,100000,20260912,0,1,,,,,,1,,windows-qpc-cycletime,1,,4407541,1773441,1582700,0,0,0,0,154351,98895712,415974,157451,0,800000,1,0,0,0,-,0,0,0,0,0,0,0,0,0,0,0,0,0,0,5c0186e587c5fd4b,e68ca235bb7d5714
double,small_range,boost::flat_stable_sort,1,100000,20260912,0,1,,,,,,1,,windows-qpc-cycletime,1,,3883621,2117961,1071828,0,0,0,0,157709,96025312,164901,53635,0,14528,257,0,0,0,-,0,0,0,0,0,0,0,0,0,0,0,0,0,0,5c0186e587c5fd4b,49e88710c60dfa0b
double,sawtooth,brainsort,1,100000,20260912,0,1,,,,,,1,,windows-qpc-cycletime,1,,403602,202434,102088,402048,404530,3226312,0,199,12922888,222492,148614,0,1608224,7,1,0,0,displaced,0,0,0,1,1,1,0,0,0,0,0,0,2,0,db2912b6ef590f13,9006760d70eb4b4e
double,sawtooth,std::stable_sort,1,100000,20260912,0,1,,,,,,1,,windows-qpc-cycletime,1,,4047748,1636448,1248710,0,0,0,0,199746,90947136,799723,774041,0,800000,1,0,0,0,-,0,0,0,0,0,0,0,0,0,0,0,0,0,0,db2912b6ef590f13,ea8338a0e5a6c99b
double,sawtooth,gfx::timsort,1,100000,20260912,0,1,,,,,,1,,windows-qpc-cycletime,1,,2151008,1002996,574006,0,0,0,0,246083,50464064,482700,106637,0,1087040,11,0,0,0,-,0,0,0,0,0,0,0,0,0,0,0,0,0,0,db2912b6ef590f13,699716d9c2439c44
double,sawtooth,boost::spinsort,1,100000,20260912,0,1,,,,,,1,,windows-qpc-cycletime,1,,3579364,1355758,1164663,0,0,0,0,201142,78961952,418811,158483,0,800000,1,0,0,0,-,0,0,0,0,0,0,0,0,0,0,0,0,0,0,db2912b6ef590f13,51429320381acd15
double,sawtooth,boost::flat_stable_sort,1,100000,20260912,0,1,,,,,,1,,windows-qpc-cycletime,1,,4260548,2135187,1103081,0,0,0,0,205356,102331760,241891,64075,0,14528,346,0,0,0,-,0,0,0,0,0,0,0,0,0,0,0,0,0,0,db2912b6ef590f13,01cf79c132c6f036
double,prefixed,brainsort,1,100000,20260912,0,1,,,,,,1,,windows-qpc-cycletime,1,,648871,547332,1024,820480,853248,6694912,0,687,25834160,613629,250221,0,882928,4,1,0,0,radix,0,0,0,0,1,0,1,0,0,0,0,0,8,0,8aef0468e1c3ace3,5c052978a6cc4e0c
double,prefixed,std::stable_sort,1,100000,20260912,0,1,,,,,,1,,windows-qpc-cycletime,1,,4827011,1785662,1595806,0,0,0,0,795458,105802768,799746,773565,0,800000,1,0,0,0,-,0,0,0,0,0,0,0,0,0,0,0,0,0,0,8aef0468e1c3ace3,7228911081e5978a
double,prefixed,gfx::timsort,1,100000,20260912,0,1,,,,,,1,,windows-qpc-cycletime,1,,5577878,2940661,1532555,0,0,0,0,766465,136296624,464331,114052,0,1198816,22,0,0,0,-,0,0,0,0,0,0,0,0,0,0,0,0,0,0,8aef0468e1c3ace3,e74b0da913234995
double,prefixed,boost::spinsort,1,100000,20260912,0,1,,,,,,1,,windows-qpc-cycletime,1,,4984726,1930518,1861593,0,0,0,0,747298,110643904,419655,158244,0,800000,1,0,0,0,-,0,0,0,0,0,0,0,0,0,0,0,0,0,0,8aef0468e1c3ace3,8dea4e6fe960cf8c
double,prefixed,boost::flat_stable_sort,1,100000,20260912,0,1,,,,,,1,,windows-qpc-cycletime,1,,5538854,2550884,1728464,0,0,0,0,763036,129435808,201055,62670,0,14528,257,0,0,0,-,0,0,0,0,0,0,0,0,0,0,0,0,0,0,8aef0468e1c3ace3,38575462288e44ee
int64,random,brainsort,1,100000,20260912,0,1,,,,,,1,,windows-qpc-cycletime,1,,748600,647061,1024,1073728,1155648,8917504,0,670,31248080,1269100,326029,0,915696,4,1,0,0,radix,0,0,0,0,1,0,1,0,0,0,0,0,10,0,a3e1db782016ff23,d54a94820c9b44d8
int64,random,std::stable_sort,1,100000,20260912,0,1,,,,,,1,,windows-qpc-cycletime,1,,4826739,1785911,1595513,0,0,0,0,796079,105802400,799742,773835,0,800000,1,0,0,0,-,0,0,0,0,0,0,0,0,0,0,0,0,0,0,a3e1db782016ff23,74875b53cb70706f
int64,random,gfx::timsort,1,100000,20260912,0,1,,,,,,1,,windows-qpc-cycletime,1,,5567499,2930520,1532406,0,0,0,0,766126,135968304,468391,109508,0,1198848,17,0,0,0,-,0,0,0,0,0,0,0,0,0,0,0,0,0,0,a3e1db782016ff23,191241730d7f2e01
int64,random,boost::spinsort,1,100000,20260912,0,1,,,,,,1,,windows-qpc-cycletime,1,,4986982,1931712,1862797,0,0,0,0,747691,110699104,419895,158201,0,800000,1,0,0,0,-,0,0,0,0,0,0,0,0,0,0,0,0,0,0,a3e1db782016ff23,b9455b6bdf03eeae
int64,random,boost::flat_stable_sort,1,100000,20260912,0,1,,,,,,1,,windows-qpc-cycletime,1,,5537964,2551156,1727538,0,0,0,0,763603,129425920,201435,64176,0,14528,257,0,0,0,-,0,0,0,0,0,0,0,0,0,0,0,0,0,0,a3e1db782016ff23,715de5c8f3d54b5d
int64,sorted,brainsort,1,100000,20260912,0,1,,,,,,1,,windows-qpc-cycletime,1,,100000,0,99999,0,0,0,0,0,1600000,25000,25000,0,0,0,1,0,0,sorted,1,0,0,0,0,0,0,0,0,0,0,0,0,0,c2cc699511dc4303,1ac6ffce273052f7
int64,sorted,std::stable_sort,1,100000,20260912,0,1,,,,,,1,,windows-qpc-cycletime,1,,3259836,1585714,879918,0,0,0,0,0,77528800,775001,765395,0,800000,1,0,0,0,-,0,0,0,0,0,0,0,0,0,0,0,0,0,0,c2cc699511dc4303,c4c37f19a3428ed3
int64,sorted,gfx::timsort,1,100000,20260912,0,1,,,,,,1,,windows-qpc-cycletime,1,,199998,0,99999,0,0,0,0,0,3199968,25000,25000,0,16,1,0,0,0,-,0,0,0,0,0,0,0,0,0,0,0,0,0,0,c2cc699511dc4303,bd2e59776a077c8f
int64,sorted,boost::spinsort,1,100000,20260912,0,1,,,,,,1,,windows-qpc-cycletime,1,,199998,0,99999,0,0,0,0,0,3199968,25000,25000,0,0,0,0,0,0,-,0,0,0,0,0,0,0,0,0,0,0,0,0,0,c2cc699511dc4303,bd2e59776a077c8f
int64,sorted,boost::flat_stable_sort,1,100000,20260912,0,1,,,,,,1,,windows-qpc-cycletime,1,,200511,513,99999,0,0,0,0,0,3216384,25128,25128,0,11392,3,0,0,0,-,0,0,0,0,0,0,0,0,0,0,0,0,0,0,c2cc699511dc4303,fbf300916bc43bbe
int64,reverse,brainsort,1,100000,20260912,0,1,,,,,,1,,windows-qpc-cycletime,1,,200000,100000,99999,0,0,0,0,0,4800000,49744,41808,0,0,0,1,0,0,reverse,0,1,0,0,0,0,0,0,0,0,0,0,0,0,35b03f8cf0b414a3,c79beb26e1537090
int64,reverse,std::stable_sort,1,100000,20260912,0,1,,,,,,1,,windows-qpc-cycletime,1,,3461780,1935708,763036,0,0,0,0,0,86359808,800000,759174,0,800000,1,0,0,0,-,0,0,0,0,0,0,0,0,0,0,0,0,0,0,35b03f8cf0b414a3,5f771a6ed7b2bc6f
int64,reverse,gfx::timsort,1,100000,20260912,0,1,,,,,,1,,windows-qpc-cycletime,1,,299998,100000,99999,0,0,0,0,0,6399968,49744,41808,0,16,1,0,0,0,-,0,0,0,0,0,0,0,0,0,0,0,0,0,0,35b03f8cf0b414a3,d36a55d25f6b6a6a
int64,reverse,boost::spinsort,1,100000,20260912,0,1,,,,,,1,,windows-qpc-cycletime,1,,300000,100000,100000,0,0,0,0,0,6400000,49744,41808,0,0,0,0,0,0,-,0,0,0,0,0,0,0,0,0,0,0,0,0,0,35b03f8cf0b414a3,b42cb03136980203
int64,reverse,boost::flat_stable_sort,1,100000,20260912,0,1,,,,,,1,,windows-qpc-cycletime,1,,300513,100513,100000,0,0,0,0,0,6416416,49872,41936,0,11392,3,0,0,0,-,0,0,0,0,0,0,0,0,0,0,0,0,0,0,35b03f8cf0b414a3,30366153da5cb96c
int64,nearly_sorted,brainsort,1,100000,20260912,0,1,,,,,,1,,windows-qpc-cycletime,1,,388769,226810,326215,0,3982,15928,0,21575,9865192,110162,60862,0,73728,13,1,0,0,displaced,0,0,0,1,0,0,0,0,0,0,0,0,0,0,05d188bf0e3f33e7,9ab40633a32f75c8
int64,nearly_sorted,std::stable_sort,1,100000,20260912,0,1,,,,,,1,,windows-qpc-cycletime,1,,4273466,1641438,1359833,0,0,0,0,26254,94638464,787587,777755,0,800000,1,0,0,0,-,0,0,0,0,0,0,0,0,0,0,0,0,0,0,05d188bf0e3f33e7,5d5b2a0bc0dd3e28
int64,nearly_sorted,gfx::timsort,1,100000,20260912,0,1,,,,,,1,,windows-qpc-cycletime,1,,1837410,1417406,271385,0,0,0,0,53150,52077056,372579,88596,0,1134736,18,0,0,0,-,0,0,0,0,0,0,0,0,0,0,0,0,0,0,05d188bf0e3f33e7,2a65fe60b2617e5a
int64,nearly_sorted,boost::spinsort,1,100000,20260912,0,1,,,,,,1,,windows-qpc-cycletime,1,,3665771,1368897,1207497,0,0,0,0,38722,80554688,412671,162381,0,800000,1,0,0,0,-,0,0,0,0,0,0,0,0,0,0,0,0,0,0,05d188bf0e3f33e7,325876c120a82d11
int64,nearly_sorted,boost::flat_stable_sort,1,100000,20260912,0,1,,,,,,1,,windows-qpc-cycletime,1,,3899572,2139525,934146,0,0,0,0,35926,96625552,204518,74262,0,14528,257,0,0,0,-,0,0,0,0,0,0,0,0,0,0,0,0,0,0,05d188bf0e3f33e7,d96bc01f45c015fd
int64,few_unique,brainsort,1,100000,20260912,0,1,,,,,,1,,windows-qpc-cycletime,1,,351491,249950,1024,308292,308292,3266336,0,690,12889392,151558,129582,0,899312,4,1,0,0,radix,0,0,0,0,1,0,1,0,0,2,2,0,2,0,52a317f4ad388e47,82142759f295046b
int64,few_unique,std::stable_sort,1,100000,20260912,0,1,,,,,,1,,windows-qpc-cycletime,1,,4816981,1783712,1591695,0,0,0,0,430268,105611088,799630,773770,0,800000,1,0,0,0,-,0,0,0,0,0,0,0,0,0,0,0,0,0,0,52a317f4ad388e47,31e7a9fd44690378
int64,few_unique,gfx::timsort,1,100000,20260912,0,1,,,,,,1,,windows-qpc-cycletime,1,,4583973,2911464,1049930,0,0,0,0,449749,119926992,456262,115014,0,1187152,22,0,0,0,-,0,0,0,0,0,0,0,0,0,0,0,0,0,0,52a317f4ad388e47,76b07fc81707eeff
int64,few_unique,boost::spinsort,1,100000,20260912,0,1,,,,,,1,,windows-qpc-cycletime,1,,4965093,1924022,1852263,0,0,0,0,382004,110225840,419837,158149,0,800000,1,0,0,0,-,0,0,0,0,0,0,0,0,0,0,0,0,0,0,52a317f4ad388e47,95fe3d1dc8fbe917
int64,few_unique,boost::flat_stable_sort,1,100000,20260912,0,1,,,,,,1,,windows-qpc-cycletime,1,,5412741,2538486,1669757,0,0,0,0,398780,127219632,200808,63043,0,14528,257,0,0,0,-,0,0,0,0,0,0,0,0,0,0,0,0,0,0,52a317f4ad388e47,81e5d55cea6ec754
int64,all_equal,brainsort,1,100000,20260912,0,1,,,,,,1,,windows-qpc-cycletime,1,,100000,0,99999,0,0,0,0,0,1600000,25000,25000,0,0,0,1,0,0,sorted,1,0,0,0,0,0,0,0,0,0,0,0,0,0,c2cc699511dc4303,1ac6ffce273052f7
int64,all_equal,std::stable_sort,1,100000,20260912,0,1,,,,,,1,,windows-qpc-cycletime,1,,3259836,1585714,879918,0,0,0,0,0,77528800,775001,765395,0,800000,1,0,0,0,-,0,0,0,0,0,0,0,0,0,0,0,0,0,0,c2cc699511dc4303,c4c37f19a3428ed3
int64,all_equal,gfx::timsort,1,100000,20260912,0,1,,,,,,1,,windows-qpc-cycletime,1,,199998,0,99999,0,0,0,0,0,3199968,25000,25000,0,16,1,0,0,0,-,0,0,0,0,0,0,0,0,0,0,0,0,0,0,c2cc699511dc4303,bd2e59776a077c8f
int64,all_equal,boost::spinsort,1,100000,20260912,0,1,,,,,,1,,windows-qpc-cycletime,1,,199998,0,99999,0,0,0,0,0,3199968,25000,25000,0,0,0,0,0,0,-,0,0,0,0,0,0,0,0,0,0,0,0,0,0,c2cc699511dc4303,bd2e59776a077c8f
int64,all_equal,boost::flat_stable_sort,1,100000,20260912,0,1,,,,,,1,,windows-qpc-cycletime,1,,200511,513,99999,0,0,0,0,0,3216384,25128,25128,0,11392,3,0,0,0,-,0,0,0,0,0,0,0,0,0,0,0,0,0,0,c2cc699511dc4303,fbf300916bc43bbe
int64,runs,brainsort,1,100000,20260912,0,1,,,,,,1,,windows-qpc-cycletime,1,,414169,211332,108761,402048,405642,3230760,0,89,13238776,210527,148365,0,1608224,13,1,0,0,displaced,0,0,0,1,1,1,0,0,0,0,0,0,2,0,64e0f8afd8516051,a57a2689f5e28d4a
int64,runs,std::stable_sort,1,100000,20260912,0,1,,,,,,1,,windows-qpc-cycletime,1,,3817017,1636038,1133432,0,0,0,0,96445,87248880,800000,776632,0,800000,1,0,0,0,-,0,0,0,0,0,0,0,0,0,0,0,0,0,0,64e0f8afd8516051,8c318ed2d048dd9b
int64,runs,gfx::timsort,1,100000,20260912,0,1,,,,,,1,,windows-qpc-cycletime,1,,1251245,688017,281614,0,0,0,0,96563,31028192,352098,118080,0,1142560,10,0,0,0,-,0,0,0,0,0,0,0,0,0,0,0,0,0,0,64e0f8afd8516051,4018321c99387db5
int64,runs,boost::spinsort,1,100000,20260912,0,1,,,,,,1,,windows-qpc-cycletime,1,,2860185,1060047,929779,0,0,0,0,96993,62723712,397869,161751,0,801536,17,0,0,0,-,0,0,0,0,0,0,0,0,0,0,0,0,0,0,64e0f8afd8516051,982fb9643a9b8689
int64,runs,boost::flat_stable_sort,1,100000,20260912,0,1,,,,,,1,,windows-qpc-cycletime,1,,2470644,1470137,519857,0,0,0,0,98343,63052496,212241,60843,0,14528,202,0,0,0,-,0,0,0,0,0,0,0,0,0,0,0,0,0,0,64e0f8afd8516051,94a2b3e8c3e50e4e
int64,organ_pipe,brainsort,1,100000,20260912,0,1,,,,,,1,,windows-qpc-cycletime,1,,299996,199995,199997,0,0,0,0,99998,7999856,111650,73166,0,800032,2,1,0,0,runs,0,0,1,0,0,0,0,0,0,0,0,0,0,0,3ed43a32699cb0d3,2f9f309224f2dd09
int64,organ_pipe,std::stable_sort,1,100000,20260912,0,1,,,,,,1,,windows-qpc-cycletime,1,,3485802,1785709,871475,0,0,0,0,99998,84344176,799743,767049,0,800000,1,0,0,0,-,0,0,0,0,0,0,0,0,0,0,0,0,0,0,3ed43a32699cb0d3,1c1b1042b84cb371
int64,organ_pipe,gfx::timsort,1,100000,20260912,0,1,,,,,,1,,windows-qpc-cycletime,1,,599993,199995,199999,0,0,0,0,99998,12799808,111990,91809,0,800016,3,0,0,0,-,0,0,0,0,0,0,0,0,0,0,0,0,0,0,3ed43a32699cb0d3,a78104cdd86b2bcf
int64,organ_pipe,boost::spinsort,1,100000,20260912,0,1,,,,,,1,,windows-qpc-cycletime,1,,800000,299998,250001,0,0,0,0,100002,17599968,174489,136513,0,800000,1,0,0,0,-,0,0,0,0,0,0,0,0,0,0,0,0,0,0,3ed43a32699cb0d3,ddc681cda113b3e3
int64,organ_pipe,boost::flat_stable_sort,1,100000,20260912,0,1,,,,,,1,,windows-qpc-cycletime,1,,802723,400167,201316,0,0,0,0,100394,19246240,99911,62864,0,14528,7,0,0,0,-,0,0,0,0,0,0,0,0,0,0,0,0,0,0,3ed43a32699cb0d3,648bebc45aa4f82c
int64,small_range,brainsort,1,100000,20260912,0,1,,,,,,1,,windows-qpc-cycletime,1,,301539,200000,1024,200004,200008,1600048,0,656,9624672,125767,124423,0,1600048,4,1,0,0,radix,0,0,0,0,1,0,0,0,0,0,0,0,1,0,5c0186e587c5fd4b,f5751f9e09e1b588
int64,small_range,std::stable_sort,1,100000,20260912,0,1,,,,,,1,,windows-qpc-cycletime,1,,4486279,1736135,1451471,0,0,0,0,173059,99558624,793799,773497,0,800000,1,0,0,0,-,0,0,0,0,0,0,0,0,0,0,0,0,0,0,5c0186e587c5fd4b,0126bef0f890c193
int64,small_range,gfx::timsort,1,100000,20260912,0,1,,,,,,1,,windows-qpc-cycletime,1,,2938019,2229308,562126,0,0,0,0,232290,82677232,342235,77378,0,900080,19,0,0,0,-,0,0,0,0,0,0,0,0,0,0,0,0,0,0,5c0186e587c5fd4b,aa32c00a13aad9e2
int64,small_range,boost::spinsort,1,100000,20260912,0,1,,,,,,1,,windows-qpc-cycletime,1,,4407541,1773441,1582700,0,0,0,0,154351,98895712,415974,157451,0,800000,1,0,0,0,-,0,0,0,0,0,0,0,0,0,0,0,0,0,0,5c0186e587c5fd4b,e68ca235bb7d5714
int64,small_range,boost::flat_stable_sort,1,100000,20260912,0,1,,,,,,1,,windows-qpc-cycletime,1,,3883621,2117961,1071828,0,0,0,0,157709,96025312,164901,53635,0,14528,257,0,0,0,-,0,0,0,0,0,0,0,0,0,0,0,0,0,0,5c0186e587c5fd4b,49e88710c60dfa0b
int64,sawtooth,brainsort,1,100000,20260912,0,1,,,,,,1,,windows-qpc-cycletime,1,,403602,202434,102088,201024,202482,1614024,0,199,11310600,232237,148124,0,1604128,7,1,0,0,displaced,0,0,0,1,1,1,0,0,0,0,0,0,1,0,db2912b6ef590f13,98dabf0028c5a610
int64,sawtooth,std::stable_sort,1,100000,20260912,0,1,,,,,,1,,windows-qpc-cycletime,1,,4047748,1636448,1248710,0,0,0,0,199746,90947136,799723,774041,0,800000,1,0,0,0,-,0,0,0,0,0,0,0,0,0,0,0,0,0,0,db2912b6ef590f13,ea8338a0e5a6c99b
int64,sawtooth,gfx::timsort,1,100000,20260912,0,1,,,,,,1,,windows-qpc-cycletime,1,,2151008,1002996,574006,0,0,0,0,246083,50464064,482700,106637,0,1087040,11,0,0,0,-,0,0,0,0,0,0,0,0,0,0,0,0,0,0,db2912b6ef590f13,699716d9c2439c44
int64,sawtooth,boost::spinsort,1,100000,20260912,0,1,,,,,,1,,windows-qpc-cycletime,1,,3579364,1355758,1164663,0,0,0,0,201142,78961952,418811,158483,0,800000,1,0,0,0,-,0,0,0,0,0,0,0,0,0,0,0,0,0,0,db2912b6ef590f13,51429320381acd15
int64,sawtooth,boost::flat_stable_sort,1,100000,20260912,0,1,,,,,,1,,windows-qpc-cycletime,1,,4260548,2135187,1103081,0,0,0,0,205356,102331760,241891,64075,0,14528,346,0,0,0,-,0,0,0,0,0,0,0,0,0,0,0,0,0,0,db2912b6ef590f13,01cf79c132c6f036
int64,prefixed,brainsort,1,100000,20260912,0,1,,,,,,1,,windows-qpc-cycletime,1,,301539,200000,1024,402048,404096,3224576,0,693,11249200,234647,123834,0,1608224,4,1,0,0,radix,0,0,0,0,1,0,0,0,0,0,0,0,2,0,5d73af5bcafaae51,49c13d0940081b2a
int64,prefixed,std::stable_sort,1,100000,20260912,0,1,,,,,,1,,windows-qpc-cycletime,1,,4826013,1785217,1595531,0,0,0,0,796183,105779680,799750,773658,0,800000,1,0,0,0,-,0,0,0,0,0,0,0,0,0,0,0,0,0,0,5d73af5bcafaae51,3d538158df0df701
int64,prefixed,gfx::timsort,1,100000,20260912,0,1,,,,,,1,,windows-qpc-cycletime,1,,5570838,2933863,1532438,0,0,0,0,767057,136075216,467935,110025,0,1198800,18,0,0,0,-,0,0,0,0,0,0,0,0,0,0,0,0,0,0,5d73af5bcafaae51,7fc7c242448de59e
int64,prefixed,boost::spinsort,1,100000,20260912,0,1,,,,,,1,,windows-qpc-cycletime,1,,4982376,1929371,1860548,0,0,0,0,749505,110587952,419598,158235,0,800000,1,0,0,0,-,0,0,0,0,0,0,0,0,0,0,0,0,0,0,5d73af5bcafaae51,1b0924676d0cd483
int64,prefixed,boost::flat_stable_sort,1,100000,20260912,0,1,,,,,,1,,windows-qpc-cycletime,1,,5538792,2551149,1728214,0,0,0,0,763893,129439056,201353,63471,0,14528,257,0,0,0,-,0,0,0,0,0,0,0,0,0,0,0,0,0,0,5d73af5bcafaae51,a378c2b74571e1bd
string,random,brainsort,1,100000,20260912,0,1,,,,,,1,,windows-qpc-cycletime,1,,848437,549377,1025,824576,857344,6727680,5199214,685,34291918,935335,481490,0,882928,4,1,0,0,radix,0,0,0,0,1,0,1,0,0,0,0,0,8,0,aedf8b76b827def3,c0aee24ebe10abd9
string,random,std::stable_sort,1,100000,20260912,0,1,,,,,,1,,windows-qpc-cycletime,1,,4827294,1786460,1595606,0,0,0,6902618,795200,112722682,1382702,982110,0,800000,1,0,0,0,-,0,0,0,0,0,0,0,0,0,0,0,0,0,0,aedf8b76b827def3,945310a991071e0e
string,random,gfx::timsort,1,100000,20260912,0,1,,,,,,1,,windows-qpc-cycletime,1,,5573944,2936905,1532476,0,0,0,6758136,766043,142931720,1000850,199973,0,1198848,20,0,0,0,-,0,0,0,0,0,0,0,0,0,0,0,0,0,0,aedf8b76b827def3,dcc4c9e9d81574b4
string,random,boost::spinsort,1,100000,20260912,0,1,,,,,,1,,windows-qpc-cycletime,1,,4987070,1931627,1862834,0,0,0,7413620,747972,118112772,913357,218687,0,800000,1,0,0,0,-,0,0,0,0,0,0,0,0,0,0,0,0,0,0,aedf8b76b827def3,2b04d83ebe9303e8
string,random,boost::flat_stable_sort,1,100000,20260912,0,1,,,,,,1,,windows-qpc-cycletime,1,,5540886,2552058,1729234,0,0,0,7164672,762728,136651776,884534,117725,0,14528,257,0,0,0,-,0,0,0,0,0,0,0,0,0,0,0,0,0,0,aedf8b76b827def3,08e25658464c8a78
string,sorted,brainsort,1,100000,20260912,0,1,,,,,,1,,windows-qpc-cycletime,1,,100000,0,99999,0,0,0,757112,0,2357112,36719,36719,0,0,0,1,0,0,sorted,1,0,0,0,0,0,0,0,0,0,0,0,0,0,c2cc699511dc4303,f8af3f4fd4326d42
string,sorted,std::stable_sort,1,100000,20260912,0,1,,,,,,1,,windows-qpc-cycletime,1,,3259836,1585714,879918,0,0,0,4163564,0,81692364,883053,883049,0,800000,1,0,0,0,-,0,0,0,0,0,0,0,0,0,0,0,0,0,0,c2cc699511dc4303,2f3431e13d393cf3
string,sorted,gfx::timsort,1,100000,20260912,0,1,,,,,,1,,windows-qpc-cycletime,1,,199998,0,99999,0,0,0,757108,0,3957076,36719,36719,0,16,1,0,0,0,-,0,0,0,0,0,0,0,0,0,0,0,0,0,0,c2cc699511dc4303,6f02bb36330d58ad
string,sorted,boost::spinsort,1,100000,20260912,0,1,,,,,,1,,windows-qpc-cycletime,1,,199998,0,99999,0,0,0,757108,0,3957076,36719,36719,0,0,0,0,0,0,-,0,0,0,0,0,0,0,0,0,0,0,0,0,0,c2cc699511dc4303,6f02bb36330d58ad
string,sorted,boost::flat_stable_sort,1,100000,20260912,0,1,,,,,,1,,windows-qpc-cycletime,1,,200511,513,99999,0,0,0,757108,0,3973492,36847,36847,0,11392,3,0,0,0,-,0,0,0,0,0,0,0,0,0,0,0,0,0,0,c2cc699511dc4303,52485bd3d62921a0
string,reverse,brainsort,1,100000,20260912,0,1,,,,,,1,,windows-qpc-cycletime,1,,401783,104262,202476,0,0,0,1529282,8308,9626002,98226,91782,0,0,0,1,0,0,reverse,0,1,0,0,0,0,0,0,0,0,0,0,0,0,9511d26aa7fb46ad,d85434938bb7f13f
string,reverse,std::stable_sort,1,100000,20260912,0,1,,,,,,1,,windows-qpc-cycletime,1,,3467228,1933278,770477,0,0,0,3561248,7700,89969344,904229,874392,0,800000,1,0,0,0,-,0,0,0,0,0,0,0,0,0,0,0,0,0,0,9511d26aa7fb46ad,4279d099868bed9b
string,reverse,gfx::timsort,1,100000,20260912,0,1,,,,,,1,,windows-qpc-cycletime,1,,2973313,2620104,257387,0,0,0,1716730,7780,91211402,509057,134430,0,1078576,21,0,0,0,-,0,0,0,0,0,0,0,0,0,0,0,0,0,0,9511d26aa7fb46ad,44f003bdb97adbfc
string,reverse,boost::spinsort,1,100000,20260912,0,1,,,,,,1,,windows-qpc-cycletime,1,,4318663,2514291,1487569,0,0,0,8794666,5176,118121930,429948,164686,0,800000,1,0,0,0,-,0,0,0,0,0,0,0,0,0,0,0,0,0,0,9511d26aa7fb46ad,7638a515e0ad0d3f
string,reverse,boost::flat_stable_sort,1,100000,20260912,0,1,,,,,,1,,windows-qpc-cycletime,1,,2993192,1672593,1049188,0,0,0,6467878,5156,81120438,92432,73571,0,14528,257,0,0,0,-,0,0,0,0,0,0,0,0,0,0,0,0,0,0,9511d26aa7fb46ad,a68aad39a842b92a
string,nearly_sorted,brainsort,1,100000,20260912,0,1,,,,,,1,,windows-qpc-cycletime,1,,388157,226676,326127,107,3956,16252,2117336,21601,11970916,172449,98746,0,73728,13,1,0,0,displaced,0,0,0,1,0,0,0,0,0,0,0,0,0,0,1a2d572d812a406f,119cc3e983b061b0
string,nearly_sorted,std::stable_sort,1,100000,20260912,0,1,,,,,,1,,windows-qpc-cycletime,1,,4273130,1641503,1359658,0,0,0,6100684,26414,100734812,962122,951387,0,800000,1,0,0,0,-,0,0,0,0,0,0,0,0,0,0,0,0,0,0,1a2d572d812a406f,951d7f7d5e58ed57
string,nearly_sorted,gfx::timsort,1,100000,20260912,0,1,,,,,,1,,windows-qpc-cycletime,1,,1849955,1431559,269486,0,0,0,1573050,52589,54077274,429182,144378,0,956304,20,0,0,0,-,0,0,0,0,0,0,0,0,0,0,0,0,0,0,1a2d572d812a406f,2a253b6c49679899
string,nearly_sorted,boost::spinsort,1,100000,20260912,0,1,,,,,,1,,windows-qpc-cycletime,1,,3667292,1368960,1208225,0,0,0,5117960,39212,85697992,520263,200643,0,800000,1,0,0,0,-,0,0,0,0,0,0,0,0,0,0,0,0,0,0,1a2d572d812a406f,0daa2916e6b8a3e9
string,nearly_sorted,boost::flat_stable_sort,1,100000,20260912,0,1,,,,,,1,,windows-qpc-cycletime,1,,3883553,2146791,922463,0,0,0,4236932,36188,100722436,294997,114823,0,14528,257,0,0,0,-,0,0,0,0,0,0,0,0,0,0,0,0,0,0,1a2d572d812a406f,2ebaeaf7edeb6f7e
string,few_unique,brainsort,1,100000,20260912,0,1,,,,,,1,,windows-qpc-cycletime,1,,513765,249126,63960,304196,304196,3233568,2963143,702,18402967,410233,247874,0,874736,4,2,0,0,radix,63,0,0,0,1,0,1,0,0,2,2,0,2,0,77c5ca5cb05e38e5,bb3f811960bcb648
string,few_unique,std::stable_sort,1,100000,20260912,0,1,,,,,,1,,windows-qpc-cycletime,1,,4817453,1783845,1591917,0,0,0,11266832,429528,116887600,1393498,985536,0,800000,1,0,0,0,-,0,0,0,0,0,0,0,0,0,0,0,0,0,0,77c5ca5cb05e38e5,e339ee62caeb3d36
string,few_unique,gfx::timsort,1,100000,20260912,0,1,,,,,,1,,windows-qpc-cycletime,1,,4585499,2913495,1049787,0,0,0,6349652,450627,126333556,597910,135593,0,1186672,20,0,0,0,-,0,0,0,0,0,0,0,0,0,0,0,0,0,0,77c5ca5cb05e38e5,eb7f804383cdbb57
string,few_unique,boost::spinsort,1,100000,20260912,0,1,,,,,,1,,windows-qpc-cycletime,1,,4968282,1925425,1853965,0,0,0,11551624,382216,121850936,921652,219698,0,800000,1,0,0,0,-,0,0,0,0,0,0,0,0,0,0,0,0,0,0,77c5ca5cb05e38e5,85d4469132969ec2
string,few_unique,boost::flat_stable_sort,1,100000,20260912,0,1,,,,,,1,,windows-qpc-cycletime,1,,5406130,2536681,1666439,0,0,0,11039848,398902,138124824,827202,112368,0,14528,257,0,0,0,-,0,0,0,0,0,0,0,0,0,0,0,0,0,0,77c5ca5cb05e38e5,0778032b63d2cf06
string,all_equal,brainsort,1,100000,20260912,0,1,,,,,,1,,windows-qpc-cycletime,1,,100000,0,99999,0,0,0,2599982,0,4199982,45313,45313,0,0,0,1,0,0,sorted,1,0,0,0,0,0,0,0,0,0,0,0,0,0,c2cc699511dc4303,b3d22f1bbe4dbf3a
string,all_equal,std::stable_sort,1,100000,20260912,0,1,,,,,,1,,windows-qpc-cycletime,1,,3259836,1585714,879918,0,0,0,22877868,0,100406668,955629,955625,0,800000,1,0,0,0,-,0,0,0,0,0,0,0,0,0,0,0,0,0,0,c2cc699511dc4303,c230cd2f501ec81b
string,all_equal,gfx::timsort,1,100000,20260912,0,1,,,,,,1,,windows-qpc-cycletime,1,,199998,0,99999,0,0,0,2599974,0,5799942,45313,45313,0,16,1,0,0,0,-,0,0,0,0,0,0,0,0,0,0,0,0,0,0,c2cc699511dc4303,3481a84931e62285
string,all_equal,boost::spinsort,1,100000,20260912,0,1,,,,,,1,,windows-qpc-cycletime,1,,199998,0,99999,0,0,0,2599974,0,5799942,45313,45313,0,0,0,0,0,0,-,0,0,0,0,0,0,0,0,0,0,0,0,0,0,c2cc699511dc4303,3481a84931e62285
string,all_equal,boost::flat_stable_sort,1,100000,20260912,0,1,,,,,,1,,windows-qpc-cycletime,1,,200511,513,99999,0,0,0,2599974,0,5816358,45441,45441,0,11392,3,0,0,0,-,0,0,0,0,0,0,0,0,0,0,0,0,0,0,c2cc699511dc4303,ea0a497d054d5278
string,runs,brainsort,1,100000,20260912,0,1,,,,,,1,,windows-qpc-cycletime,1,,787347,211332,108761,404096,409738,3255336,6915072,89,26149272,524888,366402,0,1616416,13,1,0,0,displaced,0,0,0,1,1,1,0,0,0,0,0,0,2,0,64e0f8afd8516051,c7ec275e4648d5c1
string,runs,std::stable_sort,1,100000,20260912,0,1,,,,,,1,,windows-qpc-cycletime,1,,3817017,1636038,1133432,0,0,0,24227080,96445,111475960,1032376,1021537,0,800000,1,0,0,0,-,0,0,0,0,0,0,0,0,0,0,0,0,0,0,64e0f8afd8516051,8018f415a144837f
string,runs,gfx::timsort,1,100000,20260912,0,1,,,,,,1,,windows-qpc-cycletime,1,,1251245,688017,281614,0,0,0,7054692,96563,38082884,414436,175008,0,1142560,10,0,0,0,-,0,0,0,0,0,0,0,0,0,0,0,0,0,0,64e0f8afd8516051,66a3fea27d5eb8d1
string,runs,boost::spinsort,1,100000,20260912,0,1,,,,,,1,,windows-qpc-cycletime,1,,2860185,1060047,929779,0,0,0,19882498,96993,82606210,561933,251300,0,801536,17,0,0,0,-,0,0,0,0,0,0,0,0,0,0,0,0,0,0,64e0f8afd8516051,4e6b1338a4bbaadb
string,runs,boost::flat_stable_sort,1,100000,20260912,0,1,,,,,,1,,windows-qpc-cycletime,1,,2470644,1470137,519857,0,0,0,12017626,98343,75070122,302849,125269,0,14528,202,0,0,0,-,0,0,0,0,0,0,0,0,0,0,0,0,0,0,64e0f8afd8516051,8cbd996581c78630
string,organ_pipe,brainsort,1,100000,20260912,0,1,,,,,,1,,windows-qpc-cycletime,1,,299996,199995,199997,0,0,0,5166600,99998,13166456,152488,124862,0,800032,2,1,0,0,runs,0,0,1,0,0,0,0,0,0,0,0,0,0,0,3ed43a32699cb0d3,28c4c6f0ffa061b2
string,organ_pipe,std::stable_sort,1,100000,20260912,0,1,,,,,,1,,windows-qpc-cycletime,1,,3485802,1785709,871475,0,0,0,19831408,99998,104175584,987508,967241,0,800000,1,0,0,0,-,0,0,0,0,0,0,0,0,0,0,0,0,0,0,3ed43a32699cb0d3,b5651fdeb62c8beb
string,organ_pipe,gfx::timsort,1,100000,20260912,0,1,,,,,,1,,windows-qpc-cycletime,1,,599993,199995,199999,0,0,0,5166644,99998,17966452,152752,141362,0,800016,3,0,0,0,-,0,0,0,0,0,0,0,0,0,0,0,0,0,0,3ed43a32699cb0d3,c2f5cd6385f03dc1
string,organ_pipe,boost::spinsort,1,100000,20260912,0,1,,,,,,1,,windows-qpc-cycletime,1,,800000,299998,250001,0,0,0,6455570,100002,24055538,225413,205830,0,800000,1,0,0,0,-,0,0,0,0,0,0,0,0,0,0,0,0,0,0,3ed43a32699cb0d3,b0607677ace8c1e5
string,organ_pipe,boost::flat_stable_sort,1,100000,20260912,0,1,,,,,,1,,windows-qpc-cycletime,1,,802723,400167,201316,0,0,0,5197616,100394,24443856,140635,116936,0,14528,7,0,0,0,-,0,0,0,0,0,0,0,0,0,0,0,0,0,0,3ed43a32699cb0d3,6f5e93e78a0ca528
string,small_range,brainsort,1,100000,20260912,0,1,,,,,,1,,windows-qpc-cycletime,1,,602055,200000,1024,200016,200032,1600192,3233840,656,17666912,347424,345106,0,1600096,4,1,0,0,radix,0,0,0,0,1,0,0,0,0,0,0,0,1,0,5c0186e587c5fd4b,f2c6e490380a7efb
string,small_range,std::stable_sort,1,100000,20260912,0,1,,,,,,1,,windows-qpc-cycletime,1,,4486279,1736135,1451471,0,0,0,37738246,173059,137296870,1339069,1132358,0,800000,1,0,0,0,-,0,0,0,0,0,0,0,0,0,0,0,0,0,0,5c0186e587c5fd4b,cf0ab79536d4e005
string,small_range,gfx::timsort,1,100000,20260912,0,1,,,,,,1,,windows-qpc-cycletime,1,,2938019,2229308,562126,0,0,0,14615276,232290,97292508,390978,104441,0,900080,19,0,0,0,-,0,0,0,0,0,0,0,0,0,0,0,0,0,0,5c0186e587c5fd4b,3a44dc7df7dd1cd2
string,small_range,boost::spinsort,1,100000,20260912,0,1,,,,,,1,,windows-qpc-cycletime,1,,4407541,1773441,1582700,0,0,0,41150200,154351,140045912,831461,287966,0,800000,1,0,0,0,-,0,0,0,0,0,0,0,0,0,0,0,0,0,0,5c0186e587c5fd4b,a11417880930ab9c
string,small_range,boost::flat_stable_sort,1,100000,20260912,0,1,,,,,,1,,windows-qpc-cycletime,1,,3883621,2117961,1071828,0,0,0,27867528,157709,123892840,343199,80621,0,14528,257,0,0,0,-,0,0,0,0,0,0,0,0,0,0,0,0,0,0,5c0186e587c5fd4b,8742992ba89be747
string,sawtooth,brainsort,1,100000,20260912,0,1,,,,,,1,,windows-qpc-cycletime,1,,705115,202434,102088,265536,331506,2388168,5837924,199,22746876,452831,354610,0,1862176,7,1,0,0,displaced,0,0,0,1,1,1,0,0,0,0,0,0,1,0,db2912b6ef590f13,354921235190fd42
string,sawtooth,std::stable_sort,1,100000,20260912,0,1,,,,,,1,,windows-qpc-cycletime,1,,4047748,1636448,1248710,0,0,0,31121148,199746,122068284,1055825,1045791,0,800000,1,0,0,0,-,0,0,0,0,0,0,0,0,0,0,0,0,0,0,db2912b6ef590f13,631ba0b6e23f5da7
string,sawtooth,gfx::timsort,1,100000,20260912,0,1,,,,,,1,,windows-qpc-cycletime,1,,2151008,1002996,574006,0,0,0,14847366,246083,65311430,617389,154219,0,1087040,11,0,0,0,-,0,0,0,0,0,0,0,0,0,0,0,0,0,0,db2912b6ef590f13,fddfe3c63dfe3f50
string,sawtooth,boost::spinsort,1,100000,20260912,0,1,,,,,,1,,windows-qpc-cycletime,1,,3579364,1355758,1164663,0,0,0,29045742,201142,108007694,600297,259329,0,800000,1,0,0,0,-,0,0,0,0,0,0,0,0,0,0,0,0,0,0,db2912b6ef590f13,a6ce6ccf9b06a1a3
string,sawtooth,boost::flat_stable_sort,1,100000,20260912,0,1,,,,,,1,,windows-qpc-cycletime,1,,4260548,2135187,1103081,0,0,0,27622368,205356,129954128,449640,149829,0,14528,346,0,0,0,-,0,0,0,0,0,0,0,0,0,0,0,0,0,0,db2912b6ef590f13,c34517c8a84b8bc8
string,prefixed,brainsort,1,100000,20260912,0,1,,,,,,1,,windows-qpc-cycletime,1,,747454,261841,46427,402048,404096,3224576,6707446,23097,26080742,601870,453560,0,1608224,4,2,0,0,radix,0,0,0,0,1,0,0,0,0,0,0,0,2,0,d5cda0e84027d4e5,406214bf8b711a44
string,prefixed,std::stable_sort,1,100000,20260912,0,1,,,,,,1,,windows-qpc-cycletime,1,,4827243,1786089,1595750,0,0,0,37853150,796085,143666462,1705038,1262875,0,800000,1,0,0,0,-,0,0,0,0,0,0,0,0,0,0,0,0,0,0,d5cda0e84027d4e5,b0ead4ec08bf96e9
string,prefixed,gfx::timsort,1,100000,20260912,0,1,,,,,,1,,windows-qpc-cycletime,1,,5576278,2939179,1532460,0,0,0,36557930,767040,172805242,1246477,322979,0,1198768,22,0,0,0,-,0,0,0,0,0,0,0,0,0,0,0,0,0,0,d5cda0e84027d4e5,0f82ae64f8ab6c27
string,prefixed,boost::spinsort,1,100000,20260912,0,1,,,,,,1,,windows-qpc-cycletime,1,,4987035,1931699,1862770,0,0,0,43159980,748833,153859724,1171983,358078,0,800000,1,0,0,0,-,0,0,0,0,0,0,0,0,0,0,0,0,0,0,d5cda0e84027d4e5,a79e036d30714745
string,prefixed,boost::flat_stable_sort,1,100000,20260912,0,1,,,,,,1,,windows-qpc-cycletime,1,,5534554,2548369,1726740,0,0,0,40464144,763695,169790912,1195528,221853,0,14528,257,0,0,0,-,0,0,0,0,0,0,0,0,0,0,0,0,0,0,d5cda0e84027d4e5,fc88011aacd7836e
int32,random,brainsort,1,1000000,20260912,0,1,,,,,,1,,windows-qpc-cycletime,1,,5553560,4552021,1024,6010240,6022528,48131072,0,652,128975720,3389580,1256845,0,4432584,5,1,0,0,radix,0,0,0,0,1,0,1,0,0,0,0,0,6,0,f122803ffd297311,a3d3f98be39eb4c7
int32,random,std::stable_sort,1,1000000,20260912,0,1,,,,,,1,,windows-qpc-cycletime,1,,60002465,21855303,19824426,0,0,0,0,9572489,654862144,4999741,4991256,0,4000000,1,0,0,0,-,0,0,0,0,0,0,0,0,0,0,0,0,0,0,f122803ffd297311,7122952eb8d0c720
int32,random,gfx::timsort,1,1000000,20260912,0,1,,,,,,1,,windows-qpc-cycletime,1,,69768019,37109879,18633110,0,0,0,0,9323949,855023184,3205884,1296951,0,5968608,21,0,0,0,-,0,0,0,0,0,0,0,0,0,0,0,0,0,0,f122803ffd297311,593c199f98272ad1
int32,random,boost::spinsort,1,1000000,20260912,0,1,,,,,,1,,windows-qpc-cycletime,1,,61978241,23847853,23189862,0,0,0,0,9061993,686608752,2619322,1362421,0,4000000,1,0,0,0,-,0,0,0,0,0,0,0,0,0,0,0,0,0,0,f122803ffd297311,b3c1db17e3056716
int32,random,boost::flat_stable_sort,1,1000000,20260912,0,1,,,,,,1,,windows-qpc-cycletime,1,,69918013,32376309,22207753,0,0,0,0,9163629,818354576,1331948,618445,0,39536,1025,0,0,0,-,0,0,0,0,0,0,0,0,0,0,0,0,0,0,f122803ffd297311,ac1252ce8a4952b4
int32,sorted,brainsort,1,1000000,20260912,0,1,,,,,,1,,windows-qpc-cycletime,1,,1000000,0,999999,0,0,0,0,0,8000000,125000,125000,0,0,0,1,0,0,sorted,1,0,0,0,0,0,0,0,0,0,0,0,0,0,307276fdb96f3683,f83ec78030dab777
int32,sorted,std::stable_sort,1,1000000,20260912,0,1,,,,,,1,,windows-qpc-cycletime,1,,41033400,19857142,11016700,0,0,0,0,0,487124336,4875001,4874999,0,4000000,1,0,0,0,-,0,0,0,0,0,0,0,0,0,0,0,0,0,0,307276fdb96f3683,cb3a5e113f974217
int32,sorted,gfx::timsort,1,1000000,20260912,0,1,,,,,,1,,windows-qpc-cycletime,1,,1999998,0,999999,0,0,0,0,0,15999984,125000,125000,0,16,1,0,0,0,-,0,0,0,0,0,0,0,0,0,0,0,0,0,0,307276fdb96f3683,0f8bd50feb609ecf
int32,sorted,boost::spinsort,1,1000000,20260912,0,1,,,,,,1,,windows-qpc-cycletime,1,,1999998,0,999999,0,0,0,0,0,15999984,125000,125000,0,0,0,0,0,0,-,0,0,0,0,0,0,0,0,0,0,0,0,0,0,307276fdb96f3683,0f8bd50feb609ecf
int32,sorted,boost::flat_stable_sort,1,1000000,20260912,0,1,,,,,,1,,windows-qpc-cycletime,1,,2001023,1025,999999,0,0,0,0,0,16016384,125128,125128,0,23896,3,0,0,0,-,0,0,0,0,0,0,0,0,0,0,0,0,0,0,307276fdb96f3683,ccea35c76a84ccfe
int32,reverse,brainsort,1,1000000,20260912,0,1,,,,,,1,,windows-qpc-cycletime,1,,4000124,1000250,2000123,0,0,0,0,500,40002992,374744,366808,0,0,0,1,0,0,reverse,0,1,0,0,0,0,0,0,0,0,0,0,0,0,cefefd4321cd7af5,6e9ec16f5d9accc9
int32,reverse,std::stable_sort,1,1000000,20260912,0,1,,,,,,1,,windows-qpc-cycletime,1,,41920901,23357028,9282100,0,0,0,0,414,522223432,5000000,4989688,0,4000000,1,0,0,0,-,0,0,0,0,0,0,0,0,0,0,0,0,0,0,cefefd4321cd7af5,554b9710c072aa8d
int32,reverse,gfx::timsort,1,1000000,20260912,0,1,,,,,,1,,windows-qpc-cycletime,1,,12716801,10708919,1004095,0,0,0,0,500,187405760,2607871,1455794,0,4616136,14,0,0,0,-,0,0,0,0,0,0,0,0,0,0,0,0,0,0,cefefd4321cd7af5,476ec65fb3adbf29
int32,reverse,boost::spinsort,1,1000000,20260912,0,1,,,,,,1,,windows-qpc-cycletime,1,,21117348,13457632,5143054,0,0,0,0,1008,276599840,2404129,1320458,0,4024576,210,0,0,0,-,0,0,0,0,0,0,0,0,0,0,0,0,0,0,cefefd4321cd7af5,7c4be7c68695510c
int32,reverse,boost::flat_stable_sort,1,1000000,20260912,0,1,,,,,,1,,windows-qpc-cycletime,1,,13780285,8702727,3474109,0,0,0,0,2418,179864096,759569,367426,0,39536,569,0,0,0,-,0,0,0,0,0,0,0,0,0,0,0,0,0,0,cefefd4321cd7af5,3eaf9a5186d3e970
int32,nearly_sorted,brainsort,1,1000000,20260912,0,1,,,,,,1,,windows-qpc-cycletime,1,,4179531,2346334,3333772,4,39582,158344,0,247933,52365264,735275,382663,0,786432,25,1,0,0,displaced,0,0,0,1,0,0,0,0,0,0,0,0,0,0,913c0a6328d9eb3b,18663c41e3d3b873
int32,nearly_sorted,std::stable_sort,1,1000000,20260912,0,1,,,,,,1,,windows-qpc-cycletime,1,,54429184,20416082,17444550,0,0,0,0,293584,598762128,4974616,4937984,0,4000000,1,0,0,0,-,0,0,0,0,0,0,0,0,0,0,0,0,0,0,913c0a6328d9eb3b,115788a097c6c72a
int32,nearly_sorted,gfx::timsort,1,1000000,20260912,0,1,,,,,,1,,windows-qpc-cycletime,1,,23678460,19092186,3118378,0,0,0,0,635814,342165168,2703188,1132697,0,5243840,32,0,0,0,-,0,0,0,0,0,0,0,0,0,0,0,0,0,0,913c0a6328d9eb3b,a48ba4e91e144ce5
int32,nearly_sorted,boost::spinsort,1,1000000,20260912,0,1,,,,,,1,,windows-qpc-cycletime,1,,45977964,16756282,15234489,0,0,0,0,458844,501873968,2600016,1312506,0,4000000,1,0,0,0,-,0,0,0,0,0,0,0,0,0,0,0,0,0,0,913c0a6328d9eb3b,a4b8ba04969e3173
int32,nearly_sorted,boost::flat_stable_sort,1,1000000,20260912,0,1,,,,,,1,,windows-qpc-cycletime,1,,47393433,26432061,11072000,0,0,0,0,439104,590603952,1380193,621967,0,39536,1025,0,0,0,-,0,0,0,0,0,0,0,0,0,0,0,0,0,0,913c0a6328d9eb3b,bc40d44da015173a
int32,few_unique,brainsort,1,1000000,20260912,0,1,,,,,,1,,windows-qpc-cycletime,1,,5480911,4479372,1024,6010240,6022528,48131072,0,675,127813336,1247164,1233632,0,4266480,4,1,0,0,radix,0,0,0,0,1,0,1,0,0,0,0,0,6,0,0cff3884604b799d,6ed3c623a6852a9b
int32,few_unique,std::stable_sort,1,1000000,20260912,0,1,,,,,,1,,windows-qpc-cycletime,1,,59875980,21835447,19771480,0,0,0,0,4292086,653691416,4998759,4990072,0,4000000,1,0,0,0,-,0,0,0,0,0,0,0,0,0,0,0,0,0,0,0cff3884604b799d,b6180c050ebdfd98
int32,few_unique,gfx::timsort,1,1000000,20260912,0,1,,,,,,1,,windows-qpc-cycletime,1,,53260985,36774728,10545293,0,0,0,0,4474949,720285704,3131085,1209433,0,5908576,23,0,0,0,-,0,0,0,0,0,0,0,0,0,0,0,0,0,0,0cff3884604b799d,00184fe43bbbb124
int32,few_unique,boost::spinsort,1,1000000,20260912,0,1,,,,,,1,,windows-qpc-cycletime,1,,61709084,23763072,23060145,0,0,0,0,3728920,683777248,2618464,1361182,0,4000000,1,0,0,0,-,0,0,0,0,0,0,0,0,0,0,0,0,0,0,0cff3884604b799d,de6d5f0c331c4f13
int32,few_unique,boost::flat_stable_sort,1,1000000,20260912,0,1,,,,,,1,,windows-qpc-cycletime,1,,64598107,32142852,19634396,0,0,0,0,3835706,773927672,1336678,612580,0,39536,1025,0,0,0,-,0,0,0,0,0,0,0,0,0,0,0,0,0,0,0cff3884604b799d,1171259a633722bc
int32,all_equal,brainsort,1,1000000,20260912,0,1,,,,,,1,,windows-qpc-cycletime,1,,1000000,0,999999,0,0,0,0,0,8000000,125000,125000,0,0,0,1,0,0,sorted,1,0,0,0,0,0,0,0,0,0,0,0,0,0,307276fdb96f3683,f83ec78030dab777
int32,all_equal,std::stable_sort,1,1000000,20260912,0,1,,,,,,1,,windows-qpc-cycletime,1,,41033400,19857142,11016700,0,0,0,0,0,487124336,4875001,4874999,0,4000000,1,0,0,0,-,0,0,0,0,0,0,0,0,0,0,0,0,0,0,307276fdb96f3683,cb3a5e113f974217
int32,all_equal,gfx::timsort,1,1000000,20260912,0,1,,,,,,1,,windows-qpc-cycletime,1,,1999998,0,999999,0,0,0,0,0,15999984,125000,125000,0,16,1,0,0,0,-,0,0,0,0,0,0,0,0,0,0,0,0,0,0,307276fdb96f3683,0f8bd50feb609ecf
int32,all_equal,boost::spinsort,1,1000000,20260912,0,1,,,,,,1,,windows-qpc-cycletime,1,,1999998,0,999999,0,0,0,0,0,15999984,125000,125000,0,0,0,0,0,0,-,0,0,0,0,0,0,0,0,0,0,0,0,0,0,307276fdb96f3683,0f8bd50feb609ecf
int32,all_equal,boost::flat_stable_sort,1,1000000,20260912,0,1,,,,,,1,,windows-qpc-cycletime,1,,2001023,1025,999999,0,0,0,0,0,16016384,125128,125128,0,23896,3,0,0,0,-,0,0,0,0,0,0,0,0,0,0,0,0,0,0,307276fdb96f3683,ccea35c76a84ccfe
int32,runs,brainsort,1,1000000,20260912,0,1,,,,,,1,,windows-qpc-cycletime,1,,4014169,2011332,1008761,4002048,4005642,32030760,0,1003,80234768,1344695,751427,0,8008224,13,1,0,0,displaced,0,0,0,1,1,1,0,0,0,0,0,0,2,0,d804ddcd10e09f15,c07b047413cd8277
int32,runs,std::stable_sort,1,1000000,20260912,0,1,,,,,,1,,windows-qpc-cycletime,1,,49981162,20361176,15239621,0,0,0,0,2203861,562738704,4999984,4994935,0,4000000,1,0,0,0,-,0,0,0,0,0,0,0,0,0,0,0,0,0,0,d804ddcd10e09f15,1a75d22122c4f213
int32,runs,gfx::timsort,1,1000000,20260912,0,1,,,,,,1,,windows-qpc-cycletime,1,,24644450,12295754,6174348,0,0,0,0,2212335,295521632,2936374,1329084,0,5843952,15,0,0,0,-,0,0,0,0,0,0,0,0,0,0,0,0,0,0,d804ddcd10e09f15,6c4e535961943805
int32,runs,boost::spinsort,1,1000000,20260912,0,1,,,,,,1,,windows-qpc-cycletime,1,,39336260,14422445,12826593,0,0,0,0,2241557,430069640,2572839,1365292,0,4006144,271,0,0,0,-,0,0,0,0,0,0,0,0,0,0,0,0,0,0,d804ddcd10e09f15,50e31842f599b0e9
int32,runs,boost::flat_stable_sort,1,1000000,20260912,0,1,,,,,,1,,windows-qpc-cycletime,1,,42738204,23515825,9990579,0,0,0,0,2260999,530032232,1369095,619743,0,39536,1450,0,0,0,-,0,0,0,0,0,0,0,0,0,0,0,0,0,0,d804ddcd10e09f15,d4215a8a8ad9d7d2
int32,organ_pipe,brainsort,1,1000000,20260912,0,1,,,,,,1,,windows-qpc-cycletime,1,,2999996,1999995,1999997,0,0,0,0,999998,39999928,561642,535842,0,4000024,2,1,0,0,runs,0,0,1,0,0,0,0,0,0,0,0,0,0,0,dabde26c930508e3,e3b24a055b567579
int32,organ_pipe,std::stable_sort,1,1000000,20260912,0,1,,,,,,1,,windows-qpc-cycletime,1,,42727009,21857134,10649223,0,0,0,0,999998,516673144,4999743,4986651,0,4000000,1,0,0,0,-,0,0,0,0,0,0,0,0,0,0,0,0,0,0,dabde26c930508e3,bf519d18b3dd4a89
int32,organ_pipe,gfx::timsort,1,1000000,20260912,0,1,,,,,,1,,windows-qpc-cycletime,1,,5999993,1999995,1999999,0,0,0,0,999998,63999904,561990,546119,0,4000024,3,0,0,0,-,0,0,0,0,0,0,0,0,0,0,0,0,0,0,dabde26c930508e3,ee5b8d0432fd798f
int32,organ_pipe,boost::spinsort,1,1000000,20260912,0,1,,,,,,1,,windows-qpc-cycletime,1,,7000000,1999998,2500001,0,0,0,0,1000000,71999984,624490,608619,0,4000000,1,0,0,0,-,0,0,0,0,0,0,0,0,0,0,0,0,0,0,dabde26c930508e3,288c8a91ea9d1923
int32,organ_pipe,boost::flat_stable_sort,1,1000000,20260912,0,1,,,,,,1,,windows-qpc-cycletime,1,,8014179,4001291,2006580,0,0,0,0,1001956,96123760,499946,490666,0,39536,7,0,0,0,-,0,0,0,0,0,0,0,0,0,0,0,0,0,0,dabde26c930508e3,b9f445bad74dbbfb
int32,small_range,brainsort,1,1000000,20260912,0,1,,,,,,1,,windows-qpc-cycletime,1,,2501715,3500174,1024,0,0,0,0,656,48015112,625422,617279,0,4250080,2,1,0,0,radix,0,0,0,0,1,0,0,0,1,0,0,0,0,0,3fb16c6cc310994b,bd5f78d5cf0b2ed8
int32,small_range,std::stable_sort,1,1000000,20260912,0,1,,,,,,1,,windows-qpc-cycletime,1,,55746775,21357158,17958313,0,0,0,0,1725539,616831464,4968639,4968637,0,4000000,1,0,0,0,-,0,0,0,0,0,0,0,0,0,0,0,0,0,0,3fb16c6cc310994b,107e94c769380498
int32,small_range,gfx::timsort,1,1000000,20260912,0,1,,,,,,1,,windows-qpc-cycletime,1,,34962549,28041257,5692979,0,0,0,0,2334148,504030448,2358832,956795,0,4473008,25,0,0,0,-,0,0,0,0,0,0,0,0,0,0,0,0,0,0,3fb16c6cc310994b,ace38c044dd38b7c
int32,small_range,boost::spinsort,1,1000000,20260912,0,1,,,,,,1,,windows-qpc-cycletime,1,,54602550,21879805,19596293,0,0,0,0,1534099,611858840,2594014,1343646,0,4000000,1,0,0,0,-,0,0,0,0,0,0,0,0,0,0,0,0,0,0,3fb16c6cc310994b,1adb573e104a47eb
int32,small_range,boost::flat_stable_sort,1,1000000,20260912,0,1,,,,,,1,,windows-qpc-cycletime,1,,46171901,26488478,12556947,0,0,0,0,1549413,581283032,1062379,511252,0,39536,1025,0,0,0,-,0,0,0,0,0,0,0,0,0,0,0,0,0,0,3fb16c6cc310994b,ab2ba4a9e27f5797
int32,sawtooth,brainsort,1,1000000,20260912,0,1,,,,,,1,,windows-qpc-cycletime,1,,4003602,2002434,1002088,2001024,2002482,16014024,0,1999,64062312,1688758,750258,0,8004128,7,1,0,0,displaced,0,0,0,1,1,1,0,0,0,0,0,0,1,0,5ff0ed0d14ef7a03,008869838cf86f50
int32,sawtooth,std::stable_sort,1,1000000,20260912,0,1,,,,,,1,,windows-qpc-cycletime,1,,52219208,20364626,16357924,0,0,0,0,2015698,580670672,4999625,4991114,0,4000000,1,0,0,0,-,0,0,0,0,0,0,0,0,0,0,0,0,0,0,5ff0ed0d14ef7a03,b0f733dd96572507
int32,sawtooth,gfx::timsort,1,1000000,20260912,0,1,,,,,,1,,windows-qpc-cycletime,1,,26821088,14901084,5960002,0,0,0,0,2500871,333777376,3287725,1353611,0,5946304,15,0,0,0,-,0,0,0,0,0,0,0,0,0,0,0,0,0,0,5ff0ed0d14ef7a03,6569e2e3dcebaefa
int32,sawtooth,boost::spinsort,1,1000000,20260912,0,1,,,,,,1,,windows-qpc-cycletime,1,,44775074,16620900,14637315,0,0,0,0,2035278,491167792,2619336,1362296,0,4000000,1,0,0,0,-,0,0,0,0,0,0,0,0,0,0,0,0,0,0,5ff0ed0d14ef7a03,4572d9abe11cf61f
int32,sawtooth,boost::flat_stable_sort,1,1000000,20260912,0,1,,,,,,1,,windows-qpc-cycletime,1,,54748101,26831836,14463075,0,0,0,0,2056568,652639496,1375245,620966,0,39536,1460,0,0,0,-,0,0,0,0,0,0,0,0,0,0,0,0,0,0,5ff0ed0d14ef7a03,c2e28cfb87a18d5d
int32,prefixed,brainsort,1,1000000,20260912,0,1,,,,,,1,,windows-qpc-cycletime,1,,3001539,2000000,1024,4002048,4004096,32024576,0,693,72036888,1806360,627061,0,8008224,4,1,0,0,radix,0,0,0,0,1,0,0,0,0,0,0,0,2,0,8b52872778c86c83,1571ed68b2dbfe6a
int32,prefixed,std::stable_sort,1,1000000,20260912,0,1,,,,,,1,,windows-qpc-cycletime,1,,60003985,21858020,19823525,0,0,0,0,9558466,654896040,4999750,4991227,0,4000000,1,0,0,0,-,0,0,0,0,0,0,0,0,0,0,0,0,0,0,8b52872778c86c83,94fedabd708adc12
int32,prefixed,gfx::timsort,1,1000000,20260912,0,1,,,,,,1,,windows-qpc-cycletime,1,,69744658,37086583,18633185,0,0,0,0,9309556,854649928,3206670,1330011,0,5968608,23,0,0,0,-,0,0,0,0,0,0,0,0,0,0,0,0,0,0,8b52872778c86c83,9f9adb73202baa68
int32,prefixed,boost::spinsort,1,1000000,20260912,0,1,,,,,,1,,windows-qpc-cycletime,1,,61976527,23846888,23188944,0,0,0,0,9044030,686587320,2619346,1362406,0,4000000,1,0,0,0,-,0,0,0,0,0,0,0,0,0,0,0,0,0,0,8b52872778c86c83,f8de642773a3b1cb
int32,prefixed,boost::flat_stable_sort,1,1000000,20260912,0,1,,,,,,1,,windows-qpc-cycletime,1,,69913808,32372885,22206818,0,0,0,0,9151858,818293544,1331855,618036,0,39536,1025,0,0,0,-,0,0,0,0,0,0,0,0,0,0,0,0,0,0,8b52872778c86c83,703e484b55221a88
int32,sparse_bits,brainsort,1,1000000,20260912,0,1,,,,,,1,,windows-qpc-cycletime,1,,3001539,2000000,1024,2000256,2000512,16003072,0,691,56015384,675882,625365,0,8001056,4,1,0,0,radix,0,0,0,0,1,0,0,0,0,0,0,0,1,0,91eb6bd161bb9915,d56f2bb48767d398
int32,sparse_bits,std::stable_sort,1,1000000,20260912,0,1,,,,,,1,,windows-qpc-cycletime,1,,59956648,21849463,19803867,0,0,0,0,4975326,654448888,4999253,4990890,0,4000000,1,0,0,0,-,0,0,0,0,0,0,0,0,0,0,0,0,0,0,91eb6bd161bb9915,0cc2650c56766158
int32,sparse_bits,gfx::timsort,1,1000000,20260912,0,1,,,,,,1,,windows-qpc-cycletime,1,,56145151,36988817,11881797,0,0,0,0,5169179,745071744,3157015,1313924,0,5944568,21,0,0,0,-,0,0,0,0,0,0,0,0,0,0,0,0,0,0,91eb6bd161bb9915,515c9a4e0576a120
int32,sparse_bits,boost::spinsort,1,1000000,20260912,0,1,,,,,,1,,windows-qpc-cycletime,1,,61892249,23822163,23148765,0,0,0,0,4411512,685715296,2618864,1362041,0,4000000,1,0,0,0,-,0,0,0,0,0,0,0,0,0,0,0,0,0,0,91eb6bd161bb9915,d12d1989722ef5af
int32,sparse_bits,boost::flat_stable_sort,1,1000000,20260912,0,1,,,,,,1,,windows-qpc-cycletime,1,,67344972,32303714,20946137,0,0,0,0,4522244,797189488,1329997,616559,0,39536,1025,0,0,0,-,0,0,0,0,0,0,0,0,0,0,0,0,0,0,91eb6bd161bb9915,6fddca2a4bf62707
double,random,brainsort,1,1000000,20260912,0,1,,,,,,1,,windows-qpc-cycletime,1,,7482437,6480898,1024,10073728,10155648,80917504,0,687,304330864,11581095,3804166,0,8565696,4,1,0,0,radix,0,0,0,0,1,0,1,0,0,0,0,0,10,0,7cf41c6ae8e41fe9,dfd756aface983a0
double,random,std::stable_sort,1,1000000,20260912,0,1,,,,,,1,,windows-qpc-cycletime,1,,60002647,21858445,19822182,0,0,0,0,9569341,1309777472,9999731,9991912,0,8000000,1,0,0,0,-,0,0,0,0,0,0,0,0,0,0,0,0,0,0,7cf41c6ae8e41fe9,678c4a4d93e7ec35
double,random,gfx::timsort,1,1000000,20260912,0,1,,,,,,1,,windows-qpc-cycletime,1,,69765628,37108266,18632763,0,0,0,0,9321854,1709982304,7172212,3442152,0,11936976,23,0,0,0,-,0,0,0,0,0,0,0,0,0,0,0,0,0,0,7cf41c6ae8e41fe9,d4373a59523491f1
double,random,boost::spinsort,1,1000000,20260912,0,1,,,,,,1,,windows-qpc-cycletime,1,,61973992,23845334,23187810,0,0,0,0,9057979,1373109216,5743121,3232126,0,8000000,1,0,0,0,-,0,0,0,0,0,0,0,0,0,0,0,0,0,0,7cf41c6ae8e41fe9,e680a7e650fbfd20
double,random,boost::flat_stable_sort,1,1000000,20260912,0,1,,,,,,1,,windows-qpc-cycletime,1,,70251583,32937312,21801038,0,0,0,0,9230087,1651022320,2913916,1488110,0,70784,2049,0,0,0,-,0,0,0,0,0,0,0,0,0,0,0,0,0,0,7cf41c6ae8e41fe9,311fcc012e774a7b
double,sorted,brainsort,1,1000000,20260912,0,1,,,,,,1,,windows-qpc-cycletime,1,,1000000,0,999999,0,0,0,0,0,16000000,250000,250000,0,0,0,1,0,0,sorted,1,0,0,0,0,0,0,0,0,0,0,0,0,0,307276fdb96f3683,2bf62fd616269977
double,sorted,std::stable_sort,1,1000000,20260912,0,1,,,,,,1,,windows-qpc-cycletime,1,,41033400,19857142,11016700,0,0,0,0,0,974248672,9750001,9750001,0,8000000,1,0,0,0,-,0,0,0,0,0,0,0,0,0,0,0,0,0,0,307276fdb96f3683,b0ffd2a130f89a97
double,sorted,gfx::timsort,1,1000000,20260912,0,1,,,,,,1,,windows-qpc-cycletime,1,,1999998,0,999999,0,0,0,0,0,31999968,250000,250000,0,16,1,0,0,0,-,0,0,0,0,0,0,0,0,0,0,0,0,0,0,307276fdb96f3683,6c1ecd543a9aed8f
double,sorted,boost::spinsort,1,1000000,20260912,0,1,,,,,,1,,windows-qpc-cycletime,1,,1999998,0,999999,0,0,0,0,0,31999968,250000,250000,0,0,0,0,0,0,-,0,0,0,0,0,0,0,0,0,0,0,0,0,0,307276fdb96f3683,6c1ecd543a9aed8f
double,sorted,boost::flat_stable_sort,1,1000000,20260912,0,1,,,,,,1,,windows-qpc-cycletime,1,,2000511,513,999999,0,0,0,0,0,32016384,250128,250128,0,39520,3,0,0,0,-,0,0,0,0,0,0,0,0,0,0,0,0,0,0,307276fdb96f3683,e6424e7eb26e323e
double,reverse,brainsort,1,1000000,20260912,0,1,,,,,,1,,windows-qpc-cycletime,1,,2000000,1000000,999999,0,0,0,0,0,48000000,499744,491808,0,0,0,1,0,0,reverse,0,1,0,0,0,0,0,0,0,0,0,0,0,0,158fc65869de5ec3,4cc1c2695cfb3030
double,reverse,std::stable_sort,1,1000000,20260912,0,1,,,,,,1,,windows-qpc-cycletime,1,,41920630,23357130,9281750,0,0,0,0,0,1044444160,10000000,10000000,0,8000000,1,0,0,0,-,0,0,0,0,0,0,0,0,0,0,0,0,0,0,158fc65869de5ec3,c4271bab9365fb67
double,reverse,gfx::timsort,1,1000000,20260912,0,1,,,,,,1,,windows-qpc-cycletime,1,,2999998,1000000,999999,0,0,0,0,0,63999968,499744,491808,0,16,1,0,0,0,-,0,0,0,0,0,0,0,0,0,0,0,0,0,0,158fc65869de5ec3,e6d3d06ea10b426a
double,reverse,boost::spinsort,1,1000000,20260912,0,1,,,,,,1,,windows-qpc-cycletime,1,,3000000,1000000,1000000,0,0,0,0,0,64000000,499744,491808,0,0,0,0,0,0,-,0,0,0,0,0,0,0,0,0,0,0,0,0,0,158fc65869de5ec3,6eb3affb4f1d9183
double,reverse,boost::flat_stable_sort,1,1000000,20260912,0,1,,,,,,1,,windows-qpc-cycletime,1,,3000513,1000513,1000000,0,0,0,0,0,64016416,499872,491936,0,39520,3,0,0,0,-,0,0,0,0,0,0,0,0,0,0,0,0,0,0,158fc65869de5ec3,69910cc4bcea4b6c
double,nearly_sorted,brainsort,1,1000000,20260912,0,1,,,,,,1,,windows-qpc-cycletime,1,,4179531,2346334,3333771,0,39582,158328,0,247933,104572168,1401006,773365,0,1179648,25,1,0,0,displaced,0,0,0,1,0,0,0,0,0,0,0,0,0,0,756421856b0e4e51,372387d2622e7e8d
double,nearly_sorted,std::stable_sort,1,1000000,20260912,0,1,,,,,,1,,windows-qpc-cycletime,1,,54429184,20416082,17444550,0,0,0,0,293584,1197524256,9974639,9876172,0,8000000,1,0,0,0,-,0,0,0,0,0,0,0,0,0,0,0,0,0,0,756421856b0e4e51,204e2c7dc5a2170a
double,nearly_sorted,gfx::timsort,1,1000000,20260912,0,1,,,,,,1,,windows-qpc-cycletime,1,,23678460,19092186,3118378,0,0,0,0,635816,684330336,6088453,2829412,0,10487424,32,0,0,0,-,0,0,0,0,0,0,0,0,0,0,0,0,0,0,756421856b0e4e51,bc9eb1e92edf7e9b
double,nearly_sorted,boost::spinsort,1,1000000,20260912,0,1,,,,,,1,,windows-qpc-cycletime,1,,45977964,16756282,15234489,0,0,0,0,458844,1003747936,5725139,3124996,0,8000000,1,0,0,0,-,0,0,0,0,0,0,0,0,0,0,0,0,0,0,756421856b0e4e51,8a153cc1c5a5f603
double,nearly_sorted,boost::flat_stable_sort,1,1000000,20260912,0,1,,,,,,1,,windows-qpc-cycletime,1,,44877447,27407957,9312116,0,0,0,0,435914,1156566464,2994348,1494107,0,70784,2058,0,0,0,-,0,0,0,0,0,0,0,0,0,0,0,0,0,0,756421856b0e4e51,fa204a218f9cdcd1
double,few_unique,brainsort,1,1000000,20260912,0,1,,,,,,1,,windows-qpc-cycletime,1,,3471617,2470076,1024,3008292,3008292,32066336,0,672,127133424,1487118,1478750,0,8549312,4,1,0,0,radix,0,0,0,0,1,0,1,0,0,2,2,0,2,0,15ad57c01be48389,8a772138826f62ce
double,few_unique,std::stable_sort,1,1000000,20260912,0,1,,,,,,1,,windows-qpc-cycletime,1,,59876496,21835358,19772521,0,0,0,0,4292878,1307389664,9997495,9989751,0,8000000,1,0,0,0,-,0,0,0,0,0,0,0,0,0,0,0,0,0,0,15ad57c01be48389,1ef7e552d2a1cddf
double,few_unique,gfx::timsort,1,1000000,20260912,0,1,,,,,,1,,windows-qpc-cycletime,1,,53255015,36768095,10545635,0,0,0,0,4476419,1440369760,7074965,3316946,0,11816048,23,0,0,0,-,0,0,0,0,0,0,0,0,0,0,0,0,0,0,15ad57c01be48389,643c5105a509bacb
double,few_unique,boost::spinsort,1,1000000,20260912,0,1,,,,,,1,,windows-qpc-cycletime,1,,61730929,23773518,23070878,0,0,0,0,3728916,1368071152,5740867,3230175,0,8000000,1,0,0,0,-,0,0,0,0,0,0,0,0,0,0,0,0,0,0,15ad57c01be48389,e9bc2e05bfeca4f2
double,few_unique,boost::flat_stable_sort,1,1000000,20260912,0,1,,,,,,1,,windows-qpc-cycletime,1,,63029765,32702019,18280159,0,0,0,0,3897168,1531708544,2927635,1474065,0,70784,2049,0,0,0,-,0,0,0,0,0,0,0,0,0,0,0,0,0,0,15ad57c01be48389,d37dd1138e1611dd
double,all_equal,brainsort,1,1000000,20260912,0,1,,,,,,1,,windows-qpc-cycletime,1,,1000000,0,999999,0,0,0,0,0,16000000,250000,250000,0,0,0,1,0,0,sorted,1,0,0,0,0,0,0,0,0,0,0,0,0,0,307276fdb96f3683,2bf62fd616269977
double,all_equal,std::stable_sort,1,1000000,20260912,0,1,,,,,,1,,windows-qpc-cycletime,1,,41033400,19857142,11016700,0,0,0,0,0,974248672,9750001,9750001,0,8000000,1,0,0,0,-,0,0,0,0,0,0,0,0,0,0,0,0,0,0,307276fdb96f3683,b0ffd2a130f89a97
double,all_equal,gfx::timsort,1,1000000,20260912,0,1,,,,,,1,,windows-qpc-cycletime,1,,1999998,0,999999,0,0,0,0,0,31999968,250000,250000,0,16,1,0,0,0,-,0,0,0,0,0,0,0,0,0,0,0,0,0,0,307276fdb96f3683,6c1ecd543a9aed8f
double,all_equal,boost::spinsort,1,1000000,20260912,0,1,,,,,,1,,windows-qpc-cycletime,1,,1999998,0,999999,0,0,0,0,0,31999968,250000,250000,0,0,0,0,0,0,-,0,0,0,0,0,0,0,0,0,0,0,0,0,0,307276fdb96f3683,6c1ecd543a9aed8f
double,all_equal,boost::flat_stable_sort,1,1000000,20260912,0,1,,,,,,1,,windows-qpc-cycletime,1,,2000511,513,999999,0,0,0,0,0,32016384,250128,250128,0,39520,3,0,0,0,-,0,0,0,0,0,0,0,0,0,0,0,0,0,0,307276fdb96f3683,e6424e7eb26e323e
double,runs,brainsort,1,1000000,20260912,0,1,,,,,,1,,windows-qpc-cycletime,1,,4014168,2011332,1008761,4032768,4067082,32399400,0,1003,128807400,3208551,1711063,0,16131104,13,1,0,0,displaced,0,0,0,1,1,1,0,0,0,0,0,0,2,0,d804ddcd10e09f15,179216cacd2d97fa
double,runs,std::stable_sort,1,1000000,20260912,0,1,,,,,,1,,windows-qpc-cycletime,1,,49981162,20361176,15239621,0,0,0,0,2203861,1125477408,10000000,9994302,0,8000000,1,0,0,0,-,0,0,0,0,0,0,0,0,0,0,0,0,0,0,d804ddcd10e09f15,56d4da950e141193
double,runs,gfx::timsort,1,1000000,20260912,0,1,,,,,,1,,windows-qpc-cycletime,1,,24644450,12295754,6174348,0,0,0,0,2212335,591043264,6195044,3394877,0,11687648,15,0,0,0,-,0,0,0,0,0,0,0,0,0,0,0,0,0,0,d804ddcd10e09f15,d5fd148042de3345
double,runs,boost::spinsort,1,1000000,20260912,0,1,,,,,,1,,windows-qpc-cycletime,1,,39336260,14422445,12826593,0,0,0,0,2241557,860139280,5570151,3232025,0,8006144,271,0,0,0,-,0,0,0,0,0,0,0,0,0,0,0,0,0,0,d804ddcd10e09f15,0d39abcf8d56bca9
double,runs,boost::flat_stable_sort,1,1000000,20260912,0,1,,,,,,1,,windows-qpc-cycletime,1,,38563470,21823972,8583785,0,0,0,0,2273097,966199072,2933376,1486331,0,70784,2192,0,0,0,-,0,0,0,0,0,0,0,0,0,0,0,0,0,0,d804ddcd10e09f15,8e5ba98d3a5f0b49
double,organ_pipe,brainsort,1,1000000,20260912,0,1,,,,,,1,,windows-qpc-cycletime,1,,2999996,1999995,1999997,0,0,0,0,999998,79999856,1124162,1098306,0,8000032,2,1,0,0,runs,0,0,1,0,0,0,0,0,0,0,0,0,0,0,dabde26c930508e3,1c28d30e1f9224b9
double,organ_pipe,std::stable_sort,1,1000000,20260912,0,1,,,,,,1,,windows-qpc-cycletime,1,,42727009,21857134,10649223,0,0,0,0,999998,1033346288,9999743,9991808,0,8000000,1,0,0,0,-,0,0,0,0,0,0,0,0,0,0,0,0,0,0,dabde26c930508e3,519a2892eac43c09
double,organ_pipe,gfx::timsort,1,1000000,20260912,0,1,,,,,,1,,windows-qpc-cycletime,1,,5999993,1999995,1999999,0,0,0,0,999998,127999808,1124490,1108619,0,8000016,3,0,0,0,-,0,0,0,0,0,0,0,0,0,0,0,0,0,0,dabde26c930508e3,91ca0e6becee5dcf
double,organ_pipe,boost::spinsort,1,1000000,20260912,0,1,,,,,,1,,windows-qpc-cycletime,1,,7000000,1999998,2500001,0,0,0,0,1000000,143999968,1249490,1233619,0,8000000,1,0,0,0,-,0,0,0,0,0,0,0,0,0,0,0,0,0,0,dabde26c930508e3,45143bc8d1e0a223
double,organ_pipe,boost::flat_stable_sort,1,1000000,20260912,0,1,,,,,,1,,windows-qpc-cycletime,1,,8025533,4009626,2007969,0,0,0,0,1003910,192562544,1002243,991299,0,70784,7,0,0,0,-,0,0,0,0,0,0,0,0,0,0,0,0,0,0,dabde26c930508e3,9229489d37e8e840
double,small_range,brainsort,1,1000000,20260912,0,1,,,,,,1,,windows-qpc-cycletime,1,,3001539,2000000,1024,2002048,2004096,16024576,0,656,96049200,1251024,1250735,0,16008224,4,1,0,0,radix,0,0,0,0,1,0,0,0,0,0,0,0,1,0,3fb16c6cc310994b,d9b2135da99a7248
double,small_range,std::stable_sort,1,1000000,20260912,0,1,,,,,,1,,windows-qpc-cycletime,1,,55746775,21357158,17958313,0,0,0,0,1725539,1233662928,9937279,9937279,0,8000000,1,0,0,0,-,0,0,0,0,0,0,0,0,0,0,0,0,0,0,3fb16c6cc310994b,b659fb3145e4e318
double,small_range,gfx::timsort,1,1000000,20260912,0,1,,,,,,1,,windows-qpc-cycletime,1,,34962549,28041257,5692979,0,0,0,0,2334148,1008060896,5284602,2432766,0,8945760,25,0,0,0,-,0,0,0,0,0,0,0,0,0,0,0,0,0,0,3fb16c6cc310994b,6ba80eed762b06fc
double,small_range,boost::spinsort,1,1000000,20260912,0,1,,,,,,1,,windows-qpc-cycletime,1,,54602550,21879805,19596293,0,0,0,0,1534099,1223717680,5687087,3187294,0,8000000,1,0,0,0,-,0,0,0,0,0,0,0,0,0,0,0,0,0,0,3fb16c6cc310994b,b90617b558424ceb
double,small_range,boost::flat_stable_sort,1,1000000,20260912,0,1,,,,,,1,,windows-qpc-cycletime,1,,44439198,26661314,11382812,0,0,0,0,1560527,1137608192,2307824,1211236,0,70784,2049,0,0,0,-,0,0,0,0,0,0,0,0,0,0,0,0,0,0,3fb16c6cc310994b,0ffd9e3557d152d1
double,sawtooth,brainsort,1,1000000,20260912,0,1,,,,,,1,,windows-qpc-cycletime,1,,4003602,2002434,1002088,4002048,4004530,32026312,0,1999,128122888,2188407,1500666,0,16008224,7,1,0,0,displaced,0,0,0,1,1,1,0,0,0,0,0,0,2,0,5ff0ed0d14ef7a03,7cd5a92e9695194e
double,sawtooth,std::stable_sort,1,1000000,20260912,0,1,,,,,,1,,windows-qpc-cycletime,1,,52219208,20364626,16357924,0,0,0,0,2015698,1161341344,9999501,9991627,0,8000000,1,0,0,0,-,0,0,0,0,0,0,0,0,0,0,0,0,0,0,5ff0ed0d14ef7a03,20e86a14b4cb6e07
double,sawtooth,gfx::timsort,1,1000000,20260912,0,1,,,,,,1,,windows-qpc-cycletime,1,,26821088,14901084,5960002,0,0,0,0,2500871,667554752,7286277,3494116,0,11892352,15,0,0,0,-,0,0,0,0,0,0,0,0,0,0,0,0,0,0,5ff0ed0d14ef7a03,aeea2e5eb15c30ba
double,sawtooth,boost::spinsort,1,1000000,20260912,0,1,,,,,,1,,windows-qpc-cycletime,1,,44775074,16620900,14637315,0,0,0,0,2035278,982335584,5741272,3232094,0,8000000,1,0,0,0,-,0,0,0,0,0,0,0,0,0,0,0,0,0,0,5ff0ed0d14ef7a03,0276b5dc302bb25f
double,sawtooth,boost::flat_stable_sort,1,1000000,20260912,0,1,,,,,,1,,windows-qpc-cycletime,1,,55053318,27900857,13985714,0,0,0,0,2080254,1327266800,3189311,1490434,0,70784,2902,0,0,0,-,0,0,0,0,0,0,0,0,0,0,0,0,0,0,5ff0ed0d14ef7a03,c627ae34918a2c07
double,prefixed,brainsort,1,1000000,20260912,0,1,,,,,,1,,windows-qpc-cycletime,1,,6520641,5519102,1024,8020480,8053248,64294912,0,687,256930800,6142966,3017590,0,8532928,4,1,0,0,radix,0,0,0,0,1,0,1,0,0,0,0,0,8,0,7cf41c6ae8e41fe9,25624fea8cc7a078
double,prefixed,std::stable_sort,1,1000000,20260912,0,1,,,,,,1,,windows-qpc-cycletime,1,,60002647,21858445,19822182,0,0,0,0,9569341,1309777472,9999731,9991912,0,8000000,1,0,0,0,-,0,0,0,0,0,0,0,0,0,0,0,0,0,0,7cf41c6ae8e41fe9,678c4a4d93e7ec35
double,prefixed,gfx::timsort,1,1000000,20260912,0,1,,,,,,1,,windows-qpc-cycletime,1,,69765628,37108266,18632763,0,0,0,0,9321854,1709982304,7172212,3442152,0,11936976,23,0,0,0,-,0,0,0,0,0,0,0,0,0,0,0,0,0,0,7cf41c6ae8e41fe9,d4373a59523491f1
double,prefixed,boost::spinsort,1,1000000,20260912,0,1,,,,,,1,,windows-qpc-cycletime,1,,61973992,23845334,23187810,0,0,0,0,9057979,1373109216,5743121,3232126,0,8000000,1,0,0,0,-,0,0,0,0,0,0,0,0,0,0,0,0,0,0,7cf41c6ae8e41fe9,e680a7e650fbfd20
double,prefixed,boost::flat_stable_sort,1,1000000,20260912,0,1,,,,,,1,,windows-qpc-cycletime,1,,70251583,32937312,21801038,0,0,0,0,9230087,1651022320,2913916,1488110,0,70784,2049,0,0,0,-,0,0,0,0,0,0,0,0,0,0,0,0,0,0,7cf41c6ae8e41fe9,311fcc012e774a7b
int64,random,brainsort,1,1000000,20260912,0,1,,,,,,1,,windows-qpc-cycletime,1,,7523824,6522285,1024,10073728,10155648,80917504,0,670,305655248,12646417,3871303,0,8565696,4,1,0,0,radix,0,0,0,0,1,0,1,0,0,0,0,0,10,0,9e55b5f4a3048379,814cc1a8b357bac8
int64,random,std::stable_sort,1,1000000,20260912,0,1,,,,,,1,,windows-qpc-cycletime,1,,60002249,21856529,19823695,0,0,0,0,9571003,1309740448,9999725,9991753,0,8000000,1,0,0,0,-,0,0,0,0,0,0,0,0,0,0,0,0,0,0,9e55b5f4a3048379,59ea077fc3909d21
int64,random,gfx::timsort,1,1000000,20260912,0,1,,,,,,1,,windows-qpc-cycletime,1,,69760189,37101283,18633518,0,0,0,0,9322948,1709783552,7156441,3369229,0,11937008,24,0,0,0,-,0,0,0,0,0,0,0,0,0,0,0,0,0,0,9e55b5f4a3048379,cb8a0809bc9d9c1c
int64,random,boost::spinsort,1,1000000,20260912,0,1,,,,,,1,,windows-qpc-cycletime,1,,61982213,23849531,23191759,0,0,0,0,9057617,1373307904,5743120,3232043,0,8000000,1,0,0,0,-,0,0,0,0,0,0,0,0,0,0,0,0,0,0,9e55b5f4a3048379,507b5e6b06e512df
int64,random,boost::flat_stable_sort,1,1000000,20260912,0,1,,,,,,1,,windows-qpc-cycletime,1,,70247234,32933781,21799794,0,0,0,0,9230247,1650896240,2913417,1488324,0,70784,2049,0,0,0,-,0,0,0,0,0,0,0,0,0,0,0,0,0,0,9e55b5f4a3048379,9abf0b1f62596fef
int64,sorted,brainsort,1,1000000,20260912,0,1,,,,,,1,,windows-qpc-cycletime,1,,1000000,0,999999,0,0,0,0,0,16000000,250000,250000,0,0,0,1,0,0,sorted,1,0,0,0,0,0,0,0,0,0,0,0,0,0,307276fdb96f3683,2bf62fd616269977
int64,sorted,std::stable_sort,1,1000000,20260912,0,1,,,,,,1,,windows-qpc-cycletime,1,,41033400,19857142,11016700,0,0,0,0,0,974248672,9750001,9750001,0,8000000,1,0,0,0,-,0,0,0,0,0,0,0,0,0,0,0,0,0,0,307276fdb96f3683,b0ffd2a130f89a97
int64,sorted,gfx::timsort,1,1000000,20260912,0,1,,,,,,1,,windows-qpc-cycletime,1,,1999998,0,999999,0,0,0,0,0,31999968,250000,250000,0,16,1,0,0,0,-,0,0,0,0,0,0,0,0,0,0,0,0,0,0,307276fdb96f3683,6c1ecd543a9aed8f
int64,sorted,boost::spinsort,1,1000000,20260912,0,1,,,,,,1,,windows-qpc-cycletime,1,,1999998,0,999999,0,0,0,0,0,31999968,250000,250000,0,0,0,0,0,0,-,0,0,0,0,0,0,0,0,0,0,0,0,0,0,307276fdb96f3683,6c1ecd543a9aed8f
int64,sorted,boost::flat_stable_sort,1,1000000,20260912,0,1,,,,,,1,,windows-qpc-cycletime,1,,2000511,513,999999,0,0,0,0,0,32016384,250128,250128,0,39520,3,0,0,0,-,0,0,0,0,0,0,0,0,0,0,0,0,0,0,307276fdb96f3683,e6424e7eb26e323e
int64,reverse,brainsort,1,1000000,20260912,0,1,,,,,,1,,windows-qpc-cycletime,1,,2000000,1000000,999999,0,0,0,0,0,48000000,499744,491808,0,0,0,1,0,0,reverse,0,1,0,0,0,0,0,0,0,0,0,0,0,0,158fc65869de5ec3,4cc1c2695cfb3030
int64,reverse,std::stable_sort,1,1000000,20260912,0,1,,,,,,1,,windows-qpc-cycletime,1,,41920630,23357130,9281750,0,0,0,0,0,1044444160,10000000,10000000,0,8000000,1,0,0,0,-,0,0,0,0,0,0,0,0,0,0,0,0,0,0,158fc65869de5ec3,c4271bab9365fb67
int64,reverse,gfx::timsort,1,1000000,20260912,0,1,,,,,,1,,windows-qpc-cycletime,1,,2999998,1000000,999999,0,0,0,0,0,63999968,499744,491808,0,16,1,0,0,0,-,0,0,0,0,0,0,0,0,0,0,0,0,0,0,158fc65869de5ec3,e6d3d06ea10b426a
int64,reverse,boost::spinsort,1,1000000,20260912,0,1,,,,,,1,,windows-qpc-cycletime,1,,3000000,1000000,1000000,0,0,0,0,0,64000000,499744,491808,0,0,0,0,0,0,-,0,0,0,0,0,0,0,0,0,0,0,0,0,0,158fc65869de5ec3,6eb3affb4f1d9183
int64,reverse,boost::flat_stable_sort,1,1000000,20260912,0,1,,,,,,1,,windows-qpc-cycletime,1,,3000513,1000513,1000000,0,0,0,0,0,64016416,499872,491936,0,39520,3,0,0,0,-,0,0,0,0,0,0,0,0,0,0,0,0,0,0,158fc65869de5ec3,69910cc4bcea4b6c
int64,nearly_sorted,brainsort,1,1000000,20260912,0,1,,,,,,1,,windows-qpc-cycletime,1,,4179531,2346334,3333771,0,39582,158328,0,247933,104572168,1401006,773365,0,1179648,25,1,0,0,displaced,0,0,0,1,0,0,0,0,0,0,0,0,0,0,756421856b0e4e51,372387d2622e7e8d
int64,nearly_sorted,std::stable_sort,1,1000000,20260912,0,1,,,,,,1,,windows-qpc-cycletime,1,,54429184,20416082,17444550,0,0,0,0,293584,1197524256,9974639,9876172,0,8000000,1,0,0,0,-,0,0,0,0,0,0,0,0,0,0,0,0,0,0,756421856b0e4e51,204e2c7dc5a2170a
int64,nearly_sorted,gfx::timsort,1,1000000,20260912,0,1,,,,,,1,,windows-qpc-cycletime,1,,23678460,19092186,3118378,0,0,0,0,635816,684330336,6088453,2829412,0,10487424,32,0,0,0,-,0,0,0,0,0,0,0,0,0,0,0,0,0,0,756421856b0e4e51,bc9eb1e92edf7e9b
int64,nearly_sorted,boost::spinsort,1,1000000,20260912,0,1,,,,,,1,,windows-qpc-cycletime,1,,45977964,16756282,15234489,0,0,0,0,458844,1003747936,5725139,3124996,0,8000000,1,0,0,0,-,0,0,0,0,0,0,0,0,0,0,0,0,0,0,756421856b0e4e51,8a153cc1c5a5f603
int64,nearly_sorted,boost::flat_stable_sort,1,1000000,20260912,0,1,,,,,,1,,windows-qpc-cycletime,1,,44877447,27407957,9312116,0,0,0,0,435914,1156566464,2994348,1494107,0,70784,2058,0,0,0,-,0,0,0,0,0,0,0,0,0,0,0,0,0,0,756421856b0e4e51,fa204a218f9cdcd1
int64,few_unique,brainsort,1,1000000,20260912,0,1,,,,,,1,,windows-qpc-cycletime,1,,3521050,2519509,1024,3008292,3008292,32066336,0,690,128715280,1511588,1502345,0,8549312,4,1,0,0,radix,0,0,0,0,1,0,1,0,0,2,2,0,2,0,1619cd8345e34085,b4e95f56bfeb35c6
int64,few_unique,std::stable_sort,1,1000000,20260912,0,1,,,,,,1,,windows-qpc-cycletime,1,,59877371,21838161,19770256,0,0,0,0,4292124,1307448512,9997465,9989552,0,8000000,1,0,0,0,-,0,0,0,0,0,0,0,0,0,0,0,0,0,0,1619cd8345e34085,3fabac064d1768c1
int64,few_unique,gfx::timsort,1,1000000,20260912,0,1,,,,,,1,,windows-qpc-cycletime,1,,53236176,36750472,10544952,0,0,0,0,4473941,1439786368,7067971,3306660,0,11814768,25,0,0,0,-,0,0,0,0,0,0,0,0,0,0,0,0,0,0,1619cd8345e34085,6ab17da71e25e0a9
int64,few_unique,boost::spinsort,1,1000000,20260912,0,1,,,,,,1,,windows-qpc-cycletime,1,,61725945,23771478,23068652,0,0,0,0,3728896,1367958768,5740879,3230089,0,8000000,1,0,0,0,-,0,0,0,0,0,0,0,0,0,0,0,0,0,0,1619cd8345e34085,45d28e902f88ac18
int64,few_unique,boost::flat_stable_sort,1,1000000,20260912,0,1,,,,,,1,,windows-qpc-cycletime,1,,63028110,32696256,18284061,0,0,0,0,3896390,1531589856,2928157,1473481,0,70784,2049,0,0,0,-,0,0,0,0,0,0,0,0,0,0,0,0,0,0,1619cd8345e34085,9dbdfefd063ddb29
int64,all_equal,brainsort,1,1000000,20260912,0,1,,,,,,1,,windows-qpc-cycletime,1,,1000000,0,999999,0,0,0,0,0,16000000,250000,250000,0,0,0,1,0,0,sorted,1,0,0,0,0,0,0,0,0,0,0,0,0,0,307276fdb96f3683,2bf62fd616269977
int64,all_equal,std::stable_sort,1,1000000,20260912,0,1,,,,,,1,,windows-qpc-cycletime,1,,41033400,19857142,11016700,0,0,0,0,0,974248672,9750001,9750001,0,8000000,1,0,0,0,-,0,0,0,0,0,0,0,0,0,0,0,0,0,0,307276fdb96f3683,b0ffd2a130f89a97
int64,all_equal,gfx::timsort,1,1000000,20260912,0,1,,,,,,1,,windows-qpc-cycletime,1,,1999998,0,999999,0,0,0,0,0,31999968,250000,250000,0,16,1,0,0,0,-,0,0,0,0,0,0,0,0,0,0,0,0,0,0,307276fdb96f3683,6c1ecd543a9aed8f
int64,all_equal,boost::spinsort,1,1000000,20260912,0,1,,,,,,1,,windows-qpc-cycletime,1,,1999998,0,999999,0,0,0,0,0,31999968,250000,250000,0,0,0,0,0,0,-,0,0,0,0,0,0,0,0,0,0,0,0,0,0,307276fdb96f3683,6c1ecd543a9aed8f
int64,all_equal,boost::flat_stable_sort,1,1000000,20260912,0,1,,,,,,1,,windows-qpc-cycletime,1,,2000511,513,999999,0,0,0,0,0,32016384,250128,250128,0,39520,3,0,0,0,-,0,0,0,0,0,0,0,0,0,0,0,0,0,0,307276fdb96f3683,e6424e7eb26e323e
int64,runs,brainsort,1,1000000,20260912,0,1,,,,,,1,,windows-qpc-cycletime,1,,4014169,2011332,1008761,4002048,4005642,32030760,0,1003,128438776,2085096,1501999,0,16008224,13,1,0,0,displaced,0,0,0,1,1,1,0,0,0,0,0,0,2,0,d804ddcd10e09f15,0c2c4f090e6908f7
int64,runs,std::stable_sort,1,1000000,20260912,0,1,,,,,,1,,windows-qpc-cycletime,1,,49981162,20361176,15239621,0,0,0,0,2203861,1125477408,10000000,9994302,0,8000000,1,0,0,0,-,0,0,0,0,0,0,0,0,0,0,0,0,0,0,d804ddcd10e09f15,56d4da950e141193
int64,runs,gfx::timsort,1,1000000,20260912,0,1,,,,,,1,,windows-qpc-cycletime,1,,24644450,12295754,6174348,0,0,0,0,2212335,591043264,6195044,3394877,0,11687648,15,0,0,0,-,0,0,0,0,0,0,0,0,0,0,0,0,0,0,d804ddcd10e09f15,d5fd148042de3345
int64,runs,boost::spinsort,1,1000000,20260912,0,1,,,,,,1,,windows-qpc-cycletime,1,,39336260,14422445,12826593,0,0,0,0,2241557,860139280,5570151,3232025,0,8006144,271,0,0,0,-,0,0,0,0,0,0,0,0,0,0,0,0,0,0,d804ddcd10e09f15,0d39abcf8d56bca9
int64,runs,boost::flat_stable_sort,1,1000000,20260912,0,1,,,,,,1,,windows-qpc-cycletime,1,,38563470,21823972,8583785,0,0,0,0,2273097,966199072,2933376,1486331,0,70784,2192,0,0,0,-,0,0,0,0,0,0,0,0,0,0,0,0,0,0,d804ddcd10e09f15,8e5ba98d3a5f0b49
int64,organ_pipe,brainsort,1,1000000,20260912,0,1,,,,,,1,,windows-qpc-cycletime,1,,2999996,1999995,1999997,0,0,0,0,999998,79999856,1124162,1098306,0,8000032,2,1,0,0,runs,0,0,1,0,0,0,0,0,0,0,0,0,0,0,dabde26c930508e3,1c28d30e1f9224b9
int64,organ_pipe,std::stable_sort,1,1000000,20260912,0,1,,,,,,1,,windows-qpc-cycletime,1,,42727009,21857134,10649223,0,0,0,0,999998,1033346288,9999743,9991808,0,8000000,1,0,0,0,-,0,0,0,0,0,0,0,0,0,0,0,0,0,0,dabde26c930508e3,519a2892eac43c09
int64,organ_pipe,gfx::timsort,1,1000000,20260912,0,1,,,,,,1,,windows-qpc-cycletime,1,,5999993,1999995,1999999,0,0,0,0,999998,127999808,1124490,1108619,0,8000016,3,0,0,0,-,0,0,0,0,0,0,0,0,0,0,0,0,0,0,dabde26c930508e3,91ca0e6becee5dcf
int64,organ_pipe,boost::spinsort,1,1000000,20260912,0,1,,,,,,1,,windows-qpc-cycletime,1,,7000000,1999998,2500001,0,0,0,0,1000000,143999968,1249490,1233619,0,8000000,1,0,0,0,-,0,0,0,0,0,0,0,0,0,0,0,0,0,0,dabde26c930508e3,45143bc8d1e0a223
int64,organ_pipe,boost::flat_stable_sort,1,1000000,20260912,0,1,,,,,,1,,windows-qpc-cycletime,1,,8025533,4009626,2007969,0,0,0,0,1003910,192562544,1002243,991299,0,70784,7,0,0,0,-,0,0,0,0,0,0,0,0,0,0,0,0,0,0,dabde26c930508e3,9229489d37e8e840
int64,small_range,brainsort,1,1000000,20260912,0,1,,,,,,1,,windows-qpc-cycletime,1,,3001539,2000000,1024,2000004,2000008,16000048,0,656,96024672,1250771,1250481,0,16000048,4,1,0,0,radix,0,0,0,0,1,0,0,0,0,0,0,0,1,0,3fb16c6cc310994b,11064f498bc8fa48
int64,small_range,std::stable_sort,1,1000000,20260912,0,1,,,,,,1,,windows-qpc-cycletime,1,,55746775,21357158,17958313,0,0,0,0,1725539,1233662928,9937279,9937279,0,8000000,1,0,0,0,-,0,0,0,0,0,0,0,0,0,0,0,0,0,0,3fb16c6cc310994b,b659fb3145e4e318
int64,small_range,gfx::timsort,1,1000000,20260912,0,1,,,,,,1,,windows-qpc-cycletime,1,,34962549,28041257,5692979,0,0,0,0,2334148,1008060896,5284602,2432766,0,8945760,25,0,0,0,-,0,0,0,0,0,0,0,0,0,0,0,0,0,0,3fb16c6cc310994b,6ba80eed762b06fc
int64,small_range,boost::spinsort,1,1000000,20260912,0,1,,,,,,1,,windows-qpc-cycletime,1,,54602550,21879805,19596293,0,0,0,0,1534099,1223717680,5687087,3187294,0,8000000,1,0,0,0,-,0,0,0,0,0,0,0,0,0,0,0,0,0,0,3fb16c6cc310994b,b90617b558424ceb
int64,small_range,boost::flat_stable_sort,1,1000000,20260912,0,1,,,,,,1,,windows-qpc-cycletime,1,,44439198,26661314,11382812,0,0,0,0,1560527,1137608192,2307824,1211236,0,70784,2049,0,0,0,-,0,0,0,0,0,0,0,0,0,0,0,0,0,0,3fb16c6cc310994b,0ffd9e3557d152d1
int64,sawtooth,brainsort,1,1000000,20260912,0,1,,,,,,1,,windows-qpc-cycletime,1,,4003602,2002434,1002088,2001024,2002482,16014024,0,1999,112110600,2288285,1500517,0,16004128,7,1,0,0,displaced,0,0,0,1,1,1,0,0,0,0,0,0,1,0,5ff0ed0d14ef7a03,aa2fac03b0331d90
int64,sawtooth,std::stable_sort,1,1000000,20260912,0,1,,,,,,1,,windows-qpc-cycletime,1,,52219208,20364626,16357924,0,0,0,0,2015698,1161341344,9999501,9991627,0,8000000,1,0,0,0,-,0,0,0,0,0,0,0,0,0,0,0,0,0,0,5ff0ed0d14ef7a03,20e86a14b4cb6e07
int64,sawtooth,gfx::timsort,1,1000000,20260912,0,1,,,,,,1,,windows-qpc-cycletime,1,,26821088,14901084,5960002,0,0,0,0,2500871,667554752,7286277,3494116,0,11892352,15,0,0,0,-,0,0,0,0,0,0,0,0,0,0,0,0,0,0,5ff0ed0d14ef7a03,aeea2e5eb15c30ba
int64,sawtooth,boost::spinsort,1,1000000,20260912,0,1,,,,,,1,,windows-qpc-cycletime,1,,44775074,16620900,14637315,0,0,0,0,2035278,982335584,5741272,3232094,0,8000000,1,0,0,0,-,0,0,0,0,0,0,0,0,0,0,0,0,0,0,5ff0ed0d14ef7a03,0276b5dc302bb25f
int64,sawtooth,boost::flat_stable_sort,1,1000000,20260912,0,1,,,,,,1,,windows-qpc-cycletime,1,,55053318,27900857,13985714,0,0,0,0,2080254,1327266800,3189311,1490434,0,70784,2902,0,0,0,-,0,0,0,0,0,0,0,0,0,0,0,0,0,0,5ff0ed0d14ef7a03,c627ae34918a2c07
int64,prefixed,brainsort,1,1000000,20260912,0,1,,,,,,1,,windows-qpc-cycletime,1,,3001539,2000000,1024,4002048,4004096,32024576,0,693,112049200,2337374,1252566,0,16008224,4,1,0,0,radix,0,0,0,0,1,0,0,0,0,0,0,0,2,0,8b52872778c86c83,31d2d15e322a426a
int64,prefixed,std::stable_sort,1,1000000,20260912,0,1,,,,,,1,,windows-qpc-cycletime,1,,60003985,21858020,19823525,0,0,0,0,9558466,1309792080,9999754,9991824,0,8000000,1,0,0,0,-,0,0,0,0,0,0,0,0,0,0,0,0,0,0,8b52872778c86c83,1278d822f3f347d2
int64,prefixed,gfx::timsort,1,1000000,20260912,0,1,,,,,,1,,windows-qpc-cycletime,1,,69744658,37086583,18633185,0,0,0,0,9309556,1709299856,7160827,3422096,0,11936960,23,0,0,0,-,0,0,0,0,0,0,0,0,0,0,0,0,0,0,8b52872778c86c83,2f4b5bc4bfa676a8
int64,prefixed,boost::spinsort,1,1000000,20260912,0,1,,,,,,1,,windows-qpc-cycletime,1,,61976527,23846888,23188944,0,0,0,0,9044030,1373174640,5743146,3232123,0,8000000,1,0,0,0,-,0,0,0,0,0,0,0,0,0,0,0,0,0,0,8b52872778c86c83,321fec6e460da88b
int64,prefixed,boost::flat_stable_sort,1,1000000,20260912,0,1,,,,,,1,,windows-qpc-cycletime,1,,70232684,32926563,21792512,0,0,0,0,9216698,1650547952,2913210,1488513,0,70784,2049,0,0,0,-,0,0,0,0,0,0,0,0,0,0,0,0,0,0,8b52872778c86c83,985ae5231b17845b
string,random,brainsort,1,1000000,20260912,0,1,,,,,,1,,windows-qpc-cycletime,1,,8401094,5492762,1043,8024576,8057344,64327680,51723479,691,338352855,9378639,7737949,0,8532928,4,2,0,0,radix,0,0,0,0,1,0,1,0,0,0,0,0,8,0,465f9ea07f4206e3,ffc205432f1f2a84
string,random,std::stable_sort,1,1000000,20260912,0,1,,,,,,1,,windows-qpc-cycletime,1,,60002984,21858029,19822340,0,0,0,99121130,9524863,1408897338,19858544,15274906,0,8000000,1,0,0,0,-,0,0,0,0,0,0,0,0,0,0,0,0,0,0,465f9ea07f4206e3,f2641c192dcf1b0c
string,random,gfx::timsort,1,1000000,20260912,0,1,,,,,,1,,windows-qpc-cycletime,1,,69767382,37108819,18633776,0,0,0,93906088,9272714,1803925304,15895211,6994323,0,11936944,23,0,0,0,-,0,0,0,0,0,0,0,0,0,0,0,0,0,0,465f9ea07f4206e3,d1fafc9975bebab4
string,random,boost::spinsort,1,1000000,20260912,0,1,,,,,,1,,windows-qpc-cycletime,1,,61970165,23843728,23185692,0,0,0,102957566,9009453,1475979854,14393363,6791305,0,8000000,1,0,0,0,-,0,0,0,0,0,0,0,0,0,0,0,0,0,0,465f9ea07f4206e3,b90e77229c22003f
string,random,boost::flat_stable_sort,1,1000000,20260912,0,1,,,,,,1,,windows-qpc-cycletime,1,,70245620,32933383,21798358,0,0,0,100335186,9181763,1751199234,14046736,4561301,0,70784,2049,0,0,0,-,0,0,0,0,0,0,0,0,0,0,0,0,0,0,465f9ea07f4206e3,e863b1a5ce17ae3b
string,sorted,brainsort,1,1000000,20260912,0,1,,,,,,1,,windows-qpc-cycletime,1,,1000000,0,999999,0,0,0,8650227,0,24650227,367228,367228,0,0,0,1,0,0,sorted,1,0,0,0,0,0,0,0,0,0,0,0,0,0,307276fdb96f3683,b7c7d8ecfbc30df2
string,sorted,std::stable_sort,1,1000000,20260912,0,1,,,,,,1,,windows-qpc-cycletime,1,,41033400,19857142,11016700,0,0,0,57422682,0,1031671354,11091485,11091485,0,8000000,1,0,0,0,-,0,0,0,0,0,0,0,0,0,0,0,0,0,0,307276fdb96f3683,ad804d73168c7547
string,sorted,gfx::timsort,1,1000000,20260912,0,1,,,,,,1,,windows-qpc-cycletime,1,,1999998,0,999999,0,0,0,8650224,0,40650192,367228,367228,0,16,1,0,0,0,-,0,0,0,0,0,0,0,0,0,0,0,0,0,0,307276fdb96f3683,08d415bd5f5a386d
string,sorted,boost::spinsort,1,1000000,20260912,0,1,,,,,,1,,windows-qpc-cycletime,1,,1999998,0,999999,0,0,0,8650224,0,40650192,367228,367228,0,0,0,0,0,0,-,0,0,0,0,0,0,0,0,0,0,0,0,0,0,307276fdb96f3683,08d415bd5f5a386d
string,sorted,boost::flat_stable_sort,1,1000000,20260912,0,1,,,,,,1,,windows-qpc-cycletime,1,,2000511,513,999999,0,0,0,8650224,0,40666608,367356,367356,0,39520,3,0,0,0,-,0,0,0,0,0,0,0,0,0,0,0,0,0,0,307276fdb96f3683,b93935064e158250
string,reverse,brainsort,1,1000000,20260912,0,1,,,,,,1,,windows-qpc-cycletime,1,,4017833,1111032,2093196,0,0,0,17881504,107690,99943344,984236,977800,0,0,0,1,0,0,reverse,0,1,0,0,0,0,0,0,0,0,0,0,0,0,f39bf2e03d696785,5d9455a074689679
string,reverse,std::stable_sort,1,1000000,20260912,0,1,,,,,,1,,windows-qpc-cycletime,1,,42004068,23178371,9502869,0,0,0,49876152,156430,1092795176,11238846,11238846,0,8000000,1,0,0,0,-,0,0,0,0,0,0,0,0,0,0,0,0,0,0,f39bf2e03d696785,38e5e7065ae299c5
string,reverse,gfx::timsort,1,1000000,20260912,0,1,,,,,,1,,windows-qpc-cycletime,1,,52160990,47351621,4188617,0,0,0,32139730,229536,1624341506,7821367,3892936,0,8798816,20,0,0,0,-,0,0,0,0,0,0,0,0,0,0,0,0,0,0,f39bf2e03d696785,3087af6232404d62
string,reverse,boost::spinsort,1,1000000,20260912,0,1,,,,,,1,,windows-qpc-cycletime,1,,51345628,30960031,17484271,0,0,0,127406008,173906,1444296552,5984304,3405527,0,8000000,1,0,0,0,-,0,0,0,0,0,0,0,0,0,0,0,0,0,0,f39bf2e03d696785,38e35e3678075e48
string,reverse,boost::flat_stable_sort,1,1000000,20260912,0,1,,,,,,1,,windows-qpc-cycletime,1,,35120366,19423221,13224267,0,0,0,98331602,167964,971028994,936877,878064,0,70784,2049,0,0,0,-,0,0,0,0,0,0,0,0,0,0,0,0,0,0,f39bf2e03d696785,518acdb96e71c207
string,nearly_sorted,brainsort,1,1000000,20260912,0,1,,,,,,1,,windows-qpc-cycletime,1,,4181622,2347022,3339859,6921,39660,186324,24928221,248307,129572849,2073301,1515178,0,1179648,25,1,0,0,displaced,0,0,0,1,0,0,0,0,0,0,0,0,0,0,b912281b8d7e3ded,d9b7b6d2f0787684
string,nearly_sorted,std::stable_sort,1,1000000,20260912,0,1,,,,,,1,,windows-qpc-cycletime,1,,54422035,20415920,17441037,0,0,0,91619260,293224,1289026540,12253469,12052890,0,8000000,1,0,0,0,-,0,0,0,0,0,0,0,0,0,0,0,0,0,0,b912281b8d7e3ded,8716d769972d3ce6
string,nearly_sorted,gfx::timsort,1,1000000,20260912,0,1,,,,,,1,,windows-qpc-cycletime,1,,24055087,19445318,3144024,0,0,0,21194208,645968,717200688,6748023,3341147,0,9424912,28,0,0,0,-,0,0,0,0,0,0,0,0,0,0,0,0,0,0,b912281b8d7e3ded,d788889b17410f4a
string,nearly_sorted,boost::spinsort,1,1000000,20260912,0,1,,,,,,1,,windows-qpc-cycletime,1,,46014855,16756642,15252902,0,0,0,76187856,460852,1080531808,7696893,4493556,0,8000000,1,0,0,0,-,0,0,0,0,0,0,0,0,0,0,0,0,0,0,b912281b8d7e3ded,5adb8e8f99558761
string,nearly_sorted,boost::flat_stable_sort,1,1000000,20260912,0,1,,,,,,1,,windows-qpc-cycletime,1,,44932162,27402515,9343219,0,0,0,51297028,435212,1208651860,3821969,2203263,0,70784,2055,0,0,0,-,0,0,0,0,0,0,0,0,0,0,0,0,0,0,b912281b8d7e3ded,ff4ef64b3f00c8f6
string,few_unique,brainsort,1,1000000,20260912,0,1,,,,,,1,,windows-qpc-cycletime,1,,5132158,2500737,630742,3004196,3004196,32033568,29581031,702,183740919,4093957,3464513,0,8524736,4,2,0,0,radix,63,0,0,0,1,0,1,0,0,2,2,0,2,0,28476c91745c523f,6f999f1bb1963e2b
string,few_unique,std::stable_sort,1,1000000,20260912,0,1,,,,,,1,,windows-qpc-cycletime,1,,59878203,21836563,19772752,0,0,0,152482876,4295714,1459919132,19871059,15364020,0,8000000,1,0,0,0,-,0,0,0,0,0,0,0,0,0,0,0,0,0,0,28476c91745c523f,b04ec92228e36fff
string,few_unique,gfx::timsort,1,1000000,20260912,0,1,,,,,,1,,windows-qpc-cycletime,1,,53269857,36783180,10545604,0,0,0,64190814,4476755,1505039406,8465688,3550535,0,11815872,25,0,0,0,-,0,0,0,0,0,0,0,0,0,0,0,0,0,0,28476c91745c523f,712075ad27ec0b3d
string,few_unique,boost::spinsort,1,1000000,20260912,0,1,,,,,,1,,windows-qpc-cycletime,1,,61716876,23766454,23063999,0,0,0,149319568,3729712,1517052848,14377111,6811903,0,8000000,1,0,0,0,-,0,0,0,0,0,0,0,0,0,0,0,0,0,0,28476c91745c523f,19c84c14765dc1bb
string,few_unique,boost::flat_stable_sort,1,1000000,20260912,0,1,,,,,,1,,windows-qpc-cycletime,1,,63054070,32717766,18287257,0,0,0,115761636,3897274,1648111012,9557019,2179810,0,70784,2049,0,0,0,-,0,0,0,0,0,0,0,0,0,0,0,0,0,0,28476c91745c523f,738b47a2bcb60ca5
string,all_equal,brainsort,1,1000000,20260912,0,1,,,,,,1,,windows-qpc-cycletime,1,,1000000,0,999999,0,0,0,25999982,0,41999982,453125,453125,0,0,0,1,0,0,sorted,1,0,0,0,0,0,0,0,0,0,0,0,0,0,307276fdb96f3683,5e59c535a439be3a
string,all_equal,std::stable_sort,1,1000000,20260912,0,1,,,,,,1,,windows-qpc-cycletime,1,,41033400,19857142,11016700,0,0,0,286434200,0,1260682872,12006741,12006741,0,8000000,1,0,0,0,-,0,0,0,0,0,0,0,0,0,0,0,0,0,0,307276fdb96f3683,5e82fbac5c34cda7
string,all_equal,gfx::timsort,1,1000000,20260912,0,1,,,,,,1,,windows-qpc-cycletime,1,,1999998,0,999999,0,0,0,25999974,0,57999942,453125,453125,0,16,1,0,0,0,-,0,0,0,0,0,0,0,0,0,0,0,0,0,0,307276fdb96f3683,79f934e8d8d09085
string,all_equal,boost::spinsort,1,1000000,20260912,0,1,,,,,,1,,windows-qpc-cycletime,1,,1999998,0,999999,0,0,0,25999974,0,57999942,453125,453125,0,0,0,0,0,0,-,0,0,0,0,0,0,0,0,0,0,0,0,0,0,307276fdb96f3683,79f934e8d8d09085
string,all_equal,boost::flat_stable_sort,1,1000000,20260912,0,1,,,,,,1,,windows-qpc-cycletime,1,,2000511,513,999999,0,0,0,25999974,0,58016358,453253,453253,0,39520,3,0,0,0,-,0,0,0,0,0,0,0,0,0,0,0,0,0,0,307276fdb96f3683,a9f801c4c92d8578
string,runs,brainsort,1,1000000,20260912,0,1,,,,,,1,,windows-qpc-cycletime,1,,7217849,2011332,1008761,4004096,4009738,32055336,64290722,1003,244012954,5355805,3823457,0,16016416,13,1,0,0,displaced,0,0,0,1,1,1,0,0,0,0,0,0,2,0,d804ddcd10e09f15,9d45bea9c92adb08
string,runs,std::stable_sort,1,1000000,20260912,0,1,,,,,,1,,windows-qpc-cycletime,1,,49981162,20361176,15239621,0,0,0,339952022,2203861,1465429430,13121048,13113030,0,8000000,1,0,0,0,-,0,0,0,0,0,0,0,0,0,0,0,0,0,0,d804ddcd10e09f15,f1aa2e7af088a2a5
string,runs,gfx::timsort,1,1000000,20260912,0,1,,,,,,1,,windows-qpc-cycletime,1,,24644450,12295754,6174348,0,0,0,156717910,2212335,747761174,7515049,4778077,0,11687648,15,0,0,0,-,0,0,0,0,0,0,0,0,0,0,0,0,0,0,d804ddcd10e09f15,f804191b591e9075
string,runs,boost::spinsort,1,1000000,20260912,0,1,,,,,,1,,windows-qpc-cycletime,1,,39336260,14422445,12826593,0,0,0,287307824,2241557,1147447104,8162800,4994041,0,8006144,271,0,0,0,-,0,0,0,0,0,0,0,0,0,0,0,0,0,0,d804ddcd10e09f15,879aaff3d0b0c0ab
string,runs,boost::flat_stable_sort,1,1000000,20260912,0,1,,,,,,1,,windows-qpc-cycletime,1,,38563470,21823972,8583785,0,0,0,205784358,2273097,1171983430,4546279,2762073,0,70784,2192,0,0,0,-,0,0,0,0,0,0,0,0,0,0,0,0,0,0,d804ddcd10e09f15,e66b91d914cbf85f
string,organ_pipe,brainsort,1,1000000,20260912,0,1,,,,,,1,,windows-qpc-cycletime,1,,2999996,1999995,1999997,0,0,0,51666594,999998,131666450,1530598,1511037,0,8000032,2,1,0,0,runs,0,0,1,0,0,0,0,0,0,0,0,0,0,0,dabde26c930508e3,27d318df9618f522
string,organ_pipe,std::stable_sort,1,1000000,20260912,0,1,,,,,,1,,windows-qpc-cycletime,1,,42727009,21857134,10649223,0,0,0,230060246,999998,1263406534,12268643,12262687,0,8000000,1,0,0,0,-,0,0,0,0,0,0,0,0,0,0,0,0,0,0,dabde26c930508e3,387508d830c071c7
string,organ_pipe,gfx::timsort,1,1000000,20260912,0,1,,,,,,1,,windows-qpc-cycletime,1,,5999993,1999995,1999999,0,0,0,51666638,999998,179666446,1530875,1519197,0,8000016,3,0,0,0,-,0,0,0,0,0,0,0,0,0,0,0,0,0,0,dabde26c930508e3,a97c0729368fa3c1
string,organ_pipe,boost::spinsort,1,1000000,20260912,0,1,,,,,,1,,windows-qpc-cycletime,1,,7000000,1999998,2500001,0,0,0,64555554,1000000,208555522,1757438,1745759,0,8000000,1,0,0,0,-,0,0,0,0,0,0,0,0,0,0,0,0,0,0,dabde26c930508e3,35cac87a744e3665
string,organ_pipe,boost::flat_stable_sort,1,1000000,20260912,0,1,,,,,,1,,windows-qpc-cycletime,1,,8025533,4009626,2007969,0,0,0,51846948,1003910,244409492,1408600,1400287,0,70784,7,0,0,0,-,0,0,0,0,0,0,0,0,0,0,0,0,0,0,dabde26c930508e3,3a79332928e6e816
string,small_range,brainsort,1,1000000,20260912,0,1,,,,,,1,,windows-qpc-cycletime,1,,6002055,2000000,1024,2000016,2000032,16000192,32033840,656,176066912,3448907,3448329,0,16000096,4,1,0,0,radix,0,0,0,0,1,0,0,0,0,0,0,0,1,0,3fb16c6cc310994b,ca91a38049be100b
string,small_range,std::stable_sort,1,1000000,20260912,0,1,,,,,,1,,windows-qpc-cycletime,1,,55746775,21357158,17958313,0,0,0,466916138,1725539,1700579066,17661964,15786581,0,8000000,1,0,0,0,-,0,0,0,0,0,0,0,0,0,0,0,0,0,0,3fb16c6cc310994b,8a24af2d9d9edb42
string,small_range,gfx::timsort,1,1000000,20260912,0,1,,,,,,1,,windows-qpc-cycletime,1,,34962549,28041257,5692979,0,0,0,148017454,2334148,1156078350,5721655,2701620,0,8945760,25,0,0,0,-,0,0,0,0,0,0,0,0,0,0,0,0,0,0,3fb16c6cc310994b,d752dcd2b5392e9e
string,small_range,boost::spinsort,1,1000000,20260912,0,1,,,,,,1,,windows-qpc-cycletime,1,,54602550,21879805,19596293,0,0,0,509503618,1534099,1733221298,12086260,6730022,0,8000000,1,0,0,0,-,0,0,0,0,0,0,0,0,0,0,0,0,0,0,3fb16c6cc310994b,a70d71980a2521fd
string,small_range,boost::flat_stable_sort,1,1000000,20260912,0,1,,,,,,1,,windows-qpc-cycletime,1,,44439198,26661314,11382812,0,0,0,295953112,1560527,1433561304,3935969,1569250,0,70784,2049,0,0,0,-,0,0,0,0,0,0,0,0,0,0,0,0,0,0,3fb16c6cc310994b,3bd98363a912ff35
string,sawtooth,brainsort,1,1000000,20260912,0,1,,,,,,1,,windows-qpc-cycletime,1,,7005115,2002434,1002088,2065536,2131506,16788168,57832724,1999,218741676,5301501,3479699,0,16262176,7,1,0,0,displaced,0,0,0,1,1,1,0,0,0,0,0,0,1,0,5ff0ed0d14ef7a03,2f098003d64365b2
string,sawtooth,std::stable_sort,1,1000000,20260912,0,1,,,,,,1,,windows-qpc-cycletime,1,,52219208,20364626,16357924,0,0,0,411467940,2015698,1572809284,16590109,13340123,0,8000000,1,0,0,0,-,0,0,0,0,0,0,0,0,0,0,0,0,0,0,5ff0ed0d14ef7a03,2750190517d709a7
string,sawtooth,gfx::timsort,1,1000000,20260912,0,1,,,,,,1,,windows-qpc-cycletime,1,,26821088,14901084,5960002,0,0,0,154178778,2500871,821733530,8707017,4008692,0,11892352,15,0,0,0,-,0,0,0,0,0,0,0,0,0,0,0,0,0,0,5ff0ed0d14ef7a03,d31b09427cc05aa2
string,sawtooth,boost::spinsort,1,1000000,20260912,0,1,,,,,,1,,windows-qpc-cycletime,1,,44775074,16620900,14637315,0,0,0,367630662,2035278,1349966246,10913556,5041273,0,8000000,1,0,0,0,-,0,0,0,0,0,0,0,0,0,0,0,0,0,0,5ff0ed0d14ef7a03,da6dcafd5a9583ed
string,sawtooth,boost::flat_stable_sort,1,1000000,20260912,0,1,,,,,,1,,windows-qpc-cycletime,1,,55053318,27900857,13985714,0,0,0,352143322,2080254,1679410122,8926431,2864035,0,70784,2902,0,0,0,-,0,0,0,0,0,0,0,0,0,0,0,0,0,0,5ff0ed0d14ef7a03,4b285e198b4734ab
string,prefixed,brainsort,1,1000000,20260912,0,1,,,,,,1,,windows-qpc-cycletime,1,,10215550,5400867,3214523,4002048,4004096,32024576,146237024,1138518,428124272,6058594,5320921,0,16008224,4,2,0,0,radix,0,0,0,0,1,0,0,0,0,0,0,0,2,0,6b1cd469c981c913,e641ca303aa02b2a
string,prefixed,std::stable_sort,1,1000000,20260912,0,1,,,,,,1,,windows-qpc-cycletime,1,,60003808,21856937,19823825,0,0,0,490975230,9566464,1800747150,23746199,19094431,0,8000000,1,0,0,0,-,0,0,0,0,0,0,0,0,0,0,0,0,0,0,6b1cd469c981c913,8e075ea7a9262324
string,prefixed,gfx::timsort,1,1000000,20260912,0,1,,,,,,1,,windows-qpc-cycletime,1,,69767206,37108304,18633976,0,0,0,462783032,9319711,2172791192,19117177,9429115,0,11937008,22,0,0,0,-,0,0,0,0,0,0,0,0,0,0,0,0,0,0,6b1cd469c981c913,f744526b81eb0daf
string,prefixed,boost::spinsort,1,1000000,20260912,0,1,,,,,,1,,windows-qpc-cycletime,1,,61981176,23848971,23191298,0,0,0,553914306,9055846,1927196658,17392157,8921300,0,8000000,1,0,0,0,-,0,0,0,0,0,0,0,0,0,0,0,0,0,0,6b1cd469c981c913,140f1c64c13317b1
string,prefixed,boost::flat_stable_sort,1,1000000,20260912,0,1,,,,,,1,,windows-qpc-cycletime,1,,70248687,32935519,21799661,0,0,0,526289766,9229394,2177237062,18006189,6595199,0,70784,2049,0,0,0,-,0,0,0,0,0,0,0,0,0,0,0,0,0,0,6b1cd469c981c913,f98bfb0f4183ca8d
