type,dataset,algorithm,stable,n,seed,ok,error,compares,cmp_flips,key_reads,aux_peak_bytes,order_hash
int32,random,brainsort,1,10,20260912,1,,25,12,,0,d18b993c93e9c7a8
int32,random,slice::sort,1,10,20260912,1,,25,12,,0,d18b993c93e9c7a8
int32,random,slice::sort_unstable,0,10,20260912,1,,25,12,,0,d18b993c93e9c7a8
int32,random,radsort,1,10,20260912,1,,0,0,51,80,d18b993c93e9c7a8
int32,random,voracious_stable_sort,1,10,20260912,1,,25,12,1,0,d18b993c93e9c7a8
int32,random,voracious_sort,0,10,20260912,1,,25,12,1,0,d18b993c93e9c7a8
int32,random,rdst,0,10,20260912,1,,0,0,52,0,d18b993c93e9c7a8
int32,sorted,brainsort,1,10,20260912,1,,9,0,,0,c0b09ddf1ee80aa8
int32,sorted,slice::sort,1,10,20260912,1,,9,0,,0,c0b09ddf1ee80aa8
int32,sorted,slice::sort_unstable,0,10,20260912,1,,9,0,,0,c0b09ddf1ee80aa8
int32,sorted,radsort,1,10,20260912,1,,0,0,51,80,c0b09ddf1ee80aa8
int32,sorted,voracious_stable_sort,1,10,20260912,1,,9,0,1,0,c0b09ddf1ee80aa8
int32,sorted,voracious_sort,0,10,20260912,1,,9,0,1,0,c0b09ddf1ee80aa8
int32,sorted,rdst,0,10,20260912,1,,0,0,20,0,c0b09ddf1ee80aa8
int32,reverse,brainsort,1,10,20260912,1,,45,0,,0,784ead557b67f22a
int32,reverse,slice::sort,1,10,20260912,1,,45,0,,0,784ead557b67f22a
int32,reverse,slice::sort_unstable,0,10,20260912,1,,45,0,,0,784ead557b67f22a
int32,reverse,radsort,1,10,20260912,1,,0,0,51,80,784ead557b67f22a
int32,reverse,voracious_stable_sort,1,10,20260912,1,,45,0,1,0,784ead557b67f22a
int32,reverse,voracious_sort,0,10,20260912,1,,45,0,1,0,784ead557b67f22a
int32,reverse,rdst,0,10,20260912,1,,0,0,92,0,784ead557b67f22a
int32,nearly_sorted,brainsort,1,10,20260912,1,,9,0,,0,c0b09ddf1ee80aa8
int32,nearly_sorted,slice::sort,1,10,20260912,1,,9,0,,0,c0b09ddf1ee80aa8
int32,nearly_sorted,slice::sort_unstable,0,10,20260912,1,,9,0,,0,c0b09ddf1ee80aa8
int32,nearly_sorted,radsort,1,10,20260912,1,,0,0,51,80,c0b09ddf1ee80aa8
int32,nearly_sorted,voracious_stable_sort,1,10,20260912,1,,9,0,1,0,c0b09ddf1ee80aa8
int32,nearly_sorted,voracious_sort,0,10,20260912,1,,9,0,1,0,c0b09ddf1ee80aa8
int32,nearly_sorted,rdst,0,10,20260912,1,,0,0,20,0,c0b09ddf1ee80aa8
int32,few_unique,brainsort,1,10,20260912,1,,28,8,,0,5d085e5b4e97e98c
int32,few_unique,slice::sort,1,10,20260912,1,,28,8,,0,5d085e5b4e97e98c
int32,few_unique,slice::sort_unstable,0,10,20260912,1,,28,8,,0,5d085e5b4e97e98c
int32,few_unique,radsort,1,10,20260912,1,,0,0,51,80,5d085e5b4e97e98c
int32,few_unique,voracious_stable_sort,1,10,20260912,1,,28,8,1,0,5d085e5b4e97e98c
int32,few_unique,voracious_sort,0,10,20260912,1,,28,8,1,0,5d085e5b4e97e98c
int32,few_unique,rdst,0,10,20260912,1,,0,0,56,0,5d085e5b4e97e98c
int32,all_equal,brainsort,1,10,20260912,1,,9,0,,0,c0b09ddf1ee80aa8
int32,all_equal,slice::sort,1,10,20260912,1,,9,0,,0,c0b09ddf1ee80aa8
int32,all_equal,slice::sort_unstable,0,10,20260912,1,,9,0,,0,c0b09ddf1ee80aa8
int32,all_equal,radsort,1,10,20260912,1,,0,0,11,80,c0b09ddf1ee80aa8
int32,all_equal,voracious_stable_sort,1,10,20260912,1,,9,0,1,0,c0b09ddf1ee80aa8
int32,all_equal,voracious_sort,0,10,20260912,1,,9,0,1,0,c0b09ddf1ee80aa8
int32,all_equal,rdst,0,10,20260912,1,,0,0,72,0,c0b09ddf1ee80aa8
int32,runs,brainsort,1,10,20260912,1,,9,0,,0,c0b09ddf1ee80aa8
int32,runs,slice::sort,1,10,20260912,1,,9,0,,0,c0b09ddf1ee80aa8
int32,runs,slice::sort_unstable,0,10,20260912,1,,9,0,,0,c0b09ddf1ee80aa8
int32,runs,radsort,1,10,20260912,1,,0,0,21,80,c0b09ddf1ee80aa8
int32,runs,voracious_stable_sort,1,10,20260912,1,,9,0,1,0,c0b09ddf1ee80aa8
int32,runs,voracious_sort,0,10,20260912,1,,9,0,1,0,c0b09ddf1ee80aa8
int32,runs,rdst,0,10,20260912,1,,0,0,72,0,c0b09ddf1ee80aa8
int32,organ_pipe,brainsort,1,10,20260912,1,,25,8,,0,901f5df8c0caea74
int32,organ_pipe,slice::sort,1,10,20260912,1,,25,8,,0,901f5df8c0caea74
int32,organ_pipe,slice::sort_unstable,0,10,20260912,1,,25,8,,0,901f5df8c0caea74
int32,organ_pipe,radsort,1,10,20260912,1,,0,0,21,80,901f5df8c0caea74
int32,organ_pipe,voracious_stable_sort,1,10,20260912,1,,25,8,1,0,901f5df8c0caea74
int32,organ_pipe,voracious_sort,0,10,20260912,1,,25,8,1,0,901f5df8c0caea74
int32,organ_pipe,rdst,0,10,20260912,1,,0,0,200,0,901f5df8c0caea74
int32,small_range,brainsort,1,10,20260912,1,,28,7,,0,fece0b07ed04e90e
int32,small_range,slice::sort,1,10,20260912,1,,28,7,,0,fece0b07ed04e90e
int32,small_range,slice::sort_unstable,0,10,20260912,1,,28,7,,0,fece0b07ed04e90e
int32,small_range,radsort,1,10,20260912,1,,0,0,21,80,fece0b07ed04e90e
int32,small_range,voracious_stable_sort,1,10,20260912,1,,28,7,1,0,fece0b07ed04e90e
int32,small_range,voracious_sort,0,10,20260912,1,,28,7,1,0,fece0b07ed04e90e
int32,small_range,rdst,0,10,20260912,1,,0,0,224,0,fece0b07ed04e90e
int32,sawtooth,brainsort,1,10,20260912,1,,9,0,,0,c0b09ddf1ee80aa8
int32,sawtooth,slice::sort,1,10,20260912,1,,9,0,,0,c0b09ddf1ee80aa8
int32,sawtooth,slice::sort_unstable,0,10,20260912,1,,9,0,,0,c0b09ddf1ee80aa8
int32,sawtooth,radsort,1,10,20260912,1,,0,0,21,80,c0b09ddf1ee80aa8
int32,sawtooth,voracious_stable_sort,1,10,20260912,1,,9,0,1,0,c0b09ddf1ee80aa8
int32,sawtooth,voracious_sort,0,10,20260912,1,,9,0,1,0,c0b09ddf1ee80aa8
int32,sawtooth,rdst,0,10,20260912,1,,0,0,72,0,c0b09ddf1ee80aa8
int32,prefixed,brainsort,1,10,20260912,1,,29,12,,0,793ba3bc964687c0
int32,prefixed,slice::sort,1,10,20260912,1,,29,12,,0,793ba3bc964687c0
int32,prefixed,slice::sort_unstable,0,10,20260912,1,,29,12,,0,793ba3bc964687c0
int32,prefixed,radsort,1,10,20260912,1,,0,0,41,80,793ba3bc964687c0
int32,prefixed,voracious_stable_sort,1,10,20260912,1,,29,12,1,0,793ba3bc964687c0
int32,prefixed,voracious_sort,0,10,20260912,1,,29,12,1,0,793ba3bc964687c0
int32,prefixed,rdst,0,10,20260912,1,,0,0,120,0,793ba3bc964687c0
int32,sparse_bits,brainsort,1,10,20260912,1,,25,12,,0,8d40bcf2e8285c22
int32,sparse_bits,slice::sort,1,10,20260912,1,,25,12,,0,8d40bcf2e8285c22
int32,sparse_bits,slice::sort_unstable,0,10,20260912,1,,25,12,,0,8d40bcf2e8285c22
int32,sparse_bits,radsort,1,10,20260912,1,,0,0,31,80,8d40bcf2e8285c22
int32,sparse_bits,voracious_stable_sort,1,10,20260912,1,,25,12,1,0,8d40bcf2e8285c22
int32,sparse_bits,voracious_sort,0,10,20260912,1,,25,12,1,0,8d40bcf2e8285c22
int32,sparse_bits,rdst,0,10,20260912,1,,0,0,56,0,8d40bcf2e8285c22
double,random,brainsort,1,10,20260912,1,,29,9,,0,cf8664ec67648ee0
double,random,slice::sort,1,10,20260912,1,,29,9,,0,cf8664ec67648ee0
double,random,slice::sort_unstable,0,10,20260912,1,,29,9,,0,cf8664ec67648ee0
double,random,radsort,1,10,20260912,1,,0,0,91,160,cf8664ec67648ee0
double,random,voracious_stable_sort,1,10,20260912,1,,29,9,1,0,cf8664ec67648ee0
double,random,voracious_sort,0,10,20260912,1,,29,9,1,0,cf8664ec67648ee0
double,random,rdst,0,10,20260912,1,,0,0,86,0,cf8664ec67648ee0
double,sorted,brainsort,1,10,20260912,1,,9,0,,0,c0b09ddf1ee80aa8
double,sorted,slice::sort,1,10,20260912,1,,9,0,,0,c0b09ddf1ee80aa8
double,sorted,slice::sort_unstable,0,10,20260912,1,,9,0,,0,c0b09ddf1ee80aa8
double,sorted,radsort,1,10,20260912,1,,0,0,91,160,c0b09ddf1ee80aa8
double,sorted,voracious_stable_sort,1,10,20260912,1,,9,0,1,0,c0b09ddf1ee80aa8
double,sorted,voracious_sort,0,10,20260912,1,,9,0,1,0,c0b09ddf1ee80aa8
double,sorted,rdst,0,10,20260912,1,,0,0,34,0,c0b09ddf1ee80aa8
double,reverse,brainsort,1,10,20260912,1,,45,0,,0,784ead557b67f22a
double,reverse,slice::sort,1,10,20260912,1,,45,0,,0,784ead557b67f22a
double,reverse,slice::sort_unstable,0,10,20260912,1,,45,0,,0,784ead557b67f22a
double,reverse,radsort,1,10,20260912,1,,0,0,91,160,784ead557b67f22a
double,reverse,voracious_stable_sort,1,10,20260912,1,,45,0,1,0,784ead557b67f22a
double,reverse,voracious_sort,0,10,20260912,1,,45,0,1,0,784ead557b67f22a
double,reverse,rdst,0,10,20260912,1,,0,0,132,0,784ead557b67f22a
double,nearly_sorted,brainsort,1,10,20260912,1,,9,0,,0,c0b09ddf1ee80aa8
double,nearly_sorted,slice::sort,1,10,20260912,1,,9,0,,0,c0b09ddf1ee80aa8
double,nearly_sorted,slice::sort_unstable,0,10,20260912,1,,9,0,,0,c0b09ddf1ee80aa8
double,nearly_sorted,radsort,1,10,20260912,1,,0,0,91,160,c0b09ddf1ee80aa8
double,nearly_sorted,voracious_stable_sort,1,10,20260912,1,,9,0,1,0,c0b09ddf1ee80aa8
double,nearly_sorted,voracious_sort,0,10,20260912,1,,9,0,1,0,c0b09ddf1ee80aa8
double,nearly_sorted,rdst,0,10,20260912,1,,0,0,34,0,c0b09ddf1ee80aa8
double,few_unique,brainsort,1,10,20260912,1,,25,10,,0,a769cbd25f1f30d4
double,few_unique,slice::sort,1,10,20260912,1,,25,10,,0,a769cbd25f1f30d4
double,few_unique,slice::sort_unstable,0,10,20260912,1,,25,10,,0,a769cbd25f1f30d4
double,few_unique,radsort,1,10,20260912,1,,0,0,91,160,a769cbd25f1f30d4
double,few_unique,voracious_stable_sort,1,10,20260912,1,,25,10,1,0,a769cbd25f1f30d4
double,few_unique,voracious_sort,0,10,20260912,1,,25,10,1,0,a769cbd25f1f30d4
double,few_unique,rdst,0,10,20260912,1,,0,0,78,0,a769cbd25f1f30d4
double,all_equal,brainsort,1,10,20260912,1,,9,0,,0,c0b09ddf1ee80aa8
double,all_equal,slice::sort,1,10,20260912,1,,9,0,,0,c0b09ddf1ee80aa8
double,all_equal,slice::sort_unstable,0,10,20260912,1,,9,0,,0,c0b09ddf1ee80aa8
double,all_equal,radsort,1,10,20260912,1,,0,0,11,160,c0b09ddf1ee80aa8
double,all_equal,voracious_stable_sort,1,10,20260912,1,,9,0,1,0,c0b09ddf1ee80aa8
double,all_equal,voracious_sort,0,10,20260912,1,,9,0,1,0,c0b09ddf1ee80aa8
double,all_equal,rdst,0,10,20260912,1,,0,0,144,0,c0b09ddf1ee80aa8
double,runs,brainsort,1,10,20260912,1,,9,0,,0,c0b09ddf1ee80aa8
double,runs,slice::sort,1,10,20260912,1,,9,0,,0,c0b09ddf1ee80aa8
double,runs,slice::sort_unstable,0,10,20260912,1,,9,0,,0,c0b09ddf1ee80aa8
double,runs,radsort,1,10,20260912,1,,0,0,31,160,c0b09ddf1ee80aa8
double,runs,voracious_stable_sort,1,10,20260912,1,,9,0,1,0,c0b09ddf1ee80aa8
double,runs,voracious_sort,0,10,20260912,1,,9,0,1,0,c0b09ddf1ee80aa8
double,runs,rdst,0,10,20260912,1,,0,0,76,0,c0b09ddf1ee80aa8
double,organ_pipe,brainsort,1,10,20260912,1,,25,8,,0,901f5df8c0caea74
double,organ_pipe,slice::sort,1,10,20260912,1,,25,8,,0,901f5df8c0caea74
double,organ_pipe,slice::sort_unstable,0,10,20260912,1,,25,8,,0,901f5df8c0caea74
double,organ_pipe,radsort,1,10,20260912,1,,0,0,31,160,901f5df8c0caea74
double,organ_pipe,voracious_stable_sort,1,10,20260912,1,,25,8,1,0,901f5df8c0caea74
double,organ_pipe,voracious_sort,0,10,20260912,1,,25,8,1,0,901f5df8c0caea74
double,organ_pipe,rdst,0,10,20260912,1,,0,0,146,0,901f5df8c0caea74
double,small_range,brainsort,1,10,20260912,1,,28,7,,0,fece0b07ed04e90e
double,small_range,slice::sort,1,10,20260912,1,,28,7,,0,fece0b07ed04e90e
double,small_range,slice::sort_unstable,0,10,20260912,1,,28,7,,0,fece0b07ed04e90e
double,small_range,radsort,1,10,20260912,1,,0,0,31,160,fece0b07ed04e90e
double,small_range,voracious_stable_sort,1,10,20260912,1,,28,7,1,0,fece0b07ed04e90e
double,small_range,voracious_sort,0,10,20260912,1,,28,7,1,0,fece0b07ed04e90e
double,small_range,rdst,0,10,20260912,1,,0,0,174,0,fece0b07ed04e90e
double,sawtooth,brainsort,1,10,20260912,1,,9,0,,0,c0b09ddf1ee80aa8
double,sawtooth,slice::sort,1,10,20260912,1,,9,0,,0,c0b09ddf1ee80aa8
double,sawtooth,slice::sort_unstable,0,10,20260912,1,,9,0,,0,c0b09ddf1ee80aa8
double,sawtooth,radsort,1,10,20260912,1,,0,0,31,160,c0b09ddf1ee80aa8
double,sawtooth,voracious_stable_sort,1,10,20260912,1,,9,0,1,0,c0b09ddf1ee80aa8
double,sawtooth,voracious_sort,0,10,20260912,1,,9,0,1,0,c0b09ddf1ee80aa8
double,sawtooth,rdst,0,10,20260912,1,,0,0,32,0,c0b09ddf1ee80aa8
double,prefixed,brainsort,1,10,20260912,1,,29,9,,0,cf8664ec67648ee0
double,prefixed,slice::sort,1,10,20260912,1,,29,9,,0,cf8664ec67648ee0
double,prefixed,slice::sort_unstable,0,10,20260912,1,,29,9,,0,cf8664ec67648ee0
double,prefixed,radsort,1,10,20260912,1,,0,0,71,160,cf8664ec67648ee0
double,prefixed,voracious_stable_sort,1,10,20260912,1,,29,9,1,0,cf8664ec67648ee0
double,prefixed,voracious_sort,0,10,20260912,1,,29,9,1,0,cf8664ec67648ee0
double,prefixed,rdst,0,10,20260912,1,,0,0,184,0,cf8664ec67648ee0
int64,random,brainsort,1,10,20260912,1,,27,12,,0,db2b028a5019404c
int64,random,slice::sort,1,10,20260912,1,,27,12,,0,db2b028a5019404c
int64,random,slice::sort_unstable,0,10,20260912,1,,27,12,,0,db2b028a5019404c
int64,random,radsort,1,10,20260912,1,,0,0,91,160,db2b028a5019404c
int64,random,voracious_stable_sort,1,10,20260912,1,,27,12,1,0,db2b028a5019404c
int64,random,voracious_sort,0,10,20260912,1,,27,12,1,0,db2b028a5019404c
int64,random,rdst,0,10,20260912,1,,0,0,54,0,db2b028a5019404c
int64,sorted,brainsort,1,10,20260912,1,,9,0,,0,c0b09ddf1ee80aa8
int64,sorted,slice::sort,1,10,20260912,1,,9,0,,0,c0b09ddf1ee80aa8
int64,sorted,slice::sort_unstable,0,10,20260912,1,,9,0,,0,c0b09ddf1ee80aa8
int64,sorted,radsort,1,10,20260912,1,,0,0,91,160,c0b09ddf1ee80aa8
int64,sorted,voracious_stable_sort,1,10,20260912,1,,9,0,1,0,c0b09ddf1ee80aa8
int64,sorted,voracious_sort,0,10,20260912,1,,9,0,1,0,c0b09ddf1ee80aa8
int64,sorted,rdst,0,10,20260912,1,,0,0,18,0,c0b09ddf1ee80aa8
int64,reverse,brainsort,1,10,20260912,1,,45,0,,0,784ead557b67f22a
int64,reverse,slice::sort,1,10,20260912,1,,45,0,,0,784ead557b67f22a
int64,reverse,slice::sort_unstable,0,10,20260912,1,,45,0,,0,784ead557b67f22a
int64,reverse,radsort,1,10,20260912,1,,0,0,91,160,784ead557b67f22a
int64,reverse,voracious_stable_sort,1,10,20260912,1,,45,0,1,0,784ead557b67f22a
int64,reverse,voracious_sort,0,10,20260912,1,,45,0,1,0,784ead557b67f22a
int64,reverse,rdst,0,10,20260912,1,,0,0,90,0,784ead557b67f22a
int64,nearly_sorted,brainsort,1,10,20260912,1,,9,0,,0,c0b09ddf1ee80aa8
int64,nearly_sorted,slice::sort,1,10,20260912,1,,9,0,,0,c0b09ddf1ee80aa8
int64,nearly_sorted,slice::sort_unstable,0,10,20260912,1,,9,0,,0,c0b09ddf1ee80aa8
int64,nearly_sorted,radsort,1,10,20260912,1,,0,0,91,160,c0b09ddf1ee80aa8
int64,nearly_sorted,voracious_stable_sort,1,10,20260912,1,,9,0,1,0,c0b09ddf1ee80aa8
int64,nearly_sorted,voracious_sort,0,10,20260912,1,,9,0,1,0,c0b09ddf1ee80aa8
int64,nearly_sorted,rdst,0,10,20260912,1,,0,0,18,0,c0b09ddf1ee80aa8
int64,few_unique,brainsort,1,10,20260912,1,,27,12,,0,40a575197ea25f2a
int64,few_unique,slice::sort,1,10,20260912,1,,27,12,,0,40a575197ea25f2a
int64,few_unique,slice::sort_unstable,0,10,20260912,1,,27,12,,0,40a575197ea25f2a
int64,few_unique,radsort,1,10,20260912,1,,0,0,91,160,40a575197ea25f2a
int64,few_unique,voracious_stable_sort,1,10,20260912,1,,27,12,1,0,40a575197ea25f2a
int64,few_unique,voracious_sort,0,10,20260912,1,,27,12,1,0,40a575197ea25f2a
int64,few_unique,rdst,0,10,20260912,1,,0,0,56,0,40a575197ea25f2a
int64,all_equal,brainsort,1,10,20260912,1,,9,0,,0,c0b09ddf1ee80aa8
int64,all_equal,slice::sort,1,10,20260912,1,,9,0,,0,c0b09ddf1ee80aa8
int64,all_equal,slice::sort_unstable,0,10,20260912,1,,9,0,,0,c0b09ddf1ee80aa8
int64,all_equal,radsort,1,10,20260912,1,,0,0,11,160,c0b09ddf1ee80aa8
int64,all_equal,voracious_stable_sort,1,10,20260912,1,,9,0,1,0,c0b09ddf1ee80aa8
int64,all_equal,voracious_sort,0,10,20260912,1,,9,0,1,0,c0b09ddf1ee80aa8
int64,all_equal,rdst,0,10,20260912,1,,0,0,144,0,c0b09ddf1ee80aa8
int64,runs,brainsort,1,10,20260912,1,,9,0,,0,c0b09ddf1ee80aa8
int64,runs,slice::sort,1,10,20260912,1,,9,0,,0,c0b09ddf1ee80aa8
int64,runs,slice::sort_unstable,0,10,20260912,1,,9,0,,0,c0b09ddf1ee80aa8
int64,runs,radsort,1,10,20260912,1,,0,0,21,160,c0b09ddf1ee80aa8
int64,runs,voracious_stable_sort,1,10,20260912,1,,9,0,1,0,c0b09ddf1ee80aa8
int64,runs,voracious_sort,0,10,20260912,1,,9,0,1,0,c0b09ddf1ee80aa8
int64,runs,rdst,0,10,20260912,1,,0,0,144,0,c0b09ddf1ee80aa8
int64,organ_pipe,brainsort,1,10,20260912,1,,25,8,,0,901f5df8c0caea74
int64,organ_pipe,slice::sort,1,10,20260912,1,,25,8,,0,901f5df8c0caea74
int64,organ_pipe,slice::sort_unstable,0,10,20260912,1,,25,8,,0,901f5df8c0caea74
int64,organ_pipe,radsort,1,10,20260912,1,,0,0,21,160,901f5df8c0caea74
int64,organ_pipe,voracious_stable_sort,1,10,20260912,1,,25,8,1,0,901f5df8c0caea74
int64,organ_pipe,voracious_sort,0,10,20260912,1,,25,8,1,0,901f5df8c0caea74
int64,organ_pipe,rdst,0,10,20260912,1,,0,0,400,0,901f5df8c0caea74
int64,small_range,brainsort,1,10,20260912,1,,28,7,,0,fece0b07ed04e90e
int64,small_range,slice::sort,1,10,20260912,1,,28,7,,0,fece0b07ed04e90e
int64,small_range,slice::sort_unstable,0,10,20260912,1,,28,7,,0,fece0b07ed04e90e
int64,small_range,radsort,1,10,20260912,1,,0,0,21,160,fece0b07ed04e90e
int64,small_range,voracious_stable_sort,1,10,20260912,1,,28,7,1,0,fece0b07ed04e90e
int64,small_range,voracious_sort,0,10,20260912,1,,28,7,1,0,fece0b07ed04e90e
int64,small_range,rdst,0,10,20260912,1,,0,0,448,0,fece0b07ed04e90e
int64,sawtooth,brainsort,1,10,20260912,1,,9,0,,0,c0b09ddf1ee80aa8
int64,sawtooth,slice::sort,1,10,20260912,1,,9,0,,0,c0b09ddf1ee80aa8
int64,sawtooth,slice::sort_unstable,0,10,20260912,1,,9,0,,0,c0b09ddf1ee80aa8
int64,sawtooth,radsort,1,10,20260912,1,,0,0,21,160,c0b09ddf1ee80aa8
int64,sawtooth,voracious_stable_sort,1,10,20260912,1,,9,0,1,0,c0b09ddf1ee80aa8
int64,sawtooth,voracious_sort,0,10,20260912,1,,9,0,1,0,c0b09ddf1ee80aa8
int64,sawtooth,rdst,0,10,20260912,1,,0,0,144,0,c0b09ddf1ee80aa8
int64,prefixed,brainsort,1,10,20260912,1,,29,12,,0,793ba3bc964687c0
int64,prefixed,slice::sort,1,10,20260912,1,,29,12,,0,793ba3bc964687c0
int64,prefixed,slice::sort_unstable,0,10,20260912,1,,29,12,,0,793ba3bc964687c0
int64,prefixed,radsort,1,10,20260912,1,,0,0,41,160,793ba3bc964687c0
int64,prefixed,voracious_stable_sort,1,10,20260912,1,,29,12,1,0,793ba3bc964687c0
int64,prefixed,voracious_sort,0,10,20260912,1,,29,12,1,0,793ba3bc964687c0
int64,prefixed,rdst,0,10,20260912,1,,0,0,352,0,793ba3bc964687c0
string,random,brainsort,1,10,20260912,1,,19,9,,0,5504c7f667961b4c
string,random,slice::sort,1,10,20260912,1,,19,9,,0,5504c7f667961b4c
string,random,slice::sort_unstable,0,10,20260912,1,,19,9,,0,5504c7f667961b4c
string,sorted,brainsort,1,10,20260912,1,,9,0,,0,c0b09ddf1ee80aa8
string,sorted,slice::sort,1,10,20260912,1,,9,0,,0,c0b09ddf1ee80aa8
string,sorted,slice::sort_unstable,0,10,20260912,1,,9,0,,0,c0b09ddf1ee80aa8
string,reverse,brainsort,1,10,20260912,1,,45,0,,0,784ead557b67f22a
string,reverse,slice::sort,1,10,20260912,1,,45,0,,0,784ead557b67f22a
string,reverse,slice::sort_unstable,0,10,20260912,1,,45,0,,0,784ead557b67f22a
string,nearly_sorted,brainsort,1,10,20260912,1,,20,12,,0,01a13a37ff9988b0
string,nearly_sorted,slice::sort,1,10,20260912,1,,20,12,,0,01a13a37ff9988b0
string,nearly_sorted,slice::sort_unstable,0,10,20260912,1,,20,12,,0,01a13a37ff9988b0
string,few_unique,brainsort,1,10,20260912,1,,19,8,,0,79a5b877979764ce
string,few_unique,slice::sort,1,10,20260912,1,,19,8,,0,79a5b877979764ce
string,few_unique,slice::sort_unstable,0,10,20260912,1,,19,8,,0,79a5b877979764ce
string,all_equal,brainsort,1,10,20260912,1,,9,0,,0,c0b09ddf1ee80aa8
string,all_equal,slice::sort,1,10,20260912,1,,9,0,,0,c0b09ddf1ee80aa8
string,all_equal,slice::sort_unstable,0,10,20260912,1,,9,0,,0,c0b09ddf1ee80aa8
string,runs,brainsort,1,10,20260912,1,,9,0,,0,c0b09ddf1ee80aa8
string,runs,slice::sort,1,10,20260912,1,,9,0,,0,c0b09ddf1ee80aa8
string,runs,slice::sort_unstable,0,10,20260912,1,,9,0,,0,c0b09ddf1ee80aa8
string,organ_pipe,brainsort,1,10,20260912,1,,25,8,,0,901f5df8c0caea74
string,organ_pipe,slice::sort,1,10,20260912,1,,25,8,,0,901f5df8c0caea74
string,organ_pipe,slice::sort_unstable,0,10,20260912,1,,25,8,,0,901f5df8c0caea74
string,small_range,brainsort,1,10,20260912,1,,28,7,,0,fece0b07ed04e90e
string,small_range,slice::sort,1,10,20260912,1,,28,7,,0,fece0b07ed04e90e
string,small_range,slice::sort_unstable,0,10,20260912,1,,28,7,,0,fece0b07ed04e90e
string,sawtooth,brainsort,1,10,20260912,1,,9,0,,0,c0b09ddf1ee80aa8
string,sawtooth,slice::sort,1,10,20260912,1,,9,0,,0,c0b09ddf1ee80aa8
string,sawtooth,slice::sort_unstable,0,10,20260912,1,,9,0,,0,c0b09ddf1ee80aa8
string,prefixed,brainsort,1,10,20260912,1,,31,11,,0,84b8cf6b01596dd2
string,prefixed,slice::sort,1,10,20260912,1,,31,11,,0,84b8cf6b01596dd2
string,prefixed,slice::sort_unstable,0,10,20260912,1,,31,11,,0,84b8cf6b01596dd2
int32,random,brainsort,1,100,20260912,1,,99,64,,2880,ddad5fc0a50f475f
int32,random,slice::sort,1,100,20260912,1,,679,272,,0,ddad5fc0a50f475f
int32,random,slice::sort_unstable,0,100,20260912,1,,671,279,,0,ddad5fc0a50f475f
int32,random,radsort,1,100,20260912,1,,0,0,501,800,ddad5fc0a50f475f
int32,random,voracious_stable_sort,1,100,20260912,1,,679,272,1,0,ddad5fc0a50f475f
int32,random,voracious_sort,0,100,20260912,1,,671,279,1,0,ddad5fc0a50f475f
int32,random,rdst,0,100,20260912,1,,0,0,1400,0,ddad5fc0a50f475f
int32,sorted,brainsort,1,100,20260912,1,,99,0,,0,5ca7581a242be567
int32,sorted,slice::sort,1,100,20260912,1,,99,0,,0,5ca7581a242be567
int32,sorted,slice::sort_unstable,0,100,20260912,1,,99,0,,0,5ca7581a242be567
int32,sorted,radsort,1,100,20260912,1,,0,0,501,800,5ca7581a242be567
int32,sorted,voracious_stable_sort,1,100,20260912,1,,99,0,1,0,5ca7581a242be567
int32,sorted,voracious_sort,0,100,20260912,1,,99,0,1,0,5ca7581a242be567
int32,sorted,rdst,0,100,20260912,1,,0,0,242,0,5ca7581a242be567
int32,reverse,brainsort,1,100,20260912,1,,99,0,,0,d9f7fc0466dafddf
int32,reverse,slice::sort,1,100,20260912,1,,99,0,,0,d9f7fc0466dafddf
int32,reverse,slice::sort_unstable,0,100,20260912,1,,99,0,,0,d9f7fc0466dafddf
int32,reverse,radsort,1,100,20260912,1,,0,0,501,800,d9f7fc0466dafddf
int32,reverse,voracious_stable_sort,1,100,20260912,1,,99,0,1,0,d9f7fc0466dafddf
int32,reverse,voracious_sort,0,100,20260912,1,,99,0,1,0,d9f7fc0466dafddf
int32,reverse,rdst,0,100,20260912,1,,0,0,242,0,d9f7fc0466dafddf
int32,nearly_sorted,brainsort,1,100,20260912,1,,258,8,,424,ff7266dbd54f61bf
int32,nearly_sorted,slice::sort,1,100,20260912,1,,621,20,,0,ff7266dbd54f61bf
int32,nearly_sorted,slice::sort_unstable,0,100,20260912,1,,655,66,,0,ff7266dbd54f61bf
int32,nearly_sorted,radsort,1,100,20260912,1,,0,0,501,800,ff7266dbd54f61bf
int32,nearly_sorted,voracious_stable_sort,1,100,20260912,1,,621,20,1,0,ff7266dbd54f61bf
int32,nearly_sorted,voracious_sort,0,100,20260912,1,,655,66,1,0,ff7266dbd54f61bf
int32,nearly_sorted,rdst,0,100,20260912,1,,0,0,1394,0,ff7266dbd54f61bf
int32,few_unique,brainsort,1,100,20260912,1,,99,62,,2880,692731315dd027f3
int32,few_unique,slice::sort,1,100,20260912,1,,695,282,,0,692731315dd027f3
int32,few_unique,slice::sort_unstable,0,100,20260912,1,,657,283,,0,d7c583e9ee3e1011
int32,few_unique,radsort,1,100,20260912,1,,0,0,501,800,692731315dd027f3
int32,few_unique,voracious_stable_sort,1,100,20260912,1,,695,282,1,0,692731315dd027f3
int32,few_unique,voracious_sort,0,100,20260912,1,,657,283,1,0,d7c583e9ee3e1011
int32,few_unique,rdst,0,100,20260912,1,,0,0,1640,0,d7c583e9ee3e1011
int32,all_equal,brainsort,1,100,20260912,1,,99,0,,0,5ca7581a242be567
int32,all_equal,slice::sort,1,100,20260912,1,,99,0,,0,5ca7581a242be567
int32,all_equal,slice::sort_unstable,0,100,20260912,1,,99,0,,0,5ca7581a242be567
int32,all_equal,radsort,1,100,20260912,1,,0,0,101,800,5ca7581a242be567
int32,all_equal,voracious_stable_sort,1,100,20260912,1,,99,0,1,0,5ca7581a242be567
int32,all_equal,voracious_sort,0,100,20260912,1,,99,0,1,0,5ca7581a242be567
int32,all_equal,rdst,0,100,20260912,1,,0,0,792,0,5ca7581a242be567
int32,runs,brainsort,1,100,20260912,1,,99,0,,0,5ca7581a242be567
int32,runs,slice::sort,1,100,20260912,1,,99,0,,0,5ca7581a242be567
int32,runs,slice::sort_unstable,0,100,20260912,1,,99,0,,0,5ca7581a242be567
int32,runs,radsort,1,100,20260912,1,,0,0,301,800,5ca7581a242be567
int32,runs,voracious_stable_sort,1,100,20260912,1,,99,0,1,0,5ca7581a242be567
int32,runs,voracious_sort,0,100,20260912,1,,99,0,1,0,5ca7581a242be567
int32,runs,rdst,0,100,20260912,1,,0,0,788,0,5ca7581a242be567
int32,organ_pipe,brainsort,1,100,20260912,1,,197,98,,424,0f8bf22b09ab4179
int32,organ_pipe,slice::sort,1,100,20260912,1,,484,100,,0,0f8bf22b09ab4179
int32,organ_pipe,slice::sort_unstable,0,100,20260912,1,,748,136,,0,709683c8bd4b1865
int32,organ_pipe,radsort,1,100,20260912,1,,0,0,201,800,0f8bf22b09ab4179
int32,organ_pipe,voracious_stable_sort,1,100,20260912,1,,484,100,1,0,0f8bf22b09ab4179
int32,organ_pipe,voracious_sort,0,100,20260912,1,,748,136,1,0,709683c8bd4b1865
int32,organ_pipe,rdst,0,100,20260912,1,,0,0,5984,0,709683c8bd4b1865
int32,small_range,brainsort,1,100,20260912,1,,99,63,,848,5aceeede6db274fb
int32,small_range,slice::sort,1,100,20260912,1,,532,109,,0,5aceeede6db274fb
int32,small_range,slice::sort_unstable,0,100,20260912,1,,652,99,,0,296752ea3c22e9b7
int32,small_range,radsort,1,100,20260912,1,,0,0,201,800,5aceeede6db274fb
int32,small_range,voracious_stable_sort,1,100,20260912,1,,532,109,1,0,5aceeede6db274fb
int32,small_range,voracious_sort,0,100,20260912,1,,652,99,1,0,296752ea3c22e9b7
int32,small_range,rdst,0,100,20260912,1,,0,0,5216,0,296752ea3c22e9b7
int32,sawtooth,brainsort,1,100,20260912,1,,99,0,,0,5ca7581a242be567
int32,sawtooth,slice::sort,1,100,20260912,1,,99,0,,0,5ca7581a242be567
int32,sawtooth,slice::sort_unstable,0,100,20260912,1,,99,0,,0,5ca7581a242be567
int32,sawtooth,radsort,1,100,20260912,1,,0,0,201,800,5ca7581a242be567
int32,sawtooth,voracious_stable_sort,1,100,20260912,1,,99,0,1,0,5ca7581a242be567
int32,sawtooth,voracious_sort,0,100,20260912,1,,99,0,1,0,5ca7581a242be567
int32,sawtooth,rdst,0,100,20260912,1,,0,0,792,0,5ca7581a242be567
int32,prefixed,brainsort,1,100,20260912,1,,99,64,,1856,a86dc7024ff26051
int32,prefixed,slice::sort,1,100,20260912,1,,660,293,,0,a86dc7024ff26051
int32,prefixed,slice::sort_unstable,0,100,20260912,1,,644,282,,0,a86dc7024ff26051
int32,prefixed,radsort,1,100,20260912,1,,0,0,401,800,a86dc7024ff26051
int32,prefixed,voracious_stable_sort,1,100,20260912,1,,660,293,1,0,a86dc7024ff26051
int32,prefixed,voracious_sort,0,100,20260912,1,,644,282,1,0,a86dc7024ff26051
int32,prefixed,rdst,0,100,20260912,1,,0,0,3044,0,a86dc7024ff26051
int32,sparse_bits,brainsort,1,100,20260912,1,,99,64,,1856,721d357667af97b9
int32,sparse_bits,slice::sort,1,100,20260912,1,,711,276,,0,721d357667af97b9
int32,sparse_bits,slice::sort_unstable,0,100,20260912,1,,663,294,,0,b8121ec77f7feedd
int32,sparse_bits,radsort,1,100,20260912,1,,0,0,301,800,721d357667af97b9
int32,sparse_bits,voracious_stable_sort,1,100,20260912,1,,711,276,1,0,721d357667af97b9
int32,sparse_bits,voracious_sort,0,100,20260912,1,,663,294,1,0,b8121ec77f7feedd
int32,sparse_bits,rdst,0,100,20260912,1,,0,0,2694,0,b8121ec77f7feedd
double,random,brainsort,1,100,20260912,1,,99,67,,3680,9c2d195df67b9b09
double,random,slice::sort,1,100,20260912,1,,677,267,,0,9c2d195df67b9b09
double,random,slice::sort_unstable,0,100,20260912,1,,667,257,,0,9c2d195df67b9b09
double,random,radsort,1,100,20260912,1,,0,0,901,1600,9c2d195df67b9b09
double,random,voracious_stable_sort,1,100,20260912,1,,677,267,1,0,9c2d195df67b9b09
double,random,voracious_sort,0,100,20260912,1,,667,257,1,0,9c2d195df67b9b09
double,random,rdst,0,100,20260912,1,,0,0,2620,0,9c2d195df67b9b09
double,sorted,brainsort,1,100,20260912,1,,99,0,,0,5ca7581a242be567
double,sorted,slice::sort,1,100,20260912,1,,99,0,,0,5ca7581a242be567
double,sorted,slice::sort_unstable,0,100,20260912,1,,99,0,,0,5ca7581a242be567
double,sorted,radsort,1,100,20260912,1,,0,0,901,1600,5ca7581a242be567
double,sorted,voracious_stable_sort,1,100,20260912,1,,99,0,1,0,5ca7581a242be567
double,sorted,voracious_sort,0,100,20260912,1,,99,0,1,0,5ca7581a242be567
double,sorted,rdst,0,100,20260912,1,,0,0,472,0,5ca7581a242be567
double,reverse,brainsort,1,100,20260912,1,,99,0,,0,d9f7fc0466dafddf
double,reverse,slice::sort,1,100,20260912,1,,99,0,,0,d9f7fc0466dafddf
double,reverse,slice::sort_unstable,0,100,20260912,1,,99,0,,0,d9f7fc0466dafddf
double,reverse,radsort,1,100,20260912,1,,0,0,901,1600,d9f7fc0466dafddf
double,reverse,voracious_stable_sort,1,100,20260912,1,,99,0,1,0,d9f7fc0466dafddf
double,reverse,voracious_sort,0,100,20260912,1,,99,0,1,0,d9f7fc0466dafddf
double,reverse,rdst,0,100,20260912,1,,0,0,472,0,d9f7fc0466dafddf
double,nearly_sorted,brainsort,1,100,20260912,1,,258,8,,832,ff7266dbd54f61bf
double,nearly_sorted,slice::sort,1,100,20260912,1,,621,20,,0,ff7266dbd54f61bf
double,nearly_sorted,slice::sort_unstable,0,100,20260912,1,,569,34,,0,ff7266dbd54f61bf
double,nearly_sorted,radsort,1,100,20260912,1,,0,0,901,1600,ff7266dbd54f61bf
double,nearly_sorted,voracious_stable_sort,1,100,20260912,1,,621,20,1,0,ff7266dbd54f61bf
double,nearly_sorted,voracious_sort,0,100,20260912,1,,569,34,1,0,ff7266dbd54f61bf
double,nearly_sorted,rdst,0,100,20260912,1,,0,0,2256,0,ff7266dbd54f61bf
double,few_unique,brainsort,1,100,20260912,1,,99,65,,3680,055a6df00055b73d
double,few_unique,slice::sort,1,100,20260912,1,,714,290,,0,055a6df00055b73d
double,few_unique,slice::sort_unstable,0,100,20260912,1,,673,285,,0,85ecec1bcb791fc1
double,few_unique,radsort,1,100,20260912,1,,0,0,901,1600,055a6df00055b73d
double,few_unique,voracious_stable_sort,1,100,20260912,1,,714,290,1,0,055a6df00055b73d
double,few_unique,voracious_sort,0,100,20260912,1,,673,285,1,0,85ecec1bcb791fc1
double,few_unique,rdst,0,100,20260912,1,,0,0,2960,0,85ecec1bcb791fc1
double,all_equal,brainsort,1,100,20260912,1,,99,0,,0,5ca7581a242be567
double,all_equal,slice::sort,1,100,20260912,1,,99,0,,0,5ca7581a242be567
double,all_equal,slice::sort_unstable,0,100,20260912,1,,99,0,,0,5ca7581a242be567
double,all_equal,radsort,1,100,20260912,1,,0,0,101,1600,5ca7581a242be567
double,all_equal,voracious_stable_sort,1,100,20260912,1,,99,0,1,0,5ca7581a242be567
double,all_equal,voracious_sort,0,100,20260912,1,,99,0,1,0,5ca7581a242be567
double,all_equal,rdst,0,100,20260912,1,,0,0,1584,0,5ca7581a242be567
double,runs,brainsort,1,100,20260912,1,,99,0,,0,5ca7581a242be567
double,runs,slice::sort,1,100,20260912,1,,99,0,,0,5ca7581a242be567
double,runs,slice::sort_unstable,0,100,20260912,1,,99,0,,0,5ca7581a242be567
double,runs,radsort,1,100,20260912,1,,0,0,401,1600,5ca7581a242be567
double,runs,voracious_stable_sort,1,100,20260912,1,,99,0,1,0,5ca7581a242be567
double,runs,voracious_sort,0,100,20260912,1,,99,0,1,0,5ca7581a242be567
double,runs,rdst,0,100,20260912,1,,0,0,702,0,5ca7581a242be567
double,organ_pipe,brainsort,1,100,20260912,1,,197,98,,832,0f8bf22b09ab4179
double,organ_pipe,slice::sort,1,100,20260912,1,,484,100,,0,0f8bf22b09ab4179
double,organ_pipe,slice::sort_unstable,0,100,20260912,1,,729,96,,0,5e7139c8b2c8ba41
double,organ_pipe,radsort,1,100,20260912,1,,0,0,401,1600,0f8bf22b09ab4179
double,organ_pipe,voracious_stable_sort,1,100,20260912,1,,484,100,1,0,0f8bf22b09ab4179
double,organ_pipe,voracious_sort,0,100,20260912,1,,729,96,1,0,5e7139c8b2c8ba41
double,organ_pipe,rdst,0,100,20260912,1,,0,0,3504,0,5e7139c8b2c8ba41
double,small_range,brainsort,1,100,20260912,1,,99,63,,2144,5aceeede6db274fb
double,small_range,slice::sort,1,100,20260912,1,,532,109,,0,5aceeede6db274fb
double,small_range,slice::sort_unstable,0,100,20260912,1,,518,99,,0,296752ea3c22e9b7
double,small_range,radsort,1,100,20260912,1,,0,0,301,1600,5aceeede6db274fb
double,small_range,voracious_stable_sort,1,100,20260912,1,,532,109,1,0,5aceeede6db274fb
double,small_range,voracious_sort,0,100,20260912,1,,518,99,1,0,296752ea3c22e9b7
double,small_range,rdst,0,100,20260912,1,,0,0,6234,0,296752ea3c22e9b7
double,sawtooth,brainsort,1,100,20260912,1,,99,0,,0,5ca7581a242be567
double,sawtooth,slice::sort,1,100,20260912,1,,99,0,,0,5ca7581a242be567
double,sawtooth,slice::sort_unstable,0,100,20260912,1,,99,0,,0,5ca7581a242be567
double,sawtooth,radsort,1,100,20260912,1,,0,0,401,1600,5ca7581a242be567
double,sawtooth,voracious_stable_sort,1,100,20260912,1,,99,0,1,0,5ca7581a242be567
double,sawtooth,voracious_sort,0,100,20260912,1,,99,0,1,0,5ca7581a242be567
double,sawtooth,rdst,0,100,20260912,1,,0,0,478,0,5ca7581a242be567
double,prefixed,brainsort,1,100,20260912,1,,99,67,,3680,9c2d195df67b9b09
double,prefixed,slice::sort,1,100,20260912,1,,677,267,,0,9c2d195df67b9b09
double,prefixed,slice::sort_unstable,0,100,20260912,1,,667,257,,0,9c2d195df67b9b09
double,prefixed,radsort,1,100,20260912,1,,0,0,701,1600,9c2d195df67b9b09
double,prefixed,voracious_stable_sort,1,100,20260912,1,,677,267,1,0,9c2d195df67b9b09
double,prefixed,voracious_sort,0,100,20260912,1,,667,257,1,0,9c2d195df67b9b09
double,prefixed,rdst,0,100,20260912,1,,0,0,4612,0,9c2d195df67b9b09
int64,random,brainsort,1,100,20260912,1,,99,64,,3680,1afafd3ac1450ef9
int64,random,slice::sort,1,100,20260912,1,,754,285,,0,1afafd3ac1450ef9
int64,random,slice::sort_unstable,0,100,20260912,1,,727,283,,0,1afafd3ac1450ef9
int64,random,radsort,1,100,20260912,1,,0,0,901,1600,1afafd3ac1450ef9
int64,random,voracious_stable_sort,1,100,20260912,1,,754,285,1,0,1afafd3ac1450ef9
int64,random,voracious_sort,0,100,20260912,1,,727,283,1,0,1afafd3ac1450ef9
int64,random,rdst,0,100,20260912,1,,0,0,1500,0,1afafd3ac1450ef9
int64,sorted,brainsort,1,100,20260912,1,,99,0,,0,5ca7581a242be567
int64,sorted,slice::sort,1,100,20260912,1,,99,0,,0,5ca7581a242be567
int64,sorted,slice::sort_unstable,0,100,20260912,1,,99,0,,0,5ca7581a242be567
int64,sorted,radsort,1,100,20260912,1,,0,0,901,1600,5ca7581a242be567
int64,sorted,voracious_stable_sort,1,100,20260912,1,,99,0,1,0,5ca7581a242be567
int64,sorted,voracious_sort,0,100,20260912,1,,99,0,1,0,5ca7581a242be567
int64,sorted,rdst,0,100,20260912,1,,0,0,238,0,5ca7581a242be567
int64,reverse,brainsort,1,100,20260912,1,,99,0,,0,d9f7fc0466dafddf
int64,reverse,slice::sort,1,100,20260912,1,,99,0,,0,d9f7fc0466dafddf
int64,reverse,slice::sort_unstable,0,100,20260912,1,,99,0,,0,d9f7fc0466dafddf
int64,reverse,radsort,1,100,20260912,1,,0,0,901,1600,d9f7fc0466dafddf
int64,reverse,voracious_stable_sort,1,100,20260912,1,,99,0,1,0,d9f7fc0466dafddf
int64,reverse,voracious_sort,0,100,20260912,1,,99,0,1,0,d9f7fc0466dafddf
int64,reverse,rdst,0,100,20260912,1,,0,0,238,0,d9f7fc0466dafddf
int64,nearly_sorted,brainsort,1,100,20260912,1,,258,8,,832,ff7266dbd54f61bf
int64,nearly_sorted,slice::sort,1,100,20260912,1,,621,20,,0,ff7266dbd54f61bf
int64,nearly_sorted,slice::sort_unstable,0,100,20260912,1,,569,34,,0,ff7266dbd54f61bf
int64,nearly_sorted,radsort,1,100,20260912,1,,0,0,901,1600,ff7266dbd54f61bf
int64,nearly_sorted,voracious_stable_sort,1,100,20260912,1,,621,20,1,0,ff7266dbd54f61bf
int64,nearly_sorted,voracious_sort,0,100,20260912,1,,569,34,1,0,ff7266dbd54f61bf
int64,nearly_sorted,rdst,0,100,20260912,1,,0,0,1194,0,ff7266dbd54f61bf
int64,few_unique,brainsort,1,100,20260912,1,,99,66,,3680,3feaacebc675ff91
int64,few_unique,slice::sort,1,100,20260912,1,,673,257,,0,3feaacebc675ff91
int64,few_unique,slice::sort_unstable,0,100,20260912,1,,660,276,,0,32a2e65d344456cf
int64,few_unique,radsort,1,100,20260912,1,,0,0,901,1600,3feaacebc675ff91
int64,few_unique,voracious_stable_sort,1,100,20260912,1,,673,257,1,0,3feaacebc675ff91
int64,few_unique,voracious_sort,0,100,20260912,1,,660,276,1,0,32a2e65d344456cf
int64,few_unique,rdst,0,100,20260912,1,,0,0,2024,0,32a2e65d344456cf
int64,all_equal,brainsort,1,100,20260912,1,,99,0,,0,5ca7581a242be567
int64,all_equal,slice::sort,1,100,20260912,1,,99,0,,0,5ca7581a242be567
int64,all_equal,slice::sort_unstable,0,100,20260912,1,,99,0,,0,5ca7581a242be567
int64,all_equal,radsort,1,100,20260912,1,,0,0,101,1600,5ca7581a242be567
int64,all_equal,voracious_stable_sort,1,100,20260912,1,,99,0,1,0,5ca7581a242be567
int64,all_equal,voracious_sort,0,100,20260912,1,,99,0,1,0,5ca7581a242be567
int64,all_equal,rdst,0,100,20260912,1,,0,0,1584,0,5ca7581a242be567
int64,runs,brainsort,1,100,20260912,1,,99,0,,0,5ca7581a242be567
int64,runs,slice::sort,1,100,20260912,1,,99,0,,0,5ca7581a242be567
int64,runs,slice::sort_unstable,0,100,20260912,1,,99,0,,0,5ca7581a242be567
int64,runs,radsort,1,100,20260912,1,,0,0,301,1600,5ca7581a242be567
int64,runs,voracious_stable_sort,1,100,20260912,1,,99,0,1,0,5ca7581a242be567
int64,runs,voracious_sort,0,100,20260912,1,,99,0,1,0,5ca7581a242be567
int64,runs,rdst,0,100,20260912,1,,0,0,1580,0,5ca7581a242be567
int64,organ_pipe,brainsort,1,100,20260912,1,,197,98,,832,0f8bf22b09ab4179
int64,organ_pipe,slice::sort,1,100,20260912,1,,484,100,,0,0f8bf22b09ab4179
int64,organ_pipe,slice::sort_unstable,0,100,20260912,1,,729,96,,0,5e7139c8b2c8ba41
int64,organ_pipe,radsort,1,100,20260912,1,,0,0,201,1600,0f8bf22b09ab4179
int64,organ_pipe,voracious_stable_sort,1,100,20260912,1,,484,100,1,0,0f8bf22b09ab4179
int64,organ_pipe,voracious_sort,0,100,20260912,1,,729,96,1,0,5e7139c8b2c8ba41
int64,organ_pipe,rdst,0,100,20260912,1,,0,0,11664,0,5e7139c8b2c8ba41
int64,small_range,brainsort,1,100,20260912,1,,99,63,,1648,5aceeede6db274fb
int64,small_range,slice::sort,1,100,20260912,1,,532,109,,0,5aceeede6db274fb
int64,small_range,slice::sort_unstable,0,100,20260912,1,,518,99,,0,296752ea3c22e9b7
int64,small_range,radsort,1,100,20260912,1,,0,0,201,1600,5aceeede6db274fb
int64,small_range,voracious_stable_sort,1,100,20260912,1,,532,109,1,0,5aceeede6db274fb
int64,small_range,voracious_sort,0,100,20260912,1,,518,99,1,0,296752ea3c22e9b7
int64,small_range,rdst,0,100,20260912,1,,0,0,8288,0,296752ea3c22e9b7
int64,sawtooth,brainsort,1,100,20260912,1,,99,0,,0,5ca7581a242be567
int64,sawtooth,slice::sort,1,100,20260912,1,,99,0,,0,5ca7581a242be567
int64,sawtooth,slice::sort_unstable,0,100,20260912,1,,99,0,,0,5ca7581a242be567
int64,sawtooth,radsort,1,100,20260912,1,,0,0,201,1600,5ca7581a242be567
int64,sawtooth,voracious_stable_sort,1,100,20260912,1,,99,0,1,0,5ca7581a242be567
int64,sawtooth,voracious_sort,0,100,20260912,1,,99,0,1,0,5ca7581a242be567
int64,sawtooth,rdst,0,100,20260912,1,,0,0,1584,0,5ca7581a242be567
int64,prefixed,brainsort,1,100,20260912,1,,99,64,,2656,a86dc7024ff26051
int64,prefixed,slice::sort,1,100,20260912,1,,660,293,,0,a86dc7024ff26051
int64,prefixed,slice::sort_unstable,0,100,20260912,1,,632,256,,0,a86dc7024ff26051
int64,prefixed,radsort,1,100,20260912,1,,0,0,401,1600,a86dc7024ff26051
int64,prefixed,voracious_stable_sort,1,100,20260912,1,,660,293,1,0,a86dc7024ff26051
int64,prefixed,voracious_sort,0,100,20260912,1,,632,256,1,0,a86dc7024ff26051
int64,prefixed,rdst,0,100,20260912,1,,0,0,8024,0,a86dc7024ff26051
string,random,brainsort,1,100,20260912,1,,99,63,,3680,31d6cc0d1712f10f
string,random,slice::sort,1,100,20260912,1,,718,256,,0,31d6cc0d1712f10f
string,random,slice::sort_unstable,0,100,20260912,1,,700,258,,0,31d6cc0d1712f10f
string,sorted,brainsort,1,100,20260912,1,,99,0,,0,5ca7581a242be567
string,sorted,slice::sort,1,100,20260912,1,,99,0,,0,5ca7581a242be567
string,sorted,slice::sort_unstable,0,100,20260912,1,,99,0,,0,5ca7581a242be567
string,reverse,brainsort,1,100,20260912,1,,99,0,,0,d9f7fc0466dafddf
string,reverse,slice::sort,1,100,20260912,1,,99,0,,0,d9f7fc0466dafddf
string,reverse,slice::sort_unstable,0,100,20260912,1,,99,0,,0,d9f7fc0466dafddf
string,nearly_sorted,brainsort,1,100,20260912,1,,145,8,,832,52e6e5debbcd28d5
string,nearly_sorted,slice::sort,1,100,20260912,1,,316,20,,0,52e6e5debbcd28d5
string,nearly_sorted,slice::sort_unstable,0,100,20260912,1,,552,28,,0,52e6e5debbcd28d5
string,few_unique,brainsort,1,100,20260912,1,,120,64,,3680,3ffa74371191bc55
string,few_unique,slice::sort,1,100,20260912,1,,688,274,,0,3ffa74371191bc55
string,few_unique,slice::sort_unstable,0,100,20260912,1,,630,287,,0,125197a9112ad30f
string,all_equal,brainsort,1,100,20260912,1,,99,0,,0,5ca7581a242be567
string,all_equal,slice::sort,1,100,20260912,1,,99,0,,0,5ca7581a242be567
string,all_equal,slice::sort_unstable,0,100,20260912,1,,99,0,,0,5ca7581a242be567
string,runs,brainsort,1,100,20260912,1,,99,0,,0,5ca7581a242be567
string,runs,slice::sort,1,100,20260912,1,,99,0,,0,5ca7581a242be567
string,runs,slice::sort_unstable,0,100,20260912,1,,99,0,,0,5ca7581a242be567
string,organ_pipe,brainsort,1,100,20260912,1,,197,98,,832,0f8bf22b09ab4179
string,organ_pipe,slice::sort,1,100,20260912,1,,484,100,,0,0f8bf22b09ab4179
string,organ_pipe,slice::sort_unstable,0,100,20260912,1,,729,96,,0,5e7139c8b2c8ba41
string,small_range,brainsort,1,100,20260912,1,,99,63,,1696,5aceeede6db274fb
string,small_range,slice::sort,1,100,20260912,1,,532,109,,0,5aceeede6db274fb
string,small_range,slice::sort_unstable,0,100,20260912,1,,518,99,,0,296752ea3c22e9b7
string,sawtooth,brainsort,1,100,20260912,1,,99,0,,0,5ca7581a242be567
string,sawtooth,slice::sort,1,100,20260912,1,,99,0,,0,5ca7581a242be567
string,sawtooth,slice::sort_unstable,0,100,20260912,1,,99,0,,0,5ca7581a242be567
string,prefixed,brainsort,1,100,20260912,1,,99,59,,2656,6ae6ad717440b061
string,prefixed,slice::sort,1,100,20260912,1,,688,289,,0,6ae6ad717440b061
string,prefixed,slice::sort_unstable,0,100,20260912,1,,744,274,,0,6ae6ad717440b061
int32,random,brainsort,1,1000,20260912,1,,999,635,,10080,ef5509db490a4b43
int32,random,slice::sort,1,1000,20260912,1,,10746,4571,,8000,ef5509db490a4b43
int32,random,slice::sort_unstable,0,1000,20260912,1,,10577,4557,,0,ef5509db490a4b43
int32,random,radsort,1,1000,20260912,1,,0,0,5001,8000,ef5509db490a4b43
int32,random,voracious_stable_sort,1,1000,20260912,1,,104,42,19019,26552,ef5509db490a4b43
int32,random,voracious_sort,0,1000,20260912,1,,104,42,19019,26552,ef5509db490a4b43
int32,random,rdst,0,1000,20260912,1,,0,0,8004,8032,ef5509db490a4b43
int32,sorted,brainsort,1,1000,20260912,1,,999,0,,0,9e2d4968de3331c3
int32,sorted,slice::sort,1,1000,20260912,1,,999,0,,8000,9e2d4968de3331c3
int32,sorted,slice::sort_unstable,0,1000,20260912,1,,999,0,,0,9e2d4968de3331c3
int32,sorted,radsort,1,1000,20260912,1,,0,0,5001,8000,9e2d4968de3331c3
int32,sorted,voracious_stable_sort,1,1000,20260912,1,,1003,0,1,32,9e2d4968de3331c3
int32,sorted,voracious_sort,0,1000,20260912,1,,1003,0,1,32,9e2d4968de3331c3
int32,sorted,rdst,0,1000,20260912,1,,0,0,2507,0,9e2d4968de3331c3
int32,reverse,brainsort,1,1000,20260912,1,,999,0,,0,441501082ff4231b
int32,reverse,slice::sort,1,1000,20260912,1,,999,0,,8000,441501082ff4231b
int32,reverse,slice::sort_unstable,0,1000,20260912,1,,999,0,,0,441501082ff4231b
int32,reverse,radsort,1,1000,20260912,1,,0,0,5001,8000,441501082ff4231b
int32,reverse,voracious_stable_sort,1,1000,20260912,1,,1005,0,1,32,441501082ff4231b
int32,reverse,voracious_sort,0,1000,20260912,1,,1005,0,1,32,441501082ff4231b
int32,reverse,rdst,0,1000,20260912,1,,0,0,8004,8032,441501082ff4231b
int32,nearly_sorted,brainsort,1,1000,20260912,1,,2986,145,,2168,47a5d251876696c7
int32,nearly_sorted,slice::sort,1,1000,20260912,1,,6582,222,,8000,47a5d251876696c7
int32,nearly_sorted,slice::sort_unstable,0,1000,20260912,1,,10063,1350,,0,47a5d251876696c7
int32,nearly_sorted,radsort,1,1000,20260912,1,,0,0,5001,8000,47a5d251876696c7
int32,nearly_sorted,voracious_stable_sort,1,1000,20260912,1,,4366,105,3173,19936,47a5d251876696c7
int32,nearly_sorted,voracious_sort,0,1000,20260912,1,,5043,253,3173,19936,47a5d251876696c7
int32,nearly_sorted,rdst,0,1000,20260912,1,,0,0,8004,8032,47a5d251876696c7
int32,few_unique,brainsort,1,1000,20260912,1,,999,655,,10080,4f78a205ddde3189
int32,few_unique,slice::sort,1,1000,20260912,1,,9768,3910,,8000,4f78a205ddde3189
int32,few_unique,slice::sort_unstable,0,1000,20260912,1,,9977,3748,,0,5d3f0d703a290225
int32,few_unique,radsort,1,1000,20260912,1,,0,0,5001,8000,4f78a205ddde3189
int32,few_unique,voracious_stable_sort,1,1000,20260912,1,,96,44,19019,26552,4f78a205ddde3189
int32,few_unique,voracious_sort,0,1000,20260912,1,,96,44,19019,26552,4f78a205ddde3189
int32,few_unique,rdst,0,1000,20260912,1,,0,0,8004,8032,4f78a205ddde3189
int32,all_equal,brainsort,1,1000,20260912,1,,999,0,,0,9e2d4968de3331c3
int32,all_equal,slice::sort,1,1000,20260912,1,,999,0,,8000,9e2d4968de3331c3
int32,all_equal,slice::sort_unstable,0,1000,20260912,1,,999,0,,0,9e2d4968de3331c3
int32,all_equal,radsort,1,1000,20260912,1,,0,0,1001,8000,9e2d4968de3331c3
int32,all_equal,voracious_stable_sort,1,1000,20260912,1,,4,0,1,32,9e2d4968de3331c3
int32,all_equal,voracious_sort,0,1000,20260912,1,,4,0,1,32,9e2d4968de3331c3
int32,all_equal,rdst,0,1000,20260912,1,,0,0,4004,0,9e2d4968de3331c3
int32,runs,brainsort,1,1000,20260912,1,,999,0,,0,9e2d4968de3331c3
int32,runs,slice::sort,1,1000,20260912,1,,999,0,,8000,9e2d4968de3331c3
int32,runs,slice::sort_unstable,0,1000,20260912,1,,999,0,,0,9e2d4968de3331c3
int32,runs,radsort,1,1000,20260912,1,,0,0,3001,8000,9e2d4968de3331c3
int32,runs,voracious_stable_sort,1,1000,20260912,1,,1004,151,1,32,9e2d4968de3331c3
int32,runs,voracious_sort,0,1000,20260912,1,,1004,151,1,32,9e2d4968de3331c3
int32,runs,rdst,0,1000,20260912,1,,0,0,4961,0,9e2d4968de3331c3
int32,organ_pipe,brainsort,1,1000,20260912,1,,1997,998,,4024,da4bca05f8b355a7
int32,organ_pipe,slice::sort,1,1000,20260912,1,,1997,998,,8000,da4bca05f8b355a7
int32,organ_pipe,slice::sort_unstable,0,1000,20260912,1,,11445,1844,,0,0a6a58fa014a9247
int32,organ_pipe,radsort,1,1000,20260912,1,,0,0,3001,8000,da4bca05f8b355a7
int32,organ_pipe,voracious_stable_sort,1,1000,20260912,1,,2010,999,1,4024,da4bca05f8b355a7
int32,organ_pipe,voracious_sort,0,1000,20260912,1,,2010,999,1,4024,da4bca05f8b355a7
int32,organ_pipe,rdst,0,1000,20260912,1,,0,0,6006,8016,da4bca05f8b355a7
int32,small_range,brainsort,1,1000,20260912,1,,999,641,,8048,99415f7d7af75131
int32,small_range,slice::sort,1,1000,20260912,1,,3650,1053,,8000,99415f7d7af75131
int32,small_range,slice::sort_unstable,0,1000,20260912,1,,3659,1043,,0,8a9a78a56b5e140f
int32,small_range,radsort,1,1000,20260912,1,,0,0,2001,8000,99415f7d7af75131
int32,small_range,voracious_stable_sort,1,1000,20260912,1,,105,50,10013,26552,99415f7d7af75131
int32,small_range,voracious_sort,0,1000,20260912,1,,105,50,10013,26552,99415f7d7af75131
int32,small_range,rdst,0,1000,20260912,1,,0,0,5005,8008,99415f7d7af75131
int32,sawtooth,brainsort,1,1000,20260912,1,,999,0,,0,9e2d4968de3331c3
int32,sawtooth,slice::sort,1,1000,20260912,1,,999,0,,8000,9e2d4968de3331c3
int32,sawtooth,slice::sort_unstable,0,1000,20260912,1,,999,0,,0,9e2d4968de3331c3
int32,sawtooth,radsort,1,1000,20260912,1,,0,0,3001,8000,9e2d4968de3331c3
int32,sawtooth,voracious_stable_sort,1,1000,20260912,1,,1003,0,1,32,9e2d4968de3331c3
int32,sawtooth,voracious_sort,0,1000,20260912,1,,1003,0,1,32,9e2d4968de3331c3
int32,sawtooth,rdst,0,1000,20260912,1,,0,0,4007,0,9e2d4968de3331c3
int32,prefixed,brainsort,1,1000,20260912,1,,999,675,,9056,fe584dae9ed833e1
int32,prefixed,slice::sort,1,1000,20260912,1,,10648,4411,,8000,fe584dae9ed833e1
int32,prefixed,slice::sort_unstable,0,1000,20260912,1,,10373,4641,,0,fe584dae9ed833e1
int32,prefixed,radsort,1,1000,20260912,1,,0,0,4001,8000,fe584dae9ed833e1
int32,prefixed,voracious_stable_sort,1,1000,20260912,1,,97,52,16017,26552,fe584dae9ed833e1
int32,prefixed,voracious_sort,0,1000,20260912,1,,97,52,16017,26552,fe584dae9ed833e1
int32,prefixed,rdst,0,1000,20260912,1,,0,0,7005,8024,fe584dae9ed833e1
int32,sparse_bits,brainsort,1,1000,20260912,1,,999,672,,9056,9d73ce98e1bbf9ad
int32,sparse_bits,slice::sort,1,1000,20260912,1,,10518,4400,,8000,9d73ce98e1bbf9ad
int32,sparse_bits,slice::sort_unstable,0,1000,20260912,1,,10401,4288,,0,cea52b44e600c6ab
int32,sparse_bits,radsort,1,1000,20260912,1,,0,0,3001,8000,9d73ce98e1bbf9ad
int32,sparse_bits,voracious_stable_sort,1,1000,20260912,1,,97,40,13015,26552,9d73ce98e1bbf9ad
int32,sparse_bits,voracious_sort,0,1000,20260912,1,,97,40,13015,26552,9d73ce98e1bbf9ad
int32,sparse_bits,rdst,0,1000,20260912,1,,0,0,6005,8032,9d73ce98e1bbf9ad
double,random,brainsort,1,1000,20260912,1,,999,670,,18080,cc7c7c61ec539899
double,random,slice::sort,1,1000,20260912,1,,10670,4510,,16000,cc7c7c61ec539899
double,random,slice::sort_unstable,0,1000,20260912,1,,10296,4289,,0,cc7c7c61ec539899
double,random,radsort,1,1000,20260912,1,,0,0,9001,16000,cc7c7c61ec539899
double,random,voracious_stable_sort,1,1000,20260912,1,,4041,1393,12234,39576,cc7c7c61ec539899
double,random,voracious_sort,0,1000,20260912,1,,1764,390,15888,31872,cc7c7c61ec539899
double,random,rdst,0,1000,20260912,1,,0,0,16004,16064,cc7c7c61ec539899
double,sorted,brainsort,1,1000,20260912,1,,999,0,,0,9e2d4968de3331c3
double,sorted,slice::sort,1,1000,20260912,1,,999,0,,16000,9e2d4968de3331c3
double,sorted,slice::sort_unstable,0,1000,20260912,1,,999,0,,0,9e2d4968de3331c3
double,sorted,radsort,1,1000,20260912,1,,0,0,9001,16000,9e2d4968de3331c3
double,sorted,voracious_stable_sort,1,1000,20260912,1,,1003,0,1,32,9e2d4968de3331c3
double,sorted,voracious_sort,0,1000,20260912,1,,1003,0,1,32,9e2d4968de3331c3
double,sorted,rdst,0,1000,20260912,1,,0,0,3829,0,9e2d4968de3331c3
double,reverse,brainsort,1,1000,20260912,1,,999,0,,0,441501082ff4231b
double,reverse,slice::sort,1,1000,20260912,1,,999,0,,16000,441501082ff4231b
double,reverse,slice::sort_unstable,0,1000,20260912,1,,999,0,,0,441501082ff4231b
double,reverse,radsort,1,1000,20260912,1,,0,0,9001,16000,441501082ff4231b
double,reverse,voracious_stable_sort,1,1000,20260912,1,,1005,0,1,32,441501082ff4231b
double,reverse,voracious_sort,0,1000,20260912,1,,1005,0,1,32,441501082ff4231b
double,reverse,rdst,0,1000,20260912,1,,0,0,16004,16064,441501082ff4231b
double,nearly_sorted,brainsort,1,1000,20260912,1,,2986,145,,3176,47a5d251876696c7
double,nearly_sorted,slice::sort,1,1000,20260912,1,,6582,222,,16000,47a5d251876696c7
double,nearly_sorted,slice::sort_unstable,0,1000,20260912,1,,9593,1008,,0,47a5d251876696c7
double,nearly_sorted,radsort,1,1000,20260912,1,,0,0,9001,16000,47a5d251876696c7
double,nearly_sorted,voracious_stable_sort,1,1000,20260912,1,,4523,121,2163,23224,47a5d251876696c7
double,nearly_sorted,voracious_sort,0,1000,20260912,1,,6004,347,1217,16456,47a5d251876696c7
double,nearly_sorted,rdst,0,1000,20260912,1,,0,0,16004,16064,47a5d251876696c7
double,few_unique,brainsort,1,1000,20260912,1,,999,656,,18080,d3befadb9de83b33
double,few_unique,slice::sort,1,1000,20260912,1,,9655,3806,,16000,d3befadb9de83b33
double,few_unique,slice::sort_unstable,0,1000,20260912,1,,9475,3824,,0,33386ed439b25aeb
double,few_unique,radsort,1,1000,20260912,1,,0,0,9001,16000,d3befadb9de83b33
double,few_unique,voracious_stable_sort,1,1000,20260912,1,,3433,1051,12612,40680,d3befadb9de83b33
double,few_unique,voracious_sort,0,1000,20260912,1,,1357,335,16447,32976,8b007a814ec4c64f
double,few_unique,rdst,0,1000,20260912,1,,0,0,16004,16064,d3befadb9de83b33
double,all_equal,brainsort,1,1000,20260912,1,,999,0,,0,9e2d4968de3331c3
double,all_equal,slice::sort,1,1000,20260912,1,,999,0,,16000,9e2d4968de3331c3
double,all_equal,slice::sort_unstable,0,1000,20260912,1,,999,0,,0,9e2d4968de3331c3
double,all_equal,radsort,1,1000,20260912,1,,0,0,1001,16000,9e2d4968de3331c3
double,all_equal,voracious_stable_sort,1,1000,20260912,1,,4,0,1,32,9e2d4968de3331c3
double,all_equal,voracious_sort,0,1000,20260912,1,,4,0,1,32,9e2d4968de3331c3
double,all_equal,rdst,0,1000,20260912,1,,0,0,8008,0,9e2d4968de3331c3
double,runs,brainsort,1,1000,20260912,1,,999,0,,0,9e2d4968de3331c3
double,runs,slice::sort,1,1000,20260912,1,,999,0,,16000,9e2d4968de3331c3
double,runs,slice::sort_unstable,0,1000,20260912,1,,999,0,,0,9e2d4968de3331c3
double,runs,radsort,1,1000,20260912,1,,0,0,4001,16000,9e2d4968de3331c3
double,runs,voracious_stable_sort,1,1000,20260912,1,,1004,151,1,32,9e2d4968de3331c3
double,runs,voracious_sort,0,1000,20260912,1,,1004,151,1,32,9e2d4968de3331c3
double,runs,rdst,0,1000,20260912,1,,0,0,4318,0,9e2d4968de3331c3
double,organ_pipe,brainsort,1,1000,20260912,1,,1997,998,,8032,da4bca05f8b355a7
double,organ_pipe,slice::sort,1,1000,20260912,1,,1997,998,,16000,da4bca05f8b355a7
double,organ_pipe,slice::sort_unstable,0,1000,20260912,1,,11147,1381,,0,f7dc0c3b96ce47fb
double,organ_pipe,radsort,1,1000,20260912,1,,0,0,4001,16000,da4bca05f8b355a7
double,organ_pipe,voracious_stable_sort,1,1000,20260912,1,,2010,999,1,8016,da4bca05f8b355a7
double,organ_pipe,voracious_sort,0,1000,20260912,1,,2010,999,1,8016,da4bca05f8b355a7
double,organ_pipe,rdst,0,1000,20260912,1,,0,0,11009,16064,da4bca05f8b355a7
double,small_range,brainsort,1,1000,20260912,1,,999,641,,16544,99415f7d7af75131
double,small_range,slice::sort,1,1000,20260912,1,,3650,1053,,16000,99415f7d7af75131
double,small_range,slice::sort_unstable,0,1000,20260912,1,,3659,1043,,0,8a9a78a56b5e140f
double,small_range,radsort,1,1000,20260912,1,,0,0,3001,16000,99415f7d7af75131
double,small_range,voracious_stable_sort,1,1000,20260912,1,,105,50,49086,117664,99415f7d7af75131
double,small_range,voracious_sort,0,1000,20260912,1,,849,57,12429,36496,c9531b2ff602bb3d
double,small_range,rdst,0,1000,20260912,1,,0,0,10010,16064,99415f7d7af75131
double,sawtooth,brainsort,1,1000,20260912,1,,999,0,,0,9e2d4968de3331c3
double,sawtooth,slice::sort,1,1000,20260912,1,,999,0,,16000,9e2d4968de3331c3
double,sawtooth,slice::sort_unstable,0,1000,20260912,1,,999,0,,0,9e2d4968de3331c3
double,sawtooth,radsort,1,1000,20260912,1,,0,0,4001,16000,9e2d4968de3331c3
double,sawtooth,voracious_stable_sort,1,1000,20260912,1,,1003,0,1,32,9e2d4968de3331c3
double,sawtooth,voracious_sort,0,1000,20260912,1,,1003,0,1,32,9e2d4968de3331c3
double,sawtooth,rdst,0,1000,20260912,1,,0,0,3782,0,9e2d4968de3331c3
double,prefixed,brainsort,1,1000,20260912,1,,999,670,,20128,cc7c7c61ec539899
double,prefixed,slice::sort,1,1000,20260912,1,,10670,4510,,16000,cc7c7c61ec539899
double,prefixed,slice::sort_unstable,0,1000,20260912,1,,10296,4289,,0,cc7c7c61ec539899
double,prefixed,radsort,1,1000,20260912,1,,0,0,7001,16000,cc7c7c61ec539899
double,prefixed,voracious_stable_sort,1,1000,20260912,1,,2565,1060,23013,84912,cc7c7c61ec539899
double,prefixed,voracious_sort,0,1000,20260912,1,,10817,3255,11527,40704,cc7c7c61ec539899
double,prefixed,rdst,0,1000,20260912,1,,0,0,14006,16048,cc7c7c61ec539899
int64,random,brainsort,1,1000,20260912,1,,999,652,,18080,6b6c88e84225c7c5
int64,random,slice::sort,1,1000,20260912,1,,10571,4497,,16000,6b6c88e84225c7c5
int64,random,slice::sort_unstable,0,1000,20260912,1,,9910,4277,,0,6b6c88e84225c7c5
int64,random,radsort,1,1000,20260912,1,,0,0,9001,16000,6b6c88e84225c7c5
int64,random,voracious_stable_sort,1,1000,20260912,1,,1593,741,7008,24208,6b6c88e84225c7c5
int64,random,voracious_sort,0,1000,20260912,1,,1593,741,7008,24208,6b6c88e84225c7c5
int64,random,rdst,0,1000,20260912,1,,0,0,16004,16064,6b6c88e84225c7c5
int64,sorted,brainsort,1,1000,20260912,1,,999,0,,0,9e2d4968de3331c3
int64,sorted,slice::sort,1,1000,20260912,1,,999,0,,16000,9e2d4968de3331c3
int64,sorted,slice::sort_unstable,0,1000,20260912,1,,999,0,,0,9e2d4968de3331c3
int64,sorted,radsort,1,1000,20260912,1,,0,0,9001,16000,9e2d4968de3331c3
int64,sorted,voracious_stable_sort,1,1000,20260912,1,,1003,0,1,32,9e2d4968de3331c3
int64,sorted,voracious_sort,0,1000,20260912,1,,1003,0,1,32,9e2d4968de3331c3
int64,sorted,rdst,0,1000,20260912,1,,0,0,2523,0,9e2d4968de3331c3
int64,reverse,brainsort,1,1000,20260912,1,,999,0,,0,441501082ff4231b
int64,reverse,slice::sort,1,1000,20260912,1,,999,0,,16000,441501082ff4231b
int64,reverse,slice::sort_unstable,0,1000,20260912,1,,999,0,,0,441501082ff4231b
int64,reverse,radsort,1,1000,20260912,1,,0,0,9001,16000,441501082ff4231b
int64,reverse,voracious_stable_sort,1,1000,20260912,1,,1005,0,1,32,441501082ff4231b
int64,reverse,voracious_sort,0,1000,20260912,1,,1005,0,1,32,441501082ff4231b
int64,reverse,rdst,0,1000,20260912,1,,0,0,16004,16064,441501082ff4231b
int64,nearly_sorted,brainsort,1,1000,20260912,1,,2986,145,,3176,47a5d251876696c7
int64,nearly_sorted,slice::sort,1,1000,20260912,1,,6582,222,,16000,47a5d251876696c7
int64,nearly_sorted,slice::sort_unstable,0,1000,20260912,1,,9593,1008,,0,47a5d251876696c7
int64,nearly_sorted,radsort,1,1000,20260912,1,,0,0,9001,16000,47a5d251876696c7
int64,nearly_sorted,voracious_stable_sort,1,1000,20260912,1,,4491,109,1170,12368,47a5d251876696c7
int64,nearly_sorted,voracious_sort,0,1000,20260912,1,,5055,211,1170,12368,47a5d251876696c7
int64,nearly_sorted,rdst,0,1000,20260912,1,,0,0,16004,16064,47a5d251876696c7
int64,few_unique,brainsort,1,1000,20260912,1,,999,672,,18080,7d3fd0c961a21cd3
int64,few_unique,slice::sort,1,1000,20260912,1,,10031,3734,,16000,7d3fd0c961a21cd3
int64,few_unique,slice::sort_unstable,0,1000,20260912,1,,9574,3862,,0,b7095c809ae52b51
int64,few_unique,radsort,1,1000,20260912,1,,0,0,9001,16000,7d3fd0c961a21cd3
int64,few_unique,voracious_stable_sort,1,1000,20260912,1,,2095,470,7008,24208,7d3fd0c961a21cd3
int64,few_unique,voracious_sort,0,1000,20260912,1,,2065,438,7008,24208,e3dc130875426e1d
int64,few_unique,rdst,0,1000,20260912,1,,0,0,16004,16064,7d3fd0c961a21cd3
int64,all_equal,brainsort,1,1000,20260912,1,,999,0,,0,9e2d4968de3331c3
int64,all_equal,slice::sort,1,1000,20260912,1,,999,0,,16000,9e2d4968de3331c3
int64,all_equal,slice::sort_unstable,0,1000,20260912,1,,999,0,,0,9e2d4968de3331c3
int64,all_equal,radsort,1,1000,20260912,1,,0,0,1001,16000,9e2d4968de3331c3
int64,all_equal,voracious_stable_sort,1,1000,20260912,1,,4,0,1,32,9e2d4968de3331c3
int64,all_equal,voracious_sort,0,1000,20260912,1,,4,0,1,32,9e2d4968de3331c3
int64,all_equal,rdst,0,1000,20260912,1,,0,0,8008,0,9e2d4968de3331c3
int64,runs,brainsort,1,1000,20260912,1,,999,0,,0,9e2d4968de3331c3
int64,runs,slice::sort,1,1000,20260912,1,,999,0,,16000,9e2d4968de3331c3
int64,runs,slice::sort_unstable,0,1000,20260912,1,,999,0,,0,9e2d4968de3331c3
int64,runs,radsort,1,1000,20260912,1,,0,0,3001,16000,9e2d4968de3331c3
int64,runs,voracious_stable_sort,1,1000,20260912,1,,1004,151,1,32,9e2d4968de3331c3
int64,runs,voracious_sort,0,1000,20260912,1,,1004,151,1,32,9e2d4968de3331c3
int64,runs,rdst,0,1000,20260912,1,,0,0,8965,0,9e2d4968de3331c3
int64,organ_pipe,brainsort,1,1000,20260912,1,,1997,998,,8032,da4bca05f8b355a7
int64,organ_pipe,slice::sort,1,1000,20260912,1,,1997,998,,16000,da4bca05f8b355a7
int64,organ_pipe,slice::sort_unstable,0,1000,20260912,1,,11147,1381,,0,f7dc0c3b96ce47fb
int64,organ_pipe,radsort,1,1000,20260912,1,,0,0,3001,16000,da4bca05f8b355a7
int64,organ_pipe,voracious_stable_sort,1,1000,20260912,1,,2010,999,1,8016,da4bca05f8b355a7
int64,organ_pipe,voracious_sort,0,1000,20260912,1,,2010,999,1,8016,da4bca05f8b355a7
int64,organ_pipe,rdst,0,1000,20260912,1,,0,0,10010,16016,da4bca05f8b355a7
int64,small_range,brainsort,1,1000,20260912,1,,999,641,,16048,99415f7d7af75131
int64,small_range,slice::sort,1,1000,20260912,1,,3650,1053,,16000,99415f7d7af75131
int64,small_range,slice::sort_unstable,0,1000,20260912,1,,3659,1043,,0,8a9a78a56b5e140f
int64,small_range,radsort,1,1000,20260912,1,,0,0,2001,16000,99415f7d7af75131
int64,small_range,voracious_stable_sort,1,1000,20260912,1,,105,50,49029,193608,99415f7d7af75131
int64,small_range,voracious_sort,0,1000,20260912,1,,105,50,49029,193608,99415f7d7af75131
int64,small_range,rdst,0,1000,20260912,1,,0,0,9009,16008,99415f7d7af75131
int64,sawtooth,brainsort,1,1000,20260912,1,,999,0,,0,9e2d4968de3331c3
int64,sawtooth,slice::sort,1,1000,20260912,1,,999,0,,16000,9e2d4968de3331c3
int64,sawtooth,slice::sort_unstable,0,1000,20260912,1,,999,0,,0,9e2d4968de3331c3
int64,sawtooth,radsort,1,1000,20260912,1,,0,0,3001,16000,9e2d4968de3331c3
int64,sawtooth,voracious_stable_sort,1,1000,20260912,1,,1003,0,1,32,9e2d4968de3331c3
int64,sawtooth,voracious_sort,0,1000,20260912,1,,1003,0,1,32,9e2d4968de3331c3
int64,sawtooth,rdst,0,1000,20260912,1,,0,0,8011,0,9e2d4968de3331c3
int64,prefixed,brainsort,1,1000,20260912,1,,999,675,,17056,fe584dae9ed833e1
int64,prefixed,slice::sort,1,1000,20260912,1,,10648,4411,,16000,fe584dae9ed833e1
int64,prefixed,slice::sort_unstable,0,1000,20260912,1,,10297,4391,,0,fe584dae9ed833e1
int64,prefixed,radsort,1,1000,20260912,1,,0,0,4001,16000,fe584dae9ed833e1
int64,prefixed,voracious_stable_sort,1,1000,20260912,1,,6477,2518,37023,145208,fe584dae9ed833e1
int64,prefixed,voracious_sort,0,1000,20260912,1,,6085,2424,37023,145208,fe584dae9ed833e1
int64,prefixed,rdst,0,1000,20260912,1,,0,0,11009,16024,fe584dae9ed833e1
string,random,brainsort,1,1000,20260912,1,,999,667,,18080,86ddf9f40fc07ca7
string,random,slice::sort,1,1000,20260912,1,,10600,4500,,16000,86ddf9f40fc07ca7
string,random,slice::sort_unstable,0,1000,20260912,1,,10275,4293,,0,86ddf9f40fc07ca7
string,sorted,brainsort,1,1000,20260912,1,,999,0,,0,9e2d4968de3331c3
string,sorted,slice::sort,1,1000,20260912,1,,999,0,,16000,9e2d4968de3331c3
string,sorted,slice::sort_unstable,0,1000,20260912,1,,999,0,,0,9e2d4968de3331c3
string,reverse,brainsort,1,1000,20260912,1,,999,0,,0,441501082ff4231b
string,reverse,slice::sort,1,1000,20260912,1,,999,0,,16000,441501082ff4231b
string,reverse,slice::sort_unstable,0,1000,20260912,1,,999,0,,0,441501082ff4231b
string,nearly_sorted,brainsort,1,1000,20260912,1,,3123,147,,3184,534353820c2aa7c3
string,nearly_sorted,slice::sort,1,1000,20260912,1,,7124,238,,16000,534353820c2aa7c3
string,nearly_sorted,slice::sort_unstable,0,1000,20260912,1,,9504,1094,,0,534353820c2aa7c3
string,few_unique,brainsort,1,1000,20260912,1,,1546,682,,18080,7484c9d6ecf68633
string,few_unique,slice::sort,1,1000,20260912,1,,9673,3921,,16000,7484c9d6ecf68633
string,few_unique,slice::sort_unstable,0,1000,20260912,1,,9788,3710,,0,a0f8359b6528704b
string,all_equal,brainsort,1,1000,20260912,1,,999,0,,0,9e2d4968de3331c3
string,all_equal,slice::sort,1,1000,20260912,1,,999,0,,16000,9e2d4968de3331c3
string,all_equal,slice::sort_unstable,0,1000,20260912,1,,999,0,,0,9e2d4968de3331c3
string,runs,brainsort,1,1000,20260912,1,,999,0,,0,9e2d4968de3331c3
string,runs,slice::sort,1,1000,20260912,1,,999,0,,16000,9e2d4968de3331c3
string,runs,slice::sort_unstable,0,1000,20260912,1,,999,0,,0,9e2d4968de3331c3
string,organ_pipe,brainsort,1,1000,20260912,1,,1997,998,,8032,da4bca05f8b355a7
string,organ_pipe,slice::sort,1,1000,20260912,1,,1997,998,,16000,da4bca05f8b355a7
string,organ_pipe,slice::sort_unstable,0,1000,20260912,1,,11147,1381,,0,f7dc0c3b96ce47fb
string,small_range,brainsort,1,1000,20260912,1,,999,641,,16096,99415f7d7af75131
string,small_range,slice::sort,1,1000,20260912,1,,3650,1053,,16000,99415f7d7af75131
string,small_range,slice::sort_unstable,0,1000,20260912,1,,3659,1043,,0,8a9a78a56b5e140f
string,sawtooth,brainsort,1,1000,20260912,1,,999,0,,0,9e2d4968de3331c3
string,sawtooth,slice::sort,1,1000,20260912,1,,999,0,,16000,9e2d4968de3331c3
string,sawtooth,slice::sort_unstable,0,1000,20260912,1,,999,0,,0,9e2d4968de3331c3
string,prefixed,brainsort,1,1000,20260912,1,,1003,668,,17056,80a9d00b63b5689f
string,prefixed,slice::sort,1,1000,20260912,1,,10521,4555,,16000,80a9d00b63b5689f
string,prefixed,slice::sort_unstable,0,1000,20260912,1,,10072,4367,,0,80a9d00b63b5689f
int32,random,brainsort,1,10000,20260912,1,,1024,652,,58976,fb3849b4bda873ff
int32,random,slice::sort,1,10000,20260912,1,,140692,61312,,80000,fb3849b4bda873ff
int32,random,slice::sort_unstable,0,10000,20260912,1,,138557,62732,,0,fb3849b4bda873ff
int32,random,radsort,1,10000,20260912,1,,0,0,50001,80000,fb3849b4bda873ff
int32,random,voracious_stable_sort,1,10000,20260912,1,,146,60,190019,98552,fb3849b4bda873ff
int32,random,voracious_sort,0,10000,20260912,1,,146,60,190019,98552,fb3849b4bda873ff
int32,random,rdst,0,10000,20260912,1,,0,0,80004,80032,fb3849b4bda873ff
int32,sorted,brainsort,1,10000,20260912,1,,9999,0,,0,95272738c97a3543
int32,sorted,slice::sort,1,10000,20260912,1,,9999,0,,80000,95272738c97a3543
int32,sorted,slice::sort_unstable,0,10000,20260912,1,,9999,0,,0,95272738c97a3543
int32,sorted,radsort,1,10000,20260912,1,,0,0,50001,80000,95272738c97a3543
int32,sorted,voracious_stable_sort,1,10000,20260912,1,,10003,0,1,32,95272738c97a3543
int32,sorted,voracious_sort,0,10000,20260912,1,,10003,0,1,32,95272738c97a3543
int32,sorted,rdst,0,10000,20260912,1,,0,0,30899,0,95272738c97a3543
int32,reverse,brainsort,1,10000,20260912,1,,9999,0,,0,18489aa670217473
int32,reverse,slice::sort,1,10000,20260912,1,,9999,0,,80000,18489aa670217473
int32,reverse,slice::sort_unstable,0,10000,20260912,1,,9999,0,,0,18489aa670217473
int32,reverse,radsort,1,10000,20260912,1,,0,0,50001,80000,18489aa670217473
int32,reverse,voracious_stable_sort,1,10000,20260912,1,,10005,0,1,32,18489aa670217473
int32,reverse,voracious_sort,0,10000,20260912,1,,10005,0,1,32,18489aa670217473
int32,reverse,rdst,0,10000,20260912,1,,0,0,80004,80032,18489aa670217473
int32,nearly_sorted,brainsort,1,10000,20260912,1,,31991,1793,,5688,403371f36b4f9b51
int32,nearly_sorted,slice::sort,1,10000,20260912,1,,109869,2520,,80000,403371f36b4f9b51
int32,nearly_sorted,slice::sort_unstable,0,10000,20260912,1,,139363,15570,,0,403371f36b4f9b51
int32,nearly_sorted,radsort,1,10000,20260912,1,,0,0,50001,80000,403371f36b4f9b51
int32,nearly_sorted,voracious_stable_sort,1,10000,20260912,1,,1671,49,190019,98552,403371f36b4f9b51
int32,nearly_sorted,voracious_sort,0,10000,20260912,1,,1671,49,190019,98552,403371f36b4f9b51
int32,nearly_sorted,rdst,0,10000,20260912,1,,0,0,80004,80032,403371f36b4f9b51
int32,few_unique,brainsort,1,10000,20260912,1,,1024,675,,58976,1eb7834a4ddd8a9d
int32,few_unique,slice::sort,1,10000,20260912,1,,82889,33846,,80000,1eb7834a4ddd8a9d
int32,few_unique,slice::sort_unstable,0,10000,20260912,1,,82089,33518,,0,e19100a600c35975
int32,few_unique,radsort,1,10000,20260912,1,,0,0,50001,80000,1eb7834a4ddd8a9d
int32,few_unique,voracious_stable_sort,1,10000,20260912,1,,149,60,190019,98552,1eb7834a4ddd8a9d
int32,few_unique,voracious_sort,0,10000,20260912,1,,149,60,190019,98552,1eb7834a4ddd8a9d
int32,few_unique,rdst,0,10000,20260912,1,,0,0,80004,80032,1eb7834a4ddd8a9d
int32,all_equal,brainsort,1,10000,20260912,1,,9999,0,,0,95272738c97a3543
int32,all_equal,slice::sort,1,10000,20260912,1,,9999,0,,80000,95272738c97a3543
int32,all_equal,slice::sort_unstable,0,10000,20260912,1,,9999,0,,0,95272738c97a3543
int32,all_equal,radsort,1,10000,20260912,1,,0,0,10001,80000,95272738c97a3543
int32,all_equal,voracious_stable_sort,1,10000,20260912,1,,4,0,1,32,95272738c97a3543
int32,all_equal,voracious_sort,0,10000,20260912,1,,4,0,1,32,95272738c97a3543
int32,all_equal,rdst,0,10000,20260912,1,,0,0,40004,0,95272738c97a3543
int32,runs,brainsort,1,10000,20260912,1,,24621,8,,40024,b806ebe557f9058f
int32,runs,slice::sort,1,10000,20260912,1,,22451,10,,80000,b806ebe557f9058f
int32,runs,slice::sort_unstable,0,10000,20260912,1,,140325,9036,,0,03095ed2bda793bb
int32,runs,radsort,1,10000,20260912,1,,0,0,50001,80000,b806ebe557f9058f
int32,runs,voracious_stable_sort,1,10000,20260912,1,,24638,1675,1,40048,b806ebe557f9058f
int32,runs,voracious_sort,0,10000,20260912,1,,24638,1675,1,40048,b806ebe557f9058f
int32,runs,rdst,0,10000,20260912,1,,0,0,80004,80032,b806ebe557f9058f
int32,organ_pipe,brainsort,1,10000,20260912,1,,19997,9998,,40024,7cc72811739f7b5b
int32,organ_pipe,slice::sort,1,10000,20260912,1,,19997,9998,,80000,7cc72811739f7b5b
int32,organ_pipe,slice::sort_unstable,0,10000,20260912,1,,163850,18357,,0,fe639a54618bc407
int32,organ_pipe,radsort,1,10000,20260912,1,,0,0,30001,80000,7cc72811739f7b5b
int32,organ_pipe,voracious_stable_sort,1,10000,20260912,1,,20010,9999,1,40024,7cc72811739f7b5b
int32,organ_pipe,voracious_sort,0,10000,20260912,1,,20010,9999,1,40024,7cc72811739f7b5b
int32,organ_pipe,rdst,0,10000,20260912,1,,0,0,60006,80016,7cc72811739f7b5b
int32,small_range,brainsort,1,10000,20260912,1,,1024,656,,42576,5275f13ecc526b5d
int32,small_range,slice::sort,1,10000,20260912,1,,33231,10251,,80000,5275f13ecc526b5d
int32,small_range,slice::sort_unstable,0,10000,20260912,1,,35561,10127,,0,8ebf302178392b57
int32,small_range,radsort,1,10000,20260912,1,,0,0,20001,80000,5275f13ecc526b5d
int32,small_range,voracious_stable_sort,1,10000,20260912,1,,164,74,100013,98552,5275f13ecc526b5d
int32,small_range,voracious_sort,0,10000,20260912,1,,164,74,100013,98552,5275f13ecc526b5d
int32,small_range,rdst,0,10000,20260912,1,,0,0,50005,80008,5275f13ecc526b5d
int32,sawtooth,brainsort,1,10000,20260912,1,,12088,19,,84128,bfa62f77083c2113
int32,sawtooth,slice::sort,1,10000,20260912,1,,43980,18000,,80000,bfa62f77083c2113
int32,sawtooth,slice::sort_unstable,0,10000,20260912,1,,142329,20280,,0,9ef7f94f52959033
int32,sawtooth,radsort,1,10000,20260912,1,,0,0,30001,80000,bfa62f77083c2113
int32,sawtooth,voracious_stable_sort,1,10000,20260912,1,,46018,2017,1,40144,bfa62f77083c2113
int32,sawtooth,voracious_sort,0,10000,20260912,1,,46018,2017,1,40144,bfa62f77083c2113
int32,sawtooth,rdst,0,10000,20260912,1,,0,0,60006,80016,bfa62f77083c2113
int32,prefixed,brainsort,1,10000,20260912,1,,1024,693,,88224,5ec72eb97399329b
int32,prefixed,slice::sort,1,10000,20260912,1,,141414,61378,,80000,5ec72eb97399329b
int32,prefixed,slice::sort_unstable,0,10000,20260912,1,,139487,62557,,0,78cbd49d7f895d13
int32,prefixed,radsort,1,10000,20260912,1,,0,0,40001,80000,5ec72eb97399329b
int32,prefixed,voracious_stable_sort,1,10000,20260912,1,,142,67,160017,98552,5ec72eb97399329b
int32,prefixed,voracious_sort,0,10000,20260912,1,,142,67,160017,98552,5ec72eb97399329b
int32,prefixed,rdst,0,10000,20260912,1,,0,0,70005,80024,5ec72eb97399329b
int32,sparse_bits,brainsort,1,10000,20260912,1,,1024,691,,81056,4281d21513c75187
int32,sparse_bits,slice::sort,1,10000,20260912,1,,99233,40996,,80000,4281d21513c75187
int32,sparse_bits,slice::sort_unstable,0,10000,20260912,1,,100622,40750,,0,d0a9728015957ea3
int32,sparse_bits,radsort,1,10000,20260912,1,,0,0,30001,80000,4281d21513c75187
int32,sparse_bits,voracious_stable_sort,1,10000,20260912,1,,139,69,130015,98552,4281d21513c75187
int32,sparse_bits,voracious_sort,0,10000,20260912,1,,139,69,130015,98552,4281d21513c75187
int32,sparse_bits,rdst,0,10000,20260912,1,,0,0,60005,80032,4281d21513c75187
double,random,brainsort,1,10000,20260912,1,,1024,687,,117920,b98b15a50016d20d
double,random,slice::sort,1,10000,20260912,1,,141928,61651,,160000,b98b15a50016d20d
double,random,slice::sort_unstable,0,10000,20260912,1,,136118,60520,,0,b98b15a50016d20d
double,random,radsort,1,10000,20260912,1,,0,0,90001,160000,b98b15a50016d20d
double,random,voracious_stable_sort,1,10000,20260912,1,,31896,12267,157878,258152,b98b15a50016d20d
double,random,voracious_sort,0,10000,20260912,1,,12222,2018,171052,94144,b98b15a50016d20d
double,random,rdst,0,10000,20260912,1,,0,0,160004,160064,b98b15a50016d20d
double,sorted,brainsort,1,10000,20260912,1,,9999,0,,0,95272738c97a3543
double,sorted,slice::sort,1,10000,20260912,1,,9999,0,,160000,95272738c97a3543
double,sorted,slice::sort_unstable,0,10000,20260912,1,,9999,0,,0,95272738c97a3543
double,sorted,radsort,1,10000,20260912,1,,0,0,90001,160000,95272738c97a3543
double,sorted,voracious_stable_sort,1,10000,20260912,1,,10003,0,1,32,95272738c97a3543
double,sorted,voracious_sort,0,10000,20260912,1,,10003,0,1,32,95272738c97a3543
double,sorted,rdst,0,10000,20260912,1,,0,0,38432,0,95272738c97a3543
double,reverse,brainsort,1,10000,20260912,1,,9999,0,,0,18489aa670217473
double,reverse,slice::sort,1,10000,20260912,1,,9999,0,,160000,18489aa670217473
double,reverse,slice::sort_unstable,0,10000,20260912,1,,9999,0,,0,18489aa670217473
double,reverse,radsort,1,10000,20260912,1,,0,0,90001,160000,18489aa670217473
double,reverse,voracious_stable_sort,1,10000,20260912,1,,10005,0,1,32,18489aa670217473
double,reverse,voracious_sort,0,10000,20260912,1,,10005,0,1,32,18489aa670217473
double,reverse,rdst,0,10000,20260912,1,,0,0,160004,160064,18489aa670217473
double,nearly_sorted,brainsort,1,10000,20260912,1,,31991,1793,,7736,403371f36b4f9b51
double,nearly_sorted,slice::sort,1,10000,20260912,1,,109869,2520,,160000,403371f36b4f9b51
double,nearly_sorted,slice::sort_unstable,0,10000,20260912,1,,133469,12730,,0,403371f36b4f9b51
double,nearly_sorted,radsort,1,10000,20260912,1,,0,0,90001,160000,403371f36b4f9b51
double,nearly_sorted,voracious_stable_sort,1,10000,20260912,1,,15272,1085,157878,258152,403371f36b4f9b51
double,nearly_sorted,voracious_sort,0,10000,20260912,1,,11919,148,170113,94144,403371f36b4f9b51
double,nearly_sorted,rdst,0,10000,20260912,1,,0,0,160004,160064,403371f36b4f9b51
double,few_unique,brainsort,1,10000,20260912,1,,1024,672,,134304,ccd59be53df08c95
double,few_unique,slice::sort,1,10000,20260912,1,,82979,33580,,160000,ccd59be53df08c95
double,few_unique,slice::sort_unstable,0,10000,20260912,1,,82689,33678,,0,0c5c0c29e1161b7f
double,few_unique,radsort,1,10000,20260912,1,,0,0,90001,160000,ccd59be53df08c95
double,few_unique,voracious_stable_sort,1,10000,20260912,1,,10047,67,171003,275568,ccd59be53df08c95
double,few_unique,voracious_sort,0,10000,20260912,1,,10066,267,169172,108976,093bb105d5efbe57
double,few_unique,rdst,0,10000,20260912,1,,0,0,160004,160064,ccd59be53df08c95
double,all_equal,brainsort,1,10000,20260912,1,,9999,0,,0,95272738c97a3543
double,all_equal,slice::sort,1,10000,20260912,1,,9999,0,,160000,95272738c97a3543
double,all_equal,slice::sort_unstable,0,10000,20260912,1,,9999,0,,0,95272738c97a3543
double,all_equal,radsort,1,10000,20260912,1,,0,0,10001,160000,95272738c97a3543
double,all_equal,voracious_stable_sort,1,10000,20260912,1,,4,0,1,32,95272738c97a3543
double,all_equal,voracious_sort,0,10000,20260912,1,,4,0,1,32,95272738c97a3543
double,all_equal,rdst,0,10000,20260912,1,,0,0,80008,0,95272738c97a3543
double,runs,brainsort,1,10000,20260912,1,,24621,8,,80032,b806ebe557f9058f
double,runs,slice::sort,1,10000,20260912,1,,22451,10,,160000,b806ebe557f9058f
double,runs,slice::sort_unstable,0,10000,20260912,1,,134050,6818,,0,1523107f20c9af07
double,runs,radsort,1,10000,20260912,1,,0,0,90001,160000,b806ebe557f9058f
double,runs,voracious_stable_sort,1,10000,20260912,1,,24638,1675,1,80064,b806ebe557f9058f
double,runs,voracious_sort,0,10000,20260912,1,,24638,1675,1,80064,b806ebe557f9058f
double,runs,rdst,0,10000,20260912,1,,0,0,160004,160064,b806ebe557f9058f
double,organ_pipe,brainsort,1,10000,20260912,1,,19997,9998,,80032,7cc72811739f7b5b
double,organ_pipe,slice::sort,1,10000,20260912,1,,19997,9998,,160000,7cc72811739f7b5b
double,organ_pipe,slice::sort_unstable,0,10000,20260912,1,,160306,14559,,0,349be8ad4e766c0b
double,organ_pipe,radsort,1,10000,20260912,1,,0,0,40001,160000,7cc72811739f7b5b
double,organ_pipe,voracious_stable_sort,1,10000,20260912,1,,20010,9999,1,80016,7cc72811739f7b5b
double,organ_pipe,voracious_sort,0,10000,20260912,1,,20010,9999,1,80016,7cc72811739f7b5b
double,organ_pipe,rdst,0,10000,20260912,1,,0,0,110009,160064,7cc72811739f7b5b
double,small_range,brainsort,1,10000,20260912,1,,1024,656,,168224,5275f13ecc526b5d
double,small_range,slice::sort,1,10000,20260912,1,,33231,10251,,160000,5275f13ecc526b5d
double,small_range,slice::sort_unstable,0,10000,20260912,1,,35561,10127,,0,8ebf302178392b57
double,small_range,radsort,1,10000,20260912,1,,0,0,30001,160000,5275f13ecc526b5d
double,small_range,voracious_stable_sort,1,10000,20260912,1,,164,74,490086,585336,5275f13ecc526b5d
double,small_range,voracious_sort,0,10000,20260912,1,,7606,80,124638,143664,f7b702a50648b43d
double,small_range,rdst,0,10000,20260912,1,,0,0,100010,160064,5275f13ecc526b5d
double,sawtooth,brainsort,1,10000,20260912,1,,12088,19,,209184,bfa62f77083c2113
double,sawtooth,slice::sort,1,10000,20260912,1,,43980,18000,,160000,bfa62f77083c2113
double,sawtooth,slice::sort_unstable,0,10000,20260912,1,,139133,20808,,0,7fe654a48df57d33
double,sawtooth,radsort,1,10000,20260912,1,,0,0,40001,160000,bfa62f77083c2113
double,sawtooth,voracious_stable_sort,1,10000,20260912,1,,46018,2017,1,80160,bfa62f77083c2113
double,sawtooth,voracious_sort,0,10000,20260912,1,,46018,2017,1,80160,bfa62f77083c2113
double,sawtooth,rdst,0,10000,20260912,1,,0,0,110009,160064,bfa62f77083c2113
double,prefixed,brainsort,1,10000,20260912,1,,1024,687,,117920,b98b15a50016d20d
double,prefixed,slice::sort,1,10000,20260912,1,,141928,61651,,160000,b98b15a50016d20d
double,prefixed,slice::sort_unstable,0,10000,20260912,1,,136118,60520,,0,b98b15a50016d20d
double,prefixed,radsort,1,10000,20260912,1,,0,0,70001,160000,b98b15a50016d20d
double,prefixed,voracious_stable_sort,1,10000,20260912,1,,18632,8235,249822,534344,b98b15a50016d20d
double,prefixed,voracious_sort,0,10000,20260912,1,,22154,8745,170424,204312,b98b15a50016d20d
double,prefixed,rdst,0,10000,20260912,1,,0,0,140006,160048,b98b15a50016d20d
int64,random,brainsort,1,10000,20260912,1,,1024,670,,101536,eea6a009cdd7eba5
int64,random,slice::sort,1,10000,20260912,1,,141268,61814,,160000,eea6a009cdd7eba5
int64,random,slice::sort_unstable,0,10000,20260912,1,,137887,60227,,0,eea6a009cdd7eba5
int64,random,radsort,1,10000,20260912,1,,0,0,90001,160000,eea6a009cdd7eba5
int64,random,voracious_stable_sort,1,10000,20260912,1,,142,76,350027,186840,eea6a009cdd7eba5
int64,random,voracious_sort,0,10000,20260912,1,,142,76,350027,186840,eea6a009cdd7eba5
int64,random,rdst,0,10000,20260912,1,,0,0,160004,160064,eea6a009cdd7eba5
int64,sorted,brainsort,1,10000,20260912,1,,9999,0,,0,95272738c97a3543
int64,sorted,slice::sort,1,10000,20260912,1,,9999,0,,160000,95272738c97a3543
int64,sorted,slice::sort_unstable,0,10000,20260912,1,,9999,0,,0,95272738c97a3543
int64,sorted,radsort,1,10000,20260912,1,,0,0,90001,160000,95272738c97a3543
int64,sorted,voracious_stable_sort,1,10000,20260912,1,,10003,0,1,32,95272738c97a3543
int64,sorted,voracious_sort,0,10000,20260912,1,,10003,0,1,32,95272738c97a3543
int64,sorted,rdst,0,10000,20260912,1,,0,0,30977,0,95272738c97a3543
int64,reverse,brainsort,1,10000,20260912,1,,9999,0,,0,18489aa670217473
int64,reverse,slice::sort,1,10000,20260912,1,,9999,0,,160000,18489aa670217473
int64,reverse,slice::sort_unstable,0,10000,20260912,1,,9999,0,,0,18489aa670217473
int64,reverse,radsort,1,10000,20260912,1,,0,0,90001,160000,18489aa670217473
int64,reverse,voracious_stable_sort,1,10000,20260912,1,,10005,0,1,32,18489aa670217473
int64,reverse,voracious_sort,0,10000,20260912,1,,10005,0,1,32,18489aa670217473
int64,reverse,rdst,0,10000,20260912,1,,0,0,160004,160064,18489aa670217473
int64,nearly_sorted,brainsort,1,10000,20260912,1,,31991,1793,,7736,403371f36b4f9b51
int64,nearly_sorted,slice::sort,1,10000,20260912,1,,109869,2520,,160000,403371f36b4f9b51
int64,nearly_sorted,slice::sort_unstable,0,10000,20260912,1,,133469,12730,,0,403371f36b4f9b51
int64,nearly_sorted,radsort,1,10000,20260912,1,,0,0,90001,160000,403371f36b4f9b51
int64,nearly_sorted,voracious_stable_sort,1,10000,20260912,1,,1671,49,350027,186840,403371f36b4f9b51
int64,nearly_sorted,voracious_sort,0,10000,20260912,1,,1671,49,350027,186840,403371f36b4f9b51
int64,nearly_sorted,rdst,0,10000,20260912,1,,0,0,160004,160064,403371f36b4f9b51
int64,few_unique,brainsort,1,10000,20260912,1,,1024,690,,134304,5e7d5a0afd77e4b5
int64,few_unique,slice::sort,1,10000,20260912,1,,82046,33820,,160000,5e7d5a0afd77e4b5
int64,few_unique,slice::sort_unstable,0,10000,20260912,1,,82159,33806,,0,ef2ee9a7db69a68b
int64,few_unique,radsort,1,10000,20260912,1,,0,0,90001,160000,5e7d5a0afd77e4b5
int64,few_unique,voracious_stable_sort,1,10000,20260912,1,,148,69,350027,186840,5e7d5a0afd77e4b5
int64,few_unique,voracious_sort,0,10000,20260912,1,,148,69,350027,186840,5e7d5a0afd77e4b5
int64,few_unique,rdst,0,10000,20260912,1,,0,0,160004,160064,5e7d5a0afd77e4b5
int64,all_equal,brainsort,1,10000,20260912,1,,9999,0,,0,95272738c97a3543
int64,all_equal,slice::sort,1,10000,20260912,1,,9999,0,,160000,95272738c97a3543
int64,all_equal,slice::sort_unstable,0,10000,20260912,1,,9999,0,,0,95272738c97a3543
int64,all_equal,radsort,1,10000,20260912,1,,0,0,10001,160000,95272738c97a3543
int64,all_equal,voracious_stable_sort,1,10000,20260912,1,,4,0,1,32,95272738c97a3543
int64,all_equal,voracious_sort,0,10000,20260912,1,,4,0,1,32,95272738c97a3543
int64,all_equal,rdst,0,10000,20260912,1,,0,0,80008,0,95272738c97a3543
int64,runs,brainsort,1,10000,20260912,1,,24621,8,,80032,b806ebe557f9058f
int64,runs,slice::sort,1,10000,20260912,1,,22451,10,,160000,b806ebe557f9058f
int64,runs,slice::sort_unstable,0,10000,20260912,1,,134050,6818,,0,1523107f20c9af07
int64,runs,radsort,1,10000,20260912,1,,0,0,90001,160000,b806ebe557f9058f
int64,runs,voracious_stable_sort,1,10000,20260912,1,,24638,1675,1,80064,b806ebe557f9058f
int64,runs,voracious_sort,0,10000,20260912,1,,24638,1675,1,80064,b806ebe557f9058f
int64,runs,rdst,0,10000,20260912,1,,0,0,160004,160064,b806ebe557f9058f
int64,organ_pipe,brainsort,1,10000,20260912,1,,19997,9998,,80032,7cc72811739f7b5b
int64,organ_pipe,slice::sort,1,10000,20260912,1,,19997,9998,,160000,7cc72811739f7b5b
int64,organ_pipe,slice::sort_unstable,0,10000,20260912,1,,160306,14559,,0,349be8ad4e766c0b
int64,organ_pipe,radsort,1,10000,20260912,1,,0,0,30001,160000,7cc72811739f7b5b
int64,organ_pipe,voracious_stable_sort,1,10000,20260912,1,,20010,9999,1,80016,7cc72811739f7b5b
int64,organ_pipe,voracious_sort,0,10000,20260912,1,,20010,9999,1,80016,7cc72811739f7b5b
int64,organ_pipe,rdst,0,10000,20260912,1,,0,0,100010,160016,7cc72811739f7b5b
int64,small_range,brainsort,1,10000,20260912,1,,1024,656,,160048,5275f13ecc526b5d
int64,small_range,slice::sort,1,10000,20260912,1,,33231,10251,,160000,5275f13ecc526b5d
int64,small_range,slice::sort_unstable,0,10000,20260912,1,,35561,10127,,0,8ebf302178392b57
int64,small_range,radsort,1,10000,20260912,1,,0,0,20001,160000,5275f13ecc526b5d
int64,small_range,voracious_stable_sort,1,10000,20260912,1,,164,74,140013,186840,5275f13ecc526b5d
int64,small_range,voracious_sort,0,10000,20260912,1,,164,74,140013,186840,5275f13ecc526b5d
int64,small_range,rdst,0,10000,20260912,1,,0,0,90009,160008,5275f13ecc526b5d
int64,sawtooth,brainsort,1,10000,20260912,1,,12088,19,,164128,bfa62f77083c2113
int64,sawtooth,slice::sort,1,10000,20260912,1,,43980,18000,,160000,bfa62f77083c2113
int64,sawtooth,slice::sort_unstable,0,10000,20260912,1,,139133,20808,,0,7fe654a48df57d33
int64,sawtooth,radsort,1,10000,20260912,1,,0,0,30001,160000,bfa62f77083c2113
int64,sawtooth,voracious_stable_sort,1,10000,20260912,1,,46018,2017,1,80160,bfa62f77083c2113
int64,sawtooth,voracious_sort,0,10000,20260912,1,,46018,2017,1,80160,bfa62f77083c2113
int64,sawtooth,rdst,0,10000,20260912,1,,0,0,100010,160016,bfa62f77083c2113
int64,prefixed,brainsort,1,10000,20260912,1,,1024,693,,168224,5ec72eb97399329b
int64,prefixed,slice::sort,1,10000,20260912,1,,141414,61378,,160000,5ec72eb97399329b
int64,prefixed,slice::sort_unstable,0,10000,20260912,1,,137819,60063,,0,2b08c05791460dc5
int64,prefixed,radsort,1,10000,20260912,1,,0,0,40001,160000,5ec72eb97399329b
int64,prefixed,voracious_stable_sort,1,10000,20260912,1,,142,67,200017,186840,5ec72eb97399329b
int64,prefixed,voracious_sort,0,10000,20260912,1,,142,67,200017,186840,5ec72eb97399329b
int64,prefixed,rdst,0,10000,20260912,1,,0,0,110009,160024,5ec72eb97399329b
string,random,brainsort,1,10000,20260912,1,,1024,684,,125072,1816c71b099cd84b
string,random,slice::sort,1,10000,20260912,1,,140899,61629,,160000,1816c71b099cd84b
string,random,slice::sort_unstable,0,10000,20260912,1,,138088,59972,,0,999954b7a25c2367
string,sorted,brainsort,1,10000,20260912,1,,9999,0,,0,95272738c97a3543
string,sorted,slice::sort,1,10000,20260912,1,,9999,0,,160000,95272738c97a3543
string,sorted,slice::sort_unstable,0,10000,20260912,1,,9999,0,,0,95272738c97a3543
string,reverse,brainsort,1,10000,20260912,1,,20029,124,,0,0328971aedb81939
string,reverse,slice::sort,1,10000,20260912,1,,43795,192,,160000,0328971aedb81939
string,reverse,slice::sort_unstable,0,10000,20260912,1,,149874,11016,,0,609ecfb6e2c22d15
string,nearly_sorted,brainsort,1,10000,20260912,1,,31998,1847,,7736,4d5b17c48bde1e5b
string,nearly_sorted,slice::sort,1,10000,20260912,1,,113265,2618,,160000,4d5b17c48bde1e5b
string,nearly_sorted,slice::sort_unstable,0,10000,20260912,1,,134566,12768,,0,327cd854fb735229
string,few_unique,brainsort,1,10000,20260912,1,,7201,702,,112400,bab162a8583ecee3
string,few_unique,slice::sort,1,10000,20260912,1,,81704,33868,,160000,bab162a8583ecee3
string,few_unique,slice::sort_unstable,0,10000,20260912,1,,82076,33668,,0,378df1506f5041a9
string,all_equal,brainsort,1,10000,20260912,1,,9999,0,,0,95272738c97a3543
string,all_equal,slice::sort,1,10000,20260912,1,,9999,0,,160000,95272738c97a3543
string,all_equal,slice::sort_unstable,0,10000,20260912,1,,9999,0,,0,95272738c97a3543
string,runs,brainsort,1,10000,20260912,1,,24621,8,,80032,b806ebe557f9058f
string,runs,slice::sort,1,10000,20260912,1,,22451,10,,160000,b806ebe557f9058f
string,runs,slice::sort_unstable,0,10000,20260912,1,,134050,6818,,0,1523107f20c9af07
string,organ_pipe,brainsort,1,10000,20260912,1,,19997,9998,,80032,7cc72811739f7b5b
string,organ_pipe,slice::sort,1,10000,20260912,1,,19997,9998,,160000,7cc72811739f7b5b
string,organ_pipe,slice::sort_unstable,0,10000,20260912,1,,160306,14559,,0,349be8ad4e766c0b
string,small_range,brainsort,1,10000,20260912,1,,1024,656,,160096,5275f13ecc526b5d
string,small_range,slice::sort,1,10000,20260912,1,,33231,10251,,160000,5275f13ecc526b5d
string,small_range,slice::sort_unstable,0,10000,20260912,1,,35561,10127,,0,8ebf302178392b57
string,sawtooth,brainsort,1,10000,20260912,1,,12088,19,,184608,bfa62f77083c2113
string,sawtooth,slice::sort,1,10000,20260912,1,,43980,18000,,160000,bfa62f77083c2113
string,sawtooth,slice::sort_unstable,0,10000,20260912,1,,139133,20808,,0,7fe654a48df57d33
string,prefixed,brainsort,1,10000,20260912,1,,1494,901,,168224,5df8b5c98cc85baf
string,prefixed,slice::sort,1,10000,20260912,1,,142050,61619,,160000,5df8b5c98cc85baf
string,prefixed,slice::sort_unstable,0,10000,20260912,1,,136004,60493,,0,5df8b5c98cc85baf
int32,random,brainsort,1,100000,20260912,1,,1024,652,,441480,46065ae45ecddf71
int32,random,slice::sort,1,100000,20260912,1,,1746504,782518,,800000,46065ae45ecddf71
int32,random,slice::sort_unstable,0,100000,20260912,1,,1725238,794472,,0,46065ae45ecddf71
int32,random,radsort,1,100000,20260912,1,,0,0,500001,800000,46065ae45ecddf71
int32,random,voracious_stable_sort,1,100000,20260912,1,,181,89,1900019,818552,46065ae45ecddf71
int32,random,voracious_sort,0,100000,20260912,1,,181,89,1900019,818552,46065ae45ecddf71
int32,random,rdst,0,100000,20260912,1,,0,0,800004,800032,46065ae45ecddf71
int32,sorted,brainsort,1,100000,20260912,1,,99999,0,,0,c2cc699511dc4303
int32,sorted,slice::sort,1,100000,20260912,1,,99999,0,,800000,c2cc699511dc4303
int32,sorted,slice::sort_unstable,0,100000,20260912,1,,99999,0,,0,c2cc699511dc4303
int32,sorted,radsort,1,100000,20260912,1,,0,0,500001,800000,c2cc699511dc4303
int32,sorted,voracious_stable_sort,1,100000,20260912,1,,100003,0,1,32,c2cc699511dc4303
int32,sorted,voracious_sort,0,100000,20260912,1,,100003,0,1,32,c2cc699511dc4303
int32,sorted,rdst,0,100000,20260912,1,,0,0,298471,0,c2cc699511dc4303
int32,reverse,brainsort,1,100000,20260912,1,,99999,0,,0,35b03f8cf0b414a3
int32,reverse,slice::sort,1,100000,20260912,1,,99999,0,,800000,35b03f8cf0b414a3
int32,reverse,slice::sort_unstable,0,100000,20260912,1,,99999,0,,0,35b03f8cf0b414a3
int32,reverse,radsort,1,100000,20260912,1,,0,0,500001,800000,35b03f8cf0b414a3
int32,reverse,voracious_stable_sort,1,100000,20260912,1,,100005,0,1,32,35b03f8cf0b414a3
int32,reverse,voracious_sort,0,100000,20260912,1,,100005,0,1,32,35b03f8cf0b414a3
int32,reverse,rdst,0,100000,20260912,1,,0,0,800004,800032,35b03f8cf0b414a3
int32,nearly_sorted,brainsort,1,100000,20260912,1,,326215,21575,,49152,05d188bf0e3f33e7
int32,nearly_sorted,slice::sort,1,100000,20260912,1,,1581118,36056,,800000,05d188bf0e3f33e7
int32,nearly_sorted,slice::sort_unstable,0,100000,20260912,1,,1788308,131940,,0,05d188bf0e3f33e7
int32,nearly_sorted,radsort,1,100000,20260912,1,,0,0,500001,800000,05d188bf0e3f33e7
int32,nearly_sorted,voracious_stable_sort,1,100000,20260912,1,,1341,64,1900019,818552,05d188bf0e3f33e7
int32,nearly_sorted,voracious_sort,0,100000,20260912,1,,1341,64,1900019,818552,05d188bf0e3f33e7
int32,nearly_sorted,rdst,0,100000,20260912,1,,0,0,800004,800032,05d188bf0e3f33e7
int32,few_unique,brainsort,1,100000,20260912,1,,1024,675,,448696,2a42d5822fac0707
int32,few_unique,slice::sort,1,100000,20260912,1,,794390,332716,,800000,2a42d5822fac0707
int32,few_unique,slice::sort_unstable,0,100000,20260912,1,,806207,329366,,0,9b23850357ed8b19
int32,few_unique,radsort,1,100000,20260912,1,,0,0,500001,800000,2a42d5822fac0707
int32,few_unique,voracious_stable_sort,1,100000,20260912,1,,179,79,1900019,818552,2a42d5822fac0707
int32,few_unique,voracious_sort,0,100000,20260912,1,,179,79,1900019,818552,2a42d5822fac0707
int32,few_unique,rdst,0,100000,20260912,1,,0,0,800004,800032,2a42d5822fac0707
int32,all_equal,brainsort,1,100000,20260912,1,,99999,0,,0,c2cc699511dc4303
int32,all_equal,slice::sort,1,100000,20260912,1,,99999,0,,800000,c2cc699511dc4303
int32,all_equal,slice::sort_unstable,0,100000,20260912,1,,99999,0,,0,c2cc699511dc4303
int32,all_equal,radsort,1,100000,20260912,1,,0,0,100001,800000,c2cc699511dc4303
int32,all_equal,voracious_stable_sort,1,100000,20260912,1,,4,0,1,32,c2cc699511dc4303
int32,all_equal,voracious_sort,0,100000,20260912,1,,4,0,1,32,c2cc699511dc4303
int32,all_equal,rdst,0,100000,20260912,1,,0,0,400004,0,c2cc699511dc4303
int32,runs,brainsort,1,100000,20260912,1,,108761,89,,808224,64e0f8afd8516051
int32,runs,slice::sort,1,100000,20260912,1,,579056,95582,,800000,64e0f8afd8516051
int32,runs,slice::sort_unstable,0,100000,20260912,1,,1761443,206285,,0,8e71b290bbaccce9
int32,runs,radsort,1,100000,20260912,1,,0,0,500001,800000,64e0f8afd8516051
int32,runs,voracious_stable_sort,1,100000,20260912,1,,35108,6026,1900019,818552,64e0f8afd8516051
int32,runs,voracious_sort,0,100000,20260912,1,,35108,6026,1900019,818552,64e0f8afd8516051
int32,runs,rdst,0,100000,20260912,1,,0,0,800004,800032,64e0f8afd8516051
int32,organ_pipe,brainsort,1,100000,20260912,1,,199997,99998,,400024,3ed43a32699cb0d3
int32,organ_pipe,slice::sort,1,100000,20260912,1,,199997,99998,,800000,3ed43a32699cb0d3
int32,organ_pipe,slice::sort_unstable,0,100000,20260912,1,,2148770,182133,,0,627a374675c65feb
int32,organ_pipe,radsort,1,100000,20260912,1,,0,0,300001,800000,3ed43a32699cb0d3
int32,organ_pipe,voracious_stable_sort,1,100000,20260912,1,,200010,99999,1,400024,3ed43a32699cb0d3
int32,organ_pipe,voracious_sort,0,100000,20260912,1,,200010,99999,1,400024,3ed43a32699cb0d3
int32,organ_pipe,rdst,0,100000,20260912,1,,0,0,600006,800016,3ed43a32699cb0d3
int32,small_range,brainsort,1,100000,20260912,1,,1024,656,,425080,5c0186e587c5fd4b
int32,small_range,slice::sort,1,100000,20260912,1,,326958,101177,,800000,5c0186e587c5fd4b
int32,small_range,slice::sort_unstable,0,100000,20260912,1,,326489,100745,,0,95e7019d62afc0e1
int32,small_range,radsort,1,100000,20260912,1,,0,0,200001,800000,5c0186e587c5fd4b
int32,small_range,voracious_stable_sort,1,100000,20260912,1,,191,80,1000013,818552,5c0186e587c5fd4b
int32,small_range,voracious_sort,0,100000,20260912,1,,191,80,1000013,818552,5c0186e587c5fd4b
int32,small_range,rdst,0,100000,20260912,1,,0,0,500005,800008,5c0186e587c5fd4b
int32,sawtooth,brainsort,1,100000,20260912,1,,102088,199,,804128,db2912b6ef590f13
int32,sawtooth,slice::sort,1,100000,20260912,1,,771643,198000,,800000,db2912b6ef590f13
int32,sawtooth,slice::sort_unstable,0,100000,20260912,1,,1167434,171842,,0,83ca1e8127555f63
int32,sawtooth,radsort,1,100000,20260912,1,,0,0,300001,800000,db2912b6ef590f13
int32,sawtooth,voracious_stable_sort,1,100000,20260912,1,,14084,55,1300015,818552,db2912b6ef590f13
int32,sawtooth,voracious_sort,0,100000,20260912,1,,14084,55,1300015,818552,db2912b6ef590f13
int32,sawtooth,rdst,0,100000,20260912,1,,0,0,600006,800016,db2912b6ef590f13
int32,prefixed,brainsort,1,100000,20260912,1,,1024,693,,808224,5d73af5bcafaae51
int32,prefixed,slice::sort,1,100000,20260912,1,,1746880,783558,,800000,5d73af5bcafaae51
int32,prefixed,slice::sort_unstable,0,100000,20260912,1,,1723595,792856,,0,3ae4368e43fc1971
int32,prefixed,radsort,1,100000,20260912,1,,0,0,400001,800000,5d73af5bcafaae51
int32,prefixed,voracious_stable_sort,1,100000,20260912,1,,178,81,1600017,818552,5d73af5bcafaae51
int32,prefixed,voracious_sort,0,100000,20260912,1,,178,81,1600017,818552,5d73af5bcafaae51
int32,prefixed,rdst,0,100000,20260912,1,,0,0,700005,800024,5d73af5bcafaae51
int32,sparse_bits,brainsort,1,100000,20260912,1,,1024,691,,801056,54d7dc0b76720fe1
int32,sparse_bits,slice::sort,1,100000,20260912,1,,943585,400604,,800000,54d7dc0b76720fe1
int32,sparse_bits,slice::sort_unstable,0,100000,20260912,1,,941328,400566,,0,2ad87ea8dc1b0743
int32,sparse_bits,radsort,1,100000,20260912,1,,0,0,300001,800000,54d7dc0b76720fe1
int32,sparse_bits,voracious_stable_sort,1,100000,20260912,1,,175,86,1300015,818552,54d7dc0b76720fe1
int32,sparse_bits,voracious_sort,0,100000,20260912,1,,175,86,1300015,818552,54d7dc0b76720fe1
int32,sparse_bits,rdst,0,100000,20260912,1,,0,0,600005,800032,54d7dc0b76720fe1
double,random,brainsort,1,100000,20260912,1,,1024,687,,915696,8aef0468e1c3ace3
double,random,slice::sort,1,100000,20260912,1,,1748908,781718,,1600000,8aef0468e1c3ace3
double,random,slice::sort_unstable,0,100000,20260912,1,,1704500,767984,,0,8aef0468e1c3ace3
double,random,radsort,1,100000,20260912,1,,0,0,900001,1600000,8aef0468e1c3ace3
double,random,voracious_stable_sort,1,100000,20260912,1,,183,79,3500027,1626840,8aef0468e1c3ace3
double,random,voracious_sort,0,100000,20260912,1,,250536,93347,1746718,721408,8aef0468e1c3ace3
double,random,rdst,0,100000,20260912,1,,0,0,1600004,1600064,8aef0468e1c3ace3
double,sorted,brainsort,1,100000,20260912,1,,99999,0,,0,c2cc699511dc4303
double,sorted,slice::sort,1,100000,20260912,1,,99999,0,,1600000,c2cc699511dc4303
double,sorted,slice::sort_unstable,0,100000,20260912,1,,99999,0,,0,c2cc699511dc4303
double,sorted,radsort,1,100000,20260912,1,,0,0,900001,1600000,c2cc699511dc4303
double,sorted,voracious_stable_sort,1,100000,20260912,1,,100003,0,1,32,c2cc699511dc4303
double,sorted,voracious_sort,0,100000,20260912,1,,100003,0,1,32,c2cc699511dc4303
double,sorted,rdst,0,100000,20260912,1,,0,0,443479,0,c2cc699511dc4303
double,reverse,brainsort,1,100000,20260912,1,,99999,0,,0,35b03f8cf0b414a3
double,reverse,slice::sort,1,100000,20260912,1,,99999,0,,1600000,35b03f8cf0b414a3
double,reverse,slice::sort_unstable,0,100000,20260912,1,,99999,0,,0,35b03f8cf0b414a3
double,reverse,radsort,1,100000,20260912,1,,0,0,900001,1600000,35b03f8cf0b414a3
double,reverse,voracious_stable_sort,1,100000,20260912,1,,100005,0,1,32,35b03f8cf0b414a3
double,reverse,voracious_sort,0,100000,20260912,1,,100005,0,1,32,35b03f8cf0b414a3
double,reverse,rdst,0,100000,20260912,1,,0,0,1600004,1600064,35b03f8cf0b414a3
double,nearly_sorted,brainsort,1,100000,20260912,1,,326215,21575,,73728,05d188bf0e3f33e7
double,nearly_sorted,slice::sort,1,100000,20260912,1,,1581118,36056,,1600000,05d188bf0e3f33e7
double,nearly_sorted,slice::sort_unstable,0,100000,20260912,1,,1724996,110428,,0,05d188bf0e3f33e7
double,nearly_sorted,radsort,1,100000,20260912,1,,0,0,900001,1600000,05d188bf0e3f33e7
double,nearly_sorted,voracious_stable_sort,1,100000,20260912,1,,1341,64,3500027,1626840,05d188bf0e3f33e7
double,nearly_sorted,voracious_sort,0,100000,20260912,1,,109618,6198,1702754,721408,05d188bf0e3f33e7
double,nearly_sorted,rdst,0,100000,20260912,1,,0,0,1600004,1600064,05d188bf0e3f33e7
double,few_unique,brainsort,1,100000,20260912,1,,1024,672,,899312,1bbde370b081b80b
double,few_unique,slice::sort,1,100000,20260912,1,,798077,332420,,1600000,1bbde370b081b80b
double,few_unique,slice::sort_unstable,0,100000,20260912,1,,796990,331696,,0,4fda4d7df2479ea1
double,few_unique,radsort,1,100000,20260912,1,,0,0,900001,1600000,1bbde370b081b80b
double,few_unique,voracious_stable_sort,1,100000,20260912,1,,187,90,3500027,1626840,1bbde370b081b80b
double,few_unique,voracious_sort,0,100000,20260912,1,,99189,292,1690940,871824,a69bf782fea12adb
double,few_unique,rdst,0,100000,20260912,1,,0,0,1600004,1600064,1bbde370b081b80b
double,all_equal,brainsort,1,100000,20260912,1,,99999,0,,0,c2cc699511dc4303
double,all_equal,slice::sort,1,100000,20260912,1,,99999,0,,1600000,c2cc699511dc4303
double,all_equal,slice::sort_unstable,0,100000,20260912,1,,99999,0,,0,c2cc699511dc4303
double,all_equal,radsort,1,100000,20260912,1,,0,0,100001,1600000,c2cc699511dc4303
double,all_equal,voracious_stable_sort,1,100000,20260912,1,,4,0,1,32,c2cc699511dc4303
double,all_equal,voracious_sort,0,100000,20260912,1,,4,0,1,32,c2cc699511dc4303
double,all_equal,rdst,0,100000,20260912,1,,0,0,800008,0,c2cc699511dc4303
double,runs,brainsort,1,100000,20260912,1,,108761,89,,1731104,64e0f8afd8516051
double,runs,slice::sort,1,100000,20260912,1,,579056,95582,,1600000,64e0f8afd8516051
double,runs,slice::sort_unstable,0,100000,20260912,1,,1726565,177911,,0,45bf5199789e43af
double,runs,radsort,1,100000,20260912,1,,0,0,900001,1600000,64e0f8afd8516051
double,runs,voracious_stable_sort,1,100000,20260912,1,,35108,6026,3500027,1626840,64e0f8afd8516051
double,runs,voracious_sort,0,100000,20260912,1,,316198,81546,1723489,1055552,7c29b972a6279d87
double,runs,rdst,0,100000,20260912,1,,0,0,1600004,1600064,64e0f8afd8516051
double,organ_pipe,brainsort,1,100000,20260912,1,,199997,99998,,800032,3ed43a32699cb0d3
double,organ_pipe,slice::sort,1,100000,20260912,1,,199997,99998,,1600000,3ed43a32699cb0d3
double,organ_pipe,slice::sort_unstable,0,100000,20260912,1,,2114299,145247,,0,2bd94acf32440c27
double,organ_pipe,radsort,1,100000,20260912,1,,0,0,500001,1600000,3ed43a32699cb0d3
double,organ_pipe,voracious_stable_sort,1,100000,20260912,1,,200010,99999,1,800016,3ed43a32699cb0d3
double,organ_pipe,voracious_sort,0,100000,20260912,1,,200010,99999,1,800016,3ed43a32699cb0d3
double,organ_pipe,rdst,0,100000,20260912,1,,0,0,1200008,1600064,3ed43a32699cb0d3
double,small_range,brainsort,1,100000,20260912,1,,1024,656,,1608224,5c0186e587c5fd4b
double,small_range,slice::sort,1,100000,20260912,1,,326958,101177,,1600000,5c0186e587c5fd4b
double,small_range,slice::sort_unstable,0,100000,20260912,1,,326489,100745,,0,95e7019d62afc0e1
double,small_range,radsort,1,100000,20260912,1,,0,0,300001,1600000,5c0186e587c5fd4b
double,small_range,voracious_stable_sort,1,100000,20260912,1,,191,80,1700015,1626840,5c0186e587c5fd4b
double,small_range,voracious_sort,0,100000,20260912,1,,75300,86,1325740,1228384,30f1c55575fa2039
double,small_range,rdst,0,100000,20260912,1,,0,0,1000010,1600064,5c0186e587c5fd4b
double,sawtooth,brainsort,1,100000,20260912,1,,102088,199,,1608224,db2912b6ef590f13
double,sawtooth,slice::sort,1,100000,20260912,1,,771643,198000,,1600000,db2912b6ef590f13
double,sawtooth,slice::sort_unstable,0,100000,20260912,1,,1167434,171842,,0,83ca1e8127555f63
double,sawtooth,radsort,1,100000,20260912,1,,0,0,400001,1600000,db2912b6ef590f13
double,sawtooth,voracious_stable_sort,1,100000,20260912,1,,14084,55,2000017,1626840,db2912b6ef590f13
double,sawtooth,voracious_sort,0,100000,20260912,1,,114694,2055,1793272,1613952,db2912b6ef590f13
double,sawtooth,rdst,0,100000,20260912,1,,0,0,1100009,1600064,db2912b6ef590f13
double,prefixed,brainsort,1,100000,20260912,1,,1024,687,,882928,8aef0468e1c3ace3
double,prefixed,slice::sort,1,100000,20260912,1,,1748908,781718,,1600000,8aef0468e1c3ace3
double,prefixed,slice::sort_unstable,0,100000,20260912,1,,1704500,767984,,0,8aef0468e1c3ace3
double,prefixed,radsort,1,100000,20260912,1,,0,0,700001,1600000,8aef0468e1c3ace3
double,prefixed,voracious_stable_sort,1,100000,20260912,1,,183,79,2900023,1626840,8aef0468e1c3ace3
double,prefixed,voracious_sort,0,100000,20260912,1,,1467459,183733,1591441,1626752,8aef0468e1c3ace3
double,prefixed,rdst,0,100000,20260912,1,,0,0,1400006,1600048,8aef0468e1c3ace3
int64,random,brainsort,1,100000,20260912,1,,1024,670,,915696,a3e1db782016ff23
int64,random,slice::sort,1,100000,20260912,1,,1753950,780649,,1600000,a3e1db782016ff23
int64,random,slice::sort_unstable,0,100000,20260912,1,,1712863,767554,,0,a3e1db782016ff23
int64,random,radsort,1,100000,20260912,1,,0,0,900001,1600000,a3e1db782016ff23
int64,random,voracious_stable_sort,1,100000,20260912,1,,181,73,3500027,1626840,a3e1db782016ff23
int64,random,voracious_sort,0,100000,20260912,1,,181,73,3500027,1626840,a3e1db782016ff23
int64,random,rdst,0,100000,20260912,1,,0,0,1600004,1600064,a3e1db782016ff23
int64,sorted,brainsort,1,100000,20260912,1,,99999,0,,0,c2cc699511dc4303
int64,sorted,slice::sort,1,100000,20260912,1,,99999,0,,1600000,c2cc699511dc4303
int64,sorted,slice::sort_unstable,0,100000,20260912,1,,99999,0,,0,c2cc699511dc4303
int64,sorted,radsort,1,100000,20260912,1,,0,0,900001,1600000,c2cc699511dc4303
int64,sorted,voracious_stable_sort,1,100000,20260912,1,,100003,0,1,32,c2cc699511dc4303
int64,sorted,voracious_sort,0,100000,20260912,1,,100003,0,1,32,c2cc699511dc4303
int64,sorted,rdst,0,100000,20260912,1,,0,0,297979,0,c2cc699511dc4303
int64,reverse,brainsort,1,100000,20260912,1,,99999,0,,0,35b03f8cf0b414a3
int64,reverse,slice::sort,1,100000,20260912,1,,99999,0,,1600000,35b03f8cf0b414a3
int64,reverse,slice::sort_unstable,0,100000,20260912,1,,99999,0,,0,35b03f8cf0b414a3
int64,reverse,radsort,1,100000,20260912,1,,0,0,900001,1600000,35b03f8cf0b414a3
int64,reverse,voracious_stable_sort,1,100000,20260912,1,,100005,0,1,32,35b03f8cf0b414a3
int64,reverse,voracious_sort,0,100000,20260912,1,,100005,0,1,32,35b03f8cf0b414a3
int64,reverse,rdst,0,100000,20260912,1,,0,0,1600004,1600064,35b03f8cf0b414a3
int64,nearly_sorted,brainsort,1,100000,20260912,1,,326215,21575,,73728,05d188bf0e3f33e7
int64,nearly_sorted,slice::sort,1,100000,20260912,1,,1581118,36056,,1600000,05d188bf0e3f33e7
int64,nearly_sorted,slice::sort_unstable,0,100000,20260912,1,,1724996,110428,,0,05d188bf0e3f33e7
int64,nearly_sorted,radsort,1,100000,20260912,1,,0,0,900001,1600000,05d188bf0e3f33e7
int64,nearly_sorted,voracious_stable_sort,1,100000,20260912,1,,1341,64,3500027,1626840,05d188bf0e3f33e7
int64,nearly_sorted,voracious_sort,0,100000,20260912,1,,1341,64,3500027,1626840,05d188bf0e3f33e7
int64,nearly_sorted,rdst,0,100000,20260912,1,,0,0,1600004,1600064,05d188bf0e3f33e7
int64,few_unique,brainsort,1,100000,20260912,1,,1024,690,,899312,52a317f4ad388e47
int64,few_unique,slice::sort,1,100000,20260912,1,,795379,332444,,1600000,52a317f4ad388e47
int64,few_unique,slice::sort_unstable,0,100000,20260912,1,,796061,332326,,0,1bf390bbf607b87f
int64,few_unique,radsort,1,100000,20260912,1,,0,0,900001,1600000,52a317f4ad388e47
int64,few_unique,voracious_stable_sort,1,100000,20260912,1,,172,85,3500027,1626840,52a317f4ad388e47
int64,few_unique,voracious_sort,0,100000,20260912,1,,172,85,3500027,1626840,52a317f4ad388e47
int64,few_unique,rdst,0,100000,20260912,1,,0,0,1600004,1600064,52a317f4ad388e47
int64,all_equal,brainsort,1,100000,20260912,1,,99999,0,,0,c2cc699511dc4303
int64,all_equal,slice::sort,1,100000,20260912,1,,99999,0,,1600000,c2cc699511dc4303
int64,all_equal,slice::sort_unstable,0,100000,20260912,1,,99999,0,,0,c2cc699511dc4303
int64,all_equal,radsort,1,100000,20260912,1,,0,0,100001,1600000,c2cc699511dc4303
int64,all_equal,voracious_stable_sort,1,100000,20260912,1,,4,0,1,32,c2cc699511dc4303
int64,all_equal,voracious_sort,0,100000,20260912,1,,4,0,1,32,c2cc699511dc4303
int64,all_equal,rdst,0,100000,20260912,1,,0,0,800008,0,c2cc699511dc4303
int64,runs,brainsort,1,100000,20260912,1,,108761,89,,1608224,64e0f8afd8516051
int64,runs,slice::sort,1,100000,20260912,1,,579056,95582,,1600000,64e0f8afd8516051
int64,runs,slice::sort_unstable,0,100000,20260912,1,,1726565,177911,,0,45bf5199789e43af
int64,runs,radsort,1,100000,20260912,1,,0,0,900001,1600000,64e0f8afd8516051
int64,runs,voracious_stable_sort,1,100000,20260912,1,,35108,6026,3500027,1626840,64e0f8afd8516051
int64,runs,voracious_sort,0,100000,20260912,1,,35108,6026,3500027,1626840,64e0f8afd8516051
int64,runs,rdst,0,100000,20260912,1,,0,0,1600004,1600064,64e0f8afd8516051
int64,organ_pipe,brainsort,1,100000,20260912,1,,199997,99998,,800032,3ed43a32699cb0d3
int64,organ_pipe,slice::sort,1,100000,20260912,1,,199997,99998,,1600000,3ed43a32699cb0d3
int64,organ_pipe,slice::sort_unstable,0,100000,20260912,1,,2114299,145247,,0,2bd94acf32440c27
int64,organ_pipe,radsort,1,100000,20260912,1,,0,0,300001,1600000,3ed43a32699cb0d3
int64,organ_pipe,voracious_stable_sort,1,100000,20260912,1,,200010,99999,1,800016,3ed43a32699cb0d3
int64,organ_pipe,voracious_sort,0,100000,20260912,1,,200010,99999,1,800016,3ed43a32699cb0d3
int64,organ_pipe,rdst,0,100000,20260912,1,,0,0,1000010,1600016,3ed43a32699cb0d3
int64,small_range,brainsort,1,100000,20260912,1,,1024,656,,1600048,5c0186e587c5fd4b
int64,small_range,slice::sort,1,100000,20260912,1,,326958,101177,,1600000,5c0186e587c5fd4b
int64,small_range,slice::sort_unstable,0,100000,20260912,1,,326489,100745,,0,95e7019d62afc0e1
int64,small_range,radsort,1,100000,20260912,1,,0,0,200001,1600000,5c0186e587c5fd4b
int64,small_range,voracious_stable_sort,1,100000,20260912,1,,191,80,1400013,1626840,5c0186e587c5fd4b
int64,small_range,voracious_sort,0,100000,20260912,1,,191,80,1400013,1626840,5c0186e587c5fd4b
int64,small_range,rdst,0,100000,20260912,1,,0,0,900009,1600008,5c0186e587c5fd4b
int64,sawtooth,brainsort,1,100000,20260912,1,,102088,199,,1604128,db2912b6ef590f13
int64,sawtooth,slice::sort,1,100000,20260912,1,,771643,198000,,1600000,db2912b6ef590f13
int64,sawtooth,slice::sort_unstable,0,100000,20260912,1,,1167434,171842,,0,83ca1e8127555f63
int64,sawtooth,radsort,1,100000,20260912,1,,0,0,300001,1600000,db2912b6ef590f13
int64,sawtooth,voracious_stable_sort,1,100000,20260912,1,,14084,55,1700015,1626840,db2912b6ef590f13
int64,sawtooth,voracious_sort,0,100000,20260912,1,,14084,55,1700015,1626840,db2912b6ef590f13
int64,sawtooth,rdst,0,100000,20260912,1,,0,0,1000010,1600016,db2912b6ef590f13
int64,prefixed,brainsort,1,100000,20260912,1,,1024,693,,1608224,5d73af5bcafaae51
int64,prefixed,slice::sort,1,100000,20260912,1,,1746880,783558,,1600000,5d73af5bcafaae51
int64,prefixed,slice::sort_unstable,0,100000,20260912,1,,1707429,767562,,0,e19b125e833d06c3
int64,prefixed,radsort,1,100000,20260912,1,,0,0,400001,1600000,5d73af5bcafaae51
int64,prefixed,voracious_stable_sort,1,100000,20260912,1,,178,81,2000017,1626840,5d73af5bcafaae51
int64,prefixed,voracious_sort,0,100000,20260912,1,,178,81,2000017,1626840,5d73af5bcafaae51
int64,prefixed,rdst,0,100000,20260912,1,,0,0,1100009,1600024,5d73af5bcafaae51
string,random,brainsort,1,100000,20260912,1,,1025,685,,882928,aedf8b76b827def3
string,random,slice::sort,1,100000,20260912,1,,1746133,781268,,1600000,aedf8b76b827def3
string,random,slice::sort_unstable,0,100000,20260912,1,,1709859,766778,,0,a0402c4a7ff26365
string,sorted,brainsort,1,100000,20260912,1,,99999,0,,0,c2cc699511dc4303
string,sorted,slice::sort,1,100000,20260912,1,,99999,0,,1600000,c2cc699511dc4303
string,sorted,slice::sort_unstable,0,100000,20260912,1,,99999,0,,0,c2cc699511dc4303
string,reverse,brainsort,1,100000,20260912,1,,202476,8308,,0,9511d26aa7fb46ad
string,reverse,slice::sort,1,100000,20260912,1,,1847712,22512,,1600000,9511d26aa7fb46ad
string,reverse,slice::sort_unstable,0,100000,20260912,1,,1877937,113039,,0,ff53939f9a1d9925
string,nearly_sorted,brainsort,1,100000,20260912,1,,326127,21601,,73728,1a2d572d812a406f
string,nearly_sorted,slice::sort,1,100000,20260912,1,,1579035,36216,,1600000,1a2d572d812a406f
string,nearly_sorted,slice::sort_unstable,0,100000,20260912,1,,1718826,110260,,0,e5a418aa744d023b
string,few_unique,brainsort,1,100000,20260912,1,,63960,702,,874736,77c5ca5cb05e38e5
string,few_unique,slice::sort,1,100000,20260912,1,,794010,332794,,1600000,77c5ca5cb05e38e5
string,few_unique,slice::sort_unstable,0,100000,20260912,1,,796342,331866,,0,87f50895a9bb67bb
string,all_equal,brainsort,1,100000,20260912,1,,99999,0,,0,c2cc699511dc4303
string,all_equal,slice::sort,1,100000,20260912,1,,99999,0,,1600000,c2cc699511dc4303
string,all_equal,slice::sort_unstable,0,100000,20260912,1,,99999,0,,0,c2cc699511dc4303
string,runs,brainsort,1,100000,20260912,1,,108761,89,,1616416,64e0f8afd8516051
string,runs,slice::sort,1,100000,20260912,1,,579056,95582,,1600000,64e0f8afd8516051
string,runs,slice::sort_unstable,0,100000,20260912,1,,1726565,177911,,0,45bf5199789e43af
string,organ_pipe,brainsort,1,100000,20260912,1,,199997,99998,,800032,3ed43a32699cb0d3
string,organ_pipe,slice::sort,1,100000,20260912,1,,199997,99998,,1600000,3ed43a32699cb0d3
string,organ_pipe,slice::sort_unstable,0,100000,20260912,1,,2114299,145247,,0,2bd94acf32440c27
string,small_range,brainsort,1,100000,20260912,1,,1024,656,,1600096,5c0186e587c5fd4b
string,small_range,slice::sort,1,100000,20260912,1,,326958,101177,,1600000,5c0186e587c5fd4b
string,small_range,slice::sort_unstable,0,100000,20260912,1,,326489,100745,,0,95e7019d62afc0e1
string,sawtooth,brainsort,1,100000,20260912,1,,102088,199,,1862176,db2912b6ef590f13
string,sawtooth,slice::sort,1,100000,20260912,1,,771643,198000,,1600000,db2912b6ef590f13
string,sawtooth,slice::sort_unstable,0,100000,20260912,1,,1167434,171842,,0,83ca1e8127555f63
string,prefixed,brainsort,1,100000,20260912,1,,46427,23097,,1608224,d5cda0e84027d4e5
string,prefixed,slice::sort,1,100000,20260912,1,,1749190,782151,,1600000,d5cda0e84027d4e5
string,prefixed,slice::sort_unstable,0,100000,20260912,1,,1706808,768806,,0,6c17694e65106f91
int32,random,brainsort,1,1000000,20260912,1,,1024,652,,4432584,f122803ffd297311
int32,random,slice::sort,1,1000000,20260912,1,,20820887,9473289,,8000000,f122803ffd297311
int32,random,slice::sort_unstable,0,1000000,20260912,1,,20578939,9603437,,0,c517bb078feb821f
int32,random,radsort,1,1000000,20260912,1,,0,0,5000001,8000000,f122803ffd297311
int32,random,voracious_stable_sort,1,1000000,20260912,1,,213,101,19000019,8018552,f122803ffd297311
int32,random,voracious_sort,0,1000000,20260912,1,,213,101,19000019,8018552,f122803ffd297311
int32,random,rdst,0,1000000,20260912,1,,0,0,8001026,32496,b5ed2ee982cb0399
int32,sorted,brainsort,1,1000000,20260912,1,,999999,0,,0,307276fdb96f3683
int32,sorted,slice::sort,1,1000000,20260912,1,,999999,0,,8000000,307276fdb96f3683
int32,sorted,slice::sort_unstable,0,1000000,20260912,1,,999999,0,,0,307276fdb96f3683
int32,sorted,radsort,1,1000000,20260912,1,,0,0,5000001,8000000,307276fdb96f3683
int32,sorted,voracious_stable_sort,1,1000000,20260912,1,,1000003,250,1,32,307276fdb96f3683
int32,sorted,voracious_sort,0,1000000,20260912,1,,1000003,250,1,32,307276fdb96f3683
int32,sorted,rdst,0,1000000,20260912,1,,0,0,3927749,0,307276fdb96f3683
int32,reverse,brainsort,1,1000000,20260912,1,,2000123,500,,0,cefefd4321cd7af5
int32,reverse,slice::sort,1,1000000,20260912,1,,4937510,2650,,8000000,cefefd4321cd7af5
int32,reverse,slice::sort_unstable,0,1000000,20260912,1,,22521388,1826066,,0,4d9687fe933af5e1
int32,reverse,radsort,1,1000000,20260912,1,,0,0,5000001,8000000,cefefd4321cd7af5
int32,reverse,voracious_stable_sort,1,1000000,20260912,0,mismatch at index 2956 (id 997043 vs expected id 997042) - not sorted or not stable,1000005,0,1,32,158fc65869de5ec3
int32,reverse,voracious_sort,0,1000000,20260912,1,,1000005,0,1,32,158fc65869de5ec3
int32,reverse,rdst,0,1000000,20260912,1,,0,0,8001026,32496,cefefd4321cd7af5
int32,nearly_sorted,brainsort,1,1000000,20260912,1,,3333772,247933,,786432,913c0a6328d9eb3b
int32,nearly_sorted,slice::sort,1,1000000,20260912,1,,19090844,392450,,8000000,913c0a6328d9eb3b
int32,nearly_sorted,slice::sort_unstable,0,1000000,20260912,1,,21622991,1518194,,0,55f7dd5bd47a3f43
int32,nearly_sorted,radsort,1,1000000,20260912,1,,0,0,5000001,8000000,913c0a6328d9eb3b
int32,nearly_sorted,voracious_stable_sort,1,1000000,20260912,1,,1514,77,19000019,8018552,913c0a6328d9eb3b
int32,nearly_sorted,voracious_sort,0,1000000,20260912,1,,1514,77,19000019,8018552,913c0a6328d9eb3b
int32,nearly_sorted,rdst,0,1000000,20260912,1,,0,0,8000983,32496,afd04b28b2eddde5
int32,few_unique,brainsort,1,1000000,20260912,1,,1024,675,,4266480,0cff3884604b799d
int32,few_unique,slice::sort,1,1000000,20260912,1,,7834290,3306142,,8000000,0cff3884604b799d
int32,few_unique,slice::sort_unstable,0,1000000,20260912,1,,7865051,3298738,,0,4c82b14883ac3e35
int32,few_unique,radsort,1,1000000,20260912,1,,0,0,5000001,8000000,0cff3884604b799d
int32,few_unique,voracious_stable_sort,1,1000000,20260912,1,,209,103,19000019,8018552,0cff3884604b799d
int32,few_unique,voracious_sort,0,1000000,20260912,1,,209,103,19000019,8018552,0cff3884604b799d
int32,few_unique,rdst,0,1000000,20260912,1,,0,0,6203425,321568,b0e97ad2a8b89ebb
int32,all_equal,brainsort,1,1000000,20260912,1,,999999,0,,0,307276fdb96f3683
int32,all_equal,slice::sort,1,1000000,20260912,1,,999999,0,,8000000,307276fdb96f3683
int32,all_equal,slice::sort_unstable,0,1000000,20260912,1,,999999,0,,0,307276fdb96f3683
int32,all_equal,radsort,1,1000000,20260912,1,,0,0,1000001,8000000,307276fdb96f3683
int32,all_equal,voracious_stable_sort,1,1000000,20260912,1,,4,0,1,32,307276fdb96f3683
int32,all_equal,voracious_sort,0,1000000,20260912,1,,4,0,1,32,307276fdb96f3683
int32,all_equal,rdst,0,1000000,20260912,1,,0,0,4000004,0,307276fdb96f3683
int32,runs,brainsort,1,1000000,20260912,1,,1008761,1003,,8008224,d804ddcd10e09f15
int32,runs,slice::sort,1,1000000,20260912,1,,10174651,2233702,,8000000,d804ddcd10e09f15
int32,runs,slice::sort_unstable,0,1000000,20260912,1,,20802753,3060622,,0,8d714ef08976e44b
int32,runs,radsort,1,1000000,20260912,1,,0,0,5000001,8000000,d804ddcd10e09f15
int32,runs,voracious_stable_sort,1,1000000,20260912,1,,51992,8826,19000019,8018552,d804ddcd10e09f15
int32,runs,voracious_sort,0,1000000,20260912,1,,51992,8826,19000019,8018552,d804ddcd10e09f15
int32,runs,rdst,0,1000000,20260912,1,,0,0,9003173,2593056,1ab0c26d9646c3ef
int32,organ_pipe,brainsort,1,1000000,20260912,1,,1999997,999998,,4000024,dabde26c930508e3
int32,organ_pipe,slice::sort,1,1000000,20260912,1,,1999997,999998,,8000000,dabde26c930508e3
int32,organ_pipe,slice::sort_unstable,0,1000000,20260912,1,,26859100,1857202,,0,9a7dc83a3b8b5943
int32,organ_pipe,radsort,1,1000000,20260912,1,,0,0,4000001,8000000,dabde26c930508e3
int32,organ_pipe,voracious_stable_sort,1,1000000,20260912,1,,2000009,999999,1,4000024,dabde26c930508e3
int32,organ_pipe,voracious_sort,0,1000000,20260912,1,,2000009,999999,1,4000024,dabde26c930508e3
int32,organ_pipe,rdst,0,1000000,20260912,1,,0,0,7000035,1048592,34c21fedf2f72f8f
int32,small_range,brainsort,1,1000000,20260912,1,,1024,656,,4250080,3fb16c6cc310994b
int32,small_range,slice::sort,1,1000000,20260912,1,,3257037,1000769,,8000000,3fb16c6cc310994b
int32,small_range,slice::sort_unstable,0,1000000,20260912,1,,3254830,999521,,0,9a63900599215ba5
int32,small_range,radsort,1,1000000,20260912,1,,0,0,2000001,8000000,3fb16c6cc310994b
int32,small_range,voracious_stable_sort,1,1000000,20260912,1,,234,103,10000013,8018552,3fb16c6cc310994b
int32,small_range,voracious_sort,0,1000000,20260912,1,,234,103,10000013,8018552,3fb16c6cc310994b
int32,small_range,rdst,0,1000000,20260912,1,,0,0,5000005,8000008,3fb16c6cc310994b
int32,sawtooth,brainsort,1,1000000,20260912,1,,1002088,1999,,8004128,5ff0ed0d14ef7a03
int32,sawtooth,slice::sort,1,1000000,20260912,1,,10970955,1998000,,8000000,5ff0ed0d14ef7a03
int32,sawtooth,slice::sort_unstable,0,1000000,20260912,1,,11379874,1670152,,0,26a9104da258a703
int32,sawtooth,radsort,1,1000000,20260912,1,,0,0,3000001,8000000,5ff0ed0d14ef7a03
int32,sawtooth,voracious_stable_sort,1,1000000,20260912,1,,19114,76,13000015,8018552,5ff0ed0d14ef7a03
int32,sawtooth,voracious_sort,0,1000000,20260912,1,,19114,76,13000015,8018552,5ff0ed0d14ef7a03
int32,sawtooth,rdst,0,1000000,20260912,1,,0,0,6000006,8000016,5ff0ed0d14ef7a03
int32,prefixed,brainsort,1,1000000,20260912,1,,1024,693,,8008224,8b52872778c86c83
int32,prefixed,slice::sort,1,1000000,20260912,1,,20793347,9455543,,8000000,8b52872778c86c83
int32,prefixed,slice::sort_unstable,0,1000000,20260912,1,,20553078,9542713,,0,124815d48ea9aad1
int32,prefixed,radsort,1,1000000,20260912,1,,0,0,4000001,8000000,8b52872778c86c83
int32,prefixed,voracious_stable_sort,1,1000000,20260912,1,,208,96,16000017,8018552,8b52872778c86c83
int32,prefixed,voracious_sort,0,1000000,20260912,1,,208,96,16000017,8018552,8b52872778c86c83
int32,prefixed,rdst,0,1000000,20260912,1,,0,0,7000067,503448,d5e9eda735bdd19f
int32,sparse_bits,brainsort,1,1000000,20260912,1,,1024,691,,8001056,91eb6bd161bb9915
int32,sparse_bits,slice::sort,1,1000000,20260912,1,,9233447,3984752,,8000000,91eb6bd161bb9915
int32,sparse_bits,slice::sort_unstable,0,1000000,20260912,1,,9217965,3984556,,0,6d799a04cc42d25f
int32,sparse_bits,radsort,1,1000000,20260912,1,,0,0,3000001,8000000,91eb6bd161bb9915
int32,sparse_bits,voracious_stable_sort,1,1000000,20260912,1,,212,93,13000015,8018552,91eb6bd161bb9915
int32,sparse_bits,voracious_sort,0,1000000,20260912,1,,212,93,13000015,8018552,91eb6bd161bb9915
int32,sparse_bits,rdst,0,1000000,20260912,1,,0,0,6000066,503008,2835f259d7da82f1
double,random,brainsort,1,1000000,20260912,1,,1024,687,,8565696,7cf41c6ae8e41fe9
double,random,slice::sort,1,1000000,20260912,1,,20824681,9468895,,8000000,7cf41c6ae8e41fe9
double,random,slice::sort_unstable,0,1000000,20260912,1,,20427867,9344541,,0,7cf41c6ae8e41fe9
double,random,radsort,1,1000000,20260912,1,,0,0,9000001,16000000,7cf41c6ae8e41fe9
double,random,voracious_stable_sort,1,1000000,20260912,1,,211,97,35000027,16026840,7cf41c6ae8e41fe9
double,random,voracious_sort,0,1000000,20260912,1,,1200138,144968,22550216,1081808,7cf41c6ae8e41fe9
double,random,rdst,0,1000000,20260912,1,,0,0,16000362,1055112,7cf41c6ae8e41fe9
double,sorted,brainsort,1,1000000,20260912,1,,999999,0,,0,307276fdb96f3683
double,sorted,slice::sort,1,1000000,20260912,1,,999999,0,,8000000,307276fdb96f3683
double,sorted,slice::sort_unstable,0,1000000,20260912,1,,999999,0,,0,307276fdb96f3683
double,sorted,radsort,1,1000000,20260912,1,,0,0,9000001,16000000,307276fdb96f3683
double,sorted,voracious_stable_sort,1,1000000,20260912,1,,1000003,0,1,32,307276fdb96f3683
double,sorted,voracious_sort,0,1000000,20260912,1,,1000003,0,1,32,307276fdb96f3683
double,sorted,rdst,0,1000000,20260912,1,,0,0,5039215,0,307276fdb96f3683
double,reverse,brainsort,1,1000000,20260912,1,,999999,0,,0,158fc65869de5ec3
double,reverse,slice::sort,1,1000000,20260912,1,,999999,0,,8000000,158fc65869de5ec3
double,reverse,slice::sort_unstable,0,1000000,20260912,1,,999999,0,,0,158fc65869de5ec3
double,reverse,radsort,1,1000000,20260912,1,,0,0,9000001,16000000,158fc65869de5ec3
double,reverse,voracious_stable_sort,1,1000000,20260912,1,,1000005,0,1,32,158fc65869de5ec3
double,reverse,voracious_sort,0,1000000,20260912,1,,1000005,0,1,32,158fc65869de5ec3
double,reverse,rdst,0,1000000,20260912,1,,0,0,16000362,1055112,158fc65869de5ec3
double,nearly_sorted,brainsort,1,1000000,20260912,1,,3333771,247933,,1179648,756421856b0e4e51
double,nearly_sorted,slice::sort,1,1000000,20260912,1,,19044056,331446,,8000000,756421856b0e4e51
double,nearly_sorted,slice::sort_unstable,0,1000000,20260912,1,,21039491,1264796,,0,756421856b0e4e51
double,nearly_sorted,radsort,1,1000000,20260912,1,,0,0,9000001,16000000,756421856b0e4e51
double,nearly_sorted,voracious_stable_sort,1,1000000,20260912,1,,1514,77,35000027,16026840,756421856b0e4e51
double,nearly_sorted,voracious_sort,0,1000000,20260912,1,,1013988,9550,22481923,1081808,756421856b0e4e51
double,nearly_sorted,rdst,0,1000000,20260912,1,,0,0,16000166,1055112,756421856b0e4e51
double,few_unique,brainsort,1,1000000,20260912,1,,1024,672,,8549312,15ad57c01be48389
double,few_unique,slice::sort,1,1000000,20260912,1,,8875648,3306588,,8000000,15ad57c01be48389
double,few_unique,slice::sort_unstable,0,1000000,20260912,1,,7874479,3297162,,0,0bd538b1f03b7623
double,few_unique,radsort,1,1000000,20260912,1,,0,0,9000001,16000000,15ad57c01be48389
double,few_unique,voracious_stable_sort,1,1000000,20260912,1,,209,109,35000027,16026840,15ad57c01be48389
double,few_unique,voracious_sort,0,1000000,20260912,1,,740694,287,20304772,818208,b3ae37df6d63fc09
double,few_unique,rdst,0,1000000,20260912,1,,0,0,14924512,793560,3edb1b14b1878507
double,all_equal,brainsort,1,1000000,20260912,1,,999999,0,,0,307276fdb96f3683
double,all_equal,slice::sort,1,1000000,20260912,1,,999999,0,,8000000,307276fdb96f3683
double,all_equal,slice::sort_unstable,0,1000000,20260912,1,,999999,0,,0,307276fdb96f3683
double,all_equal,radsort,1,1000000,20260912,1,,0,0,1000001,16000000,307276fdb96f3683
double,all_equal,voracious_stable_sort,1,1000000,20260912,1,,4,0,1,32,307276fdb96f3683
double,all_equal,voracious_sort,0,1000000,20260912,1,,4,0,1,32,307276fdb96f3683
double,all_equal,rdst,0,1000000,20260912,1,,0,0,8000008,0,307276fdb96f3683
double,runs,brainsort,1,1000000,20260912,1,,1008761,1003,,16131104,d804ddcd10e09f15
double,runs,slice::sort,1,1000000,20260912,1,,10174651,2233702,,8000000,d804ddcd10e09f15
double,runs,slice::sort_unstable,0,1000000,20260912,1,,20548733,3019746,,0,6349af422ecb5905
double,runs,radsort,1,1000000,20260912,1,,0,0,9000001,16000000,d804ddcd10e09f15
double,runs,voracious_stable_sort,1,1000000,20260912,1,,51992,8826,35000027,16026840,d804ddcd10e09f15
double,runs,voracious_sort,0,1000000,20260912,1,,1134633,415720,22736988,454264,f99161afc7f84565
double,runs,rdst,0,1000000,20260912,1,,0,0,12527650,419360,487453441ee7b245
double,organ_pipe,brainsort,1,1000000,20260912,1,,1999997,999998,,8000032,dabde26c930508e3
double,organ_pipe,slice::sort,1,1000000,20260912,1,,1999997,999998,,8000000,dabde26c930508e3
double,organ_pipe,slice::sort_unstable,0,1000000,20260912,1,,26507926,1496504,,0,a48a464df199f323
double,organ_pipe,radsort,1,1000000,20260912,1,,0,0,5000001,16000000,dabde26c930508e3
double,organ_pipe,voracious_stable_sort,1,1000000,20260912,1,,2000009,999999,1,8000016,dabde26c930508e3
double,organ_pipe,voracious_sort,0,1000000,20260912,1,,2000009,999999,1,8000016,dabde26c930508e3
double,organ_pipe,rdst,0,1000000,20260912,1,,0,0,12026333,524336,485deae50c3f13db
double,small_range,brainsort,1,1000000,20260912,1,,1024,656,,16008224,3fb16c6cc310994b
double,small_range,slice::sort,1,1000000,20260912,1,,4384510,980283,,8000000,3fb16c6cc310994b
double,small_range,slice::sort_unstable,0,1000000,20260912,1,,3254830,999521,,0,9a63900599215ba5
double,small_range,radsort,1,1000000,20260912,1,,0,0,3000001,16000000,3fb16c6cc310994b
double,small_range,voracious_stable_sort,1,1000000,20260912,1,,234,103,17000015,16026840,3fb16c6cc310994b
double,small_range,voracious_sort,0,1000000,20260912,1,,248,105,12499895,26648,75a1c698cfded777
double,small_range,rdst,0,1000000,20260912,1,,0,0,10219755,0,9753e6e8aa201a03
double,sawtooth,brainsort,1,1000000,20260912,1,,1002088,1999,,16008224,5ff0ed0d14ef7a03
double,sawtooth,slice::sort,1,1000000,20260912,1,,10970955,1998000,,8000000,5ff0ed0d14ef7a03
double,sawtooth,slice::sort_unstable,0,1000000,20260912,1,,11379874,1670152,,0,26a9104da258a703
double,sawtooth,radsort,1,1000000,20260912,1,,0,0,4000001,16000000,5ff0ed0d14ef7a03
double,sawtooth,voracious_stable_sort,1,1000000,20260912,1,,19114,76,20000017,16026840,5ff0ed0d14ef7a03
double,sawtooth,voracious_sort,0,1000000,20260912,1,,996165,2063,19800335,546952,0927d62a15db9343
double,sawtooth,rdst,0,1000000,20260912,1,,0,0,10991421,512048,7df6aa6e7f17ce03
double,prefixed,brainsort,1,1000000,20260912,1,,1024,687,,8532928,7cf41c6ae8e41fe9
double,prefixed,slice::sort,1,1000000,20260912,1,,20824681,9468895,,8000000,7cf41c6ae8e41fe9
double,prefixed,slice::sort_unstable,0,1000000,20260912,1,,20427867,9344541,,0,7cf41c6ae8e41fe9
double,prefixed,radsort,1,1000000,20260912,1,,0,0,7000001,16000000,7cf41c6ae8e41fe9
double,prefixed,voracious_stable_sort,1,1000000,20260912,1,,211,97,29000023,16026840,7cf41c6ae8e41fe9
double,prefixed,voracious_sort,0,1000000,20260912,1,,1004654,5910,28859865,1316080,7cf41c6ae8e41fe9
double,prefixed,rdst,0,1000000,20260912,1,,0,0,14000006,16000048,7cf41c6ae8e41fe9
int64,random,brainsort,1,1000000,20260912,1,,1024,670,,8565696,9e55b5f4a3048379
int64,random,slice::sort,1,1000000,20260912,1,,20834636,9466685,,8000000,9e55b5f4a3048379
int64,random,slice::sort_unstable,0,1000000,20260912,1,,20395184,9344252,,0,9e55b5f4a3048379
int64,random,radsort,1,1000000,20260912,1,,0,0,9000001,16000000,9e55b5f4a3048379
int64,random,voracious_stable_sort,1,1000000,20260912,1,,4317115,1363291,13000776,16081848,9e55b5f4a3048379
int64,random,voracious_sort,0,1000000,20260912,1,,4323692,1364595,13000776,83896,9e55b5f4a3048379
int64,random,rdst,0,1000000,20260912,1,,0,0,16001026,65496,9e55b5f4a3048379
int64,sorted,brainsort,1,1000000,20260912,1,,999999,0,,0,307276fdb96f3683
int64,sorted,slice::sort,1,1000000,20260912,1,,999999,0,,8000000,307276fdb96f3683
int64,sorted,slice::sort_unstable,0,1000000,20260912,1,,999999,0,,0,307276fdb96f3683
int64,sorted,radsort,1,1000000,20260912,1,,0,0,9000001,16000000,307276fdb96f3683
int64,sorted,voracious_stable_sort,1,1000000,20260912,1,,1000003,0,1,32,307276fdb96f3683
int64,sorted,voracious_sort,0,1000000,20260912,1,,1000003,0,1,32,307276fdb96f3683
int64,sorted,rdst,0,1000000,20260912,1,,0,0,3928241,0,307276fdb96f3683
int64,reverse,brainsort,1,1000000,20260912,1,,999999,0,,0,158fc65869de5ec3
int64,reverse,slice::sort,1,1000000,20260912,1,,999999,0,,8000000,158fc65869de5ec3
int64,reverse,slice::sort_unstable,0,1000000,20260912,1,,999999,0,,0,158fc65869de5ec3
int64,reverse,radsort,1,1000000,20260912,1,,0,0,9000001,16000000,158fc65869de5ec3
int64,reverse,voracious_stable_sort,1,1000000,20260912,1,,1000005,0,1,32,158fc65869de5ec3
int64,reverse,voracious_sort,0,1000000,20260912,1,,1000005,0,1,32,158fc65869de5ec3
int64,reverse,rdst,0,1000000,20260912,1,,0,0,16001026,65496,158fc65869de5ec3
int64,nearly_sorted,brainsort,1,1000000,20260912,1,,3333771,247933,,1179648,756421856b0e4e51
int64,nearly_sorted,slice::sort,1,1000000,20260912,1,,19044056,331446,,8000000,756421856b0e4e51
int64,nearly_sorted,slice::sort_unstable,0,1000000,20260912,1,,21039491,1264796,,0,756421856b0e4e51
int64,nearly_sorted,radsort,1,1000000,20260912,1,,0,0,9000001,16000000,756421856b0e4e51
int64,nearly_sorted,voracious_stable_sort,1,1000000,20260912,1,,1116157,133803,13000776,16081848,756421856b0e4e51
int64,nearly_sorted,voracious_sort,0,1000000,20260912,1,,1226641,149187,13000653,83896,756421856b0e4e51
int64,nearly_sorted,rdst,0,1000000,20260912,1,,0,0,16000985,65496,756421856b0e4e51
int64,few_unique,brainsort,1,1000000,20260912,1,,1024,690,,8549312,1619cd8345e34085
int64,few_unique,slice::sort,1,1000000,20260912,1,,8876623,3304826,,8000000,1619cd8345e34085
int64,few_unique,slice::sort_unstable,0,1000000,20260912,1,,7833618,3303768,,0,0e0d9c7fef51e0b1
int64,few_unique,radsort,1,1000000,20260912,1,,0,0,9000001,16000000,1619cd8345e34085
int64,few_unique,voracious_stable_sort,1,1000000,20260912,1,,205,98,49002048,17527912,1619cd8345e34085
int64,few_unique,voracious_sort,0,1000000,20260912,1,,444,152,21046602,1518056,18ea9110245df60d
int64,few_unique,rdst,0,1000000,20260912,1,,0,0,11523426,485176,876ef1d0a388dc9d
int64,all_equal,brainsort,1,1000000,20260912,1,,999999,0,,0,307276fdb96f3683
int64,all_equal,slice::sort,1,1000000,20260912,1,,999999,0,,8000000,307276fdb96f3683
int64,all_equal,slice::sort_unstable,0,1000000,20260912,1,,999999,0,,0,307276fdb96f3683
int64,all_equal,radsort,1,1000000,20260912,1,,0,0,1000001,16000000,307276fdb96f3683
int64,all_equal,voracious_stable_sort,1,1000000,20260912,1,,4,0,1,32,307276fdb96f3683
int64,all_equal,voracious_sort,0,1000000,20260912,1,,4,0,1,32,307276fdb96f3683
int64,all_equal,rdst,0,1000000,20260912,1,,0,0,8000008,0,307276fdb96f3683
int64,runs,brainsort,1,1000000,20260912,1,,1008761,1003,,16008224,d804ddcd10e09f15
int64,runs,slice::sort,1,1000000,20260912,1,,10174651,2233702,,8000000,d804ddcd10e09f15
int64,runs,slice::sort_unstable,0,1000000,20260912,1,,20548733,3019746,,0,6349af422ecb5905
int64,runs,radsort,1,1000000,20260912,1,,0,0,9000001,16000000,d804ddcd10e09f15
int64,runs,voracious_stable_sort,1,1000000,20260912,1,,57356,9713,48995367,61494552,d804ddcd10e09f15
int64,runs,voracious_sort,0,1000000,20260912,1,,71921,12515,36978942,108632,6ba874981017447d
int64,runs,rdst,0,1000000,20260912,1,,0,0,12506431,8043224,d20d1a05e6b3ade1
int64,organ_pipe,brainsort,1,1000000,20260912,1,,1999997,999998,,8000032,dabde26c930508e3
int64,organ_pipe,slice::sort,1,1000000,20260912,1,,1999997,999998,,8000000,dabde26c930508e3
int64,organ_pipe,slice::sort_unstable,0,1000000,20260912,1,,26507926,1496504,,0,a48a464df199f323
int64,organ_pipe,radsort,1,1000000,20260912,1,,0,0,4000001,16000000,dabde26c930508e3
int64,organ_pipe,voracious_stable_sort,1,1000000,20260912,1,,2000009,999999,1,8000016,dabde26c930508e3
int64,organ_pipe,voracious_sort,0,1000000,20260912,1,,2000009,999999,1,8000016,dabde26c930508e3
int64,organ_pipe,rdst,0,1000000,20260912,1,,0,0,11000009,16000024,dabde26c930508e3
int64,small_range,brainsort,1,1000000,20260912,1,,1024,656,,16000048,3fb16c6cc310994b
int64,small_range,slice::sort,1,1000000,20260912,1,,4384510,980283,,8000000,3fb16c6cc310994b
int64,small_range,slice::sort_unstable,0,1000000,20260912,1,,3254830,999521,,0,9a63900599215ba5
int64,small_range,radsort,1,1000000,20260912,1,,0,0,2000001,16000000,3fb16c6cc310994b
int64,small_range,voracious_stable_sort,1,1000000,20260912,1,,234,103,49000029,128065608,3fb16c6cc310994b
int64,small_range,voracious_sort,0,1000000,20260912,1,,246,107,28000029,88136,630f93ea9c500ac7
int64,small_range,rdst,0,1000000,20260912,1,,0,0,9000009,16000008,3fb16c6cc310994b
int64,sawtooth,brainsort,1,1000000,20260912,1,,1002088,1999,,16004128,5ff0ed0d14ef7a03
int64,sawtooth,slice::sort,1,1000000,20260912,1,,10970955,1998000,,8000000,5ff0ed0d14ef7a03
int64,sawtooth,slice::sort_unstable,0,1000000,20260912,1,,11379874,1670152,,0,26a9104da258a703
int64,sawtooth,radsort,1,1000000,20260912,1,,0,0,3000001,16000000,5ff0ed0d14ef7a03
int64,sawtooth,voracious_stable_sort,1,1000000,20260912,1,,19114,76,49000038,116161608,5ff0ed0d14ef7a03
int64,sawtooth,voracious_sort,0,1000000,20260912,1,,21116,79,31000038,87112,a8acf891c118c213
int64,sawtooth,rdst,0,1000000,20260912,1,,0,0,10000010,16000016,5ff0ed0d14ef7a03
int64,prefixed,brainsort,1,1000000,20260912,1,,1024,693,,16008224,8b52872778c86c83
int64,prefixed,slice::sort,1,1000000,20260912,1,,20791956,9460386,,8000000,8b52872778c86c83
int64,prefixed,slice::sort_unstable,0,1000000,20260912,1,,20384353,9323627,,0,6147e75c355fbe39
int64,prefixed,radsort,1,1000000,20260912,1,,0,0,4000001,16000000,8b52872778c86c83
int64,prefixed,voracious_stable_sort,1,1000000,20260912,1,,208,96,49012359,97077096,8b52872778c86c83
int64,prefixed,voracious_sort,0,1000000,20260912,1,,218,99,34012359,84872,a00fcb4aeb156b57
int64,prefixed,rdst,0,1000000,20260912,1,,0,0,11000009,16000024,8b52872778c86c83
string,random,brainsort,1,1000000,20260912,1,,1043,691,,8532928,465f9ea07f4206e3
string,random,slice::sort,1,1000000,20260912,1,,20808319,9441641,,8000000,465f9ea07f4206e3
string,random,slice::sort_unstable,0,1000000,20260912,1,,20380675,9337082,,0,bcd1678c800a4867
string,sorted,brainsort,1,1000000,20260912,1,,999999,0,,0,307276fdb96f3683
string,sorted,slice::sort,1,1000000,20260912,1,,999999,0,,8000000,307276fdb96f3683
string,sorted,slice::sort_unstable,0,1000000,20260912,1,,999999,0,,0,307276fdb96f3683
string,reverse,brainsort,1,1000000,20260912,1,,2093196,107690,,0,f39bf2e03d696785
string,reverse,slice::sort,1,1000000,20260912,1,,21182042,334618,,8000000,f39bf2e03d696785
string,reverse,slice::sort_unstable,0,1000000,20260912,1,,22557905,1208874,,0,b2c0451fe52899ed
string,nearly_sorted,brainsort,1,1000000,20260912,1,,3339859,248307,,1179648,b912281b8d7e3ded
string,nearly_sorted,slice::sort,1,1000000,20260912,1,,19052956,339292,,8000000,b912281b8d7e3ded
string,nearly_sorted,slice::sort_unstable,0,1000000,20260912,1,,20991118,1283148,,0,f85f35e62ba92673
string,few_unique,brainsort,1,1000000,20260912,1,,630742,702,,8524736,28476c91745c523f
string,few_unique,slice::sort,1,1000000,20260912,1,,8857864,3312036,,8000000,28476c91745c523f
string,few_unique,slice::sort_unstable,0,1000000,20260912,1,,7804140,3311126,,0,e897e5a949a9ecad
string,all_equal,brainsort,1,1000000,20260912,1,,999999,0,,0,307276fdb96f3683
string,all_equal,slice::sort,1,1000000,20260912,1,,999999,0,,8000000,307276fdb96f3683
string,all_equal,slice::sort_unstable,0,1000000,20260912,1,,999999,0,,0,307276fdb96f3683
string,runs,brainsort,1,1000000,20260912,1,,1008761,1003,,16016416,d804ddcd10e09f15
string,runs,slice::sort,1,1000000,20260912,1,,10174651,2233702,,8000000,d804ddcd10e09f15
string,runs,slice::sort_unstable,0,1000000,20260912,1,,20548733,3019746,,0,6349af422ecb5905
string,organ_pipe,brainsort,1,1000000,20260912,1,,1999997,999998,,8000032,dabde26c930508e3
string,organ_pipe,slice::sort,1,1000000,20260912,1,,1999997,999998,,8000000,dabde26c930508e3
string,organ_pipe,slice::sort_unstable,0,1000000,20260912,1,,26507926,1496504,,0,a48a464df199f323
string,small_range,brainsort,1,1000000,20260912,1,,1024,656,,16000096,3fb16c6cc310994b
string,small_range,slice::sort,1,1000000,20260912,1,,4384510,980283,,8000000,3fb16c6cc310994b
string,small_range,slice::sort_unstable,0,1000000,20260912,1,,3254830,999521,,0,9a63900599215ba5
string,sawtooth,brainsort,1,1000000,20260912,1,,1002088,1999,,16262176,5ff0ed0d14ef7a03
string,sawtooth,slice::sort,1,1000000,20260912,1,,10970955,1998000,,8000000,5ff0ed0d14ef7a03
string,sawtooth,slice::sort_unstable,0,1000000,20260912,1,,11379874,1670152,,0,26a9104da258a703
string,prefixed,brainsort,1,1000000,20260912,1,,3214523,1138518,,16008224,6b1cd469c981c913
string,prefixed,slice::sort,1,1000000,20260912,1,,20826066,9470290,,8000000,6b1cd469c981c913
string,prefixed,slice::sort_unstable,0,1000000,20260912,1,,20438430,9337782,,0,c20621a2120aba81
