type,dataset,algorithm,stable,n,seed,reps,batch,wall_ns_med,wall_ns_min,cpu_ns_med,instr_med,cycles_med,counts_accesses,rss_delta_bytes,backend,ok,error,reads,writes,compares,table_reads,table_writes,table_bytes,key_bytes,cmp_flips,traffic_bytes,l1_misses,l2_misses,unmapped,aux_peak_bytes,aux_allocs,max_depth,fallbacks,bad_parts,route,r_sorted,r_reverse,r_runs,r_displaced,r_radix,giveups,splits,split_retries,part_sorts,dict_tries,dict_hits,plan_retries,radix_passes,passes_skipped,order_hash,trace_hash
int32,random,introsort,0,1000,20260912,21,100,5751,5681,,,24150,0,36864,windows-qpc-cycletime,1,,,,,,,,,,,,,,,,,,,,,,,,,,,,,,,,,,,
int32,random,timsort,1,1000,20260912,21,100,9717,9639,,,40777,0,126976,windows-qpc-cycletime,1,,,,,,,,,,,,,,,,,,,,,,,,,,,,,,,,,,,
int32,random,pdqsort,0,1000,20260912,21,100,5789,5755,,,24276,0,36864,windows-qpc-cycletime,1,,,,,,,,,,,,,,,,,,,,,,,,,,,,,,,,,,,
int32,random,mergesort,1,1000,20260912,21,100,6474,6386,,,27195,0,36864,windows-qpc-cycletime,1,,,,,,,,,,,,,,,,,,,,,,,,,,,,,,,,,,,
int32,random,heapsort,0,1000,20260912,21,100,8615,8513,,,36170,0,28672,windows-qpc-cycletime,1,,,,,,,,,,,,,,,,,,,,,,,,,,,,,,,,,,,
int32,random,brainsort,1,1000,20260912,21,100,4581,4425,,,19231,0,102400,windows-qpc-cycletime,1,,,,,,,,,,,,,,,,,,,,,,,,,,,,,,,,,,,
int32,random,radix11,1,1000,20260912,21,100,6849,6693,,,28770,0,73728,windows-qpc-cycletime,1,,,,,,,,,,,,,,,,,,,,,,,,,,,,,,,,,,,
int32,random,radix16,1,1000,20260912,21,100,61598,61015,,,258316,0,569344,windows-qpc-cycletime,1,,,,,,,,,,,,,,,,,,,,,,,,,,,,,,,,,,,
int32,random,std::sort,0,1000,20260912,21,100,6189,6128,,,25939,0,28672,windows-qpc-cycletime,1,,,,,,,,,,,,,,,,,,,,,,,,,,,,,,,,,,,
int32,random,std::stable_sort,1,1000,20260912,21,100,7438,7351,,,31214,0,90112,windows-qpc-cycletime,1,,,,,,,,,,,,,,,,,,,,,,,,,,,,,,,,,,,
int32,random,orlp::pdqsort,0,1000,20260912,21,100,4973,4901,,,20890,0,28672,windows-qpc-cycletime,1,,,,,,,,,,,,,,,,,,,,,,,,,,,,,,,,,,,
int32,random,orlp::pdqsort_branchless,0,1000,20260912,21,100,5729,5624,,,24061,0,36864,windows-qpc-cycletime,1,,,,,,,,,,,,,,,,,,,,,,,,,,,,,,,,,,,
int32,random,gfx::timsort,1,1000,20260912,21,100,12305,12186,,,51630,0,106496,windows-qpc-cycletime,1,,,,,,,,,,,,,,,,,,,,,,,,,,,,,,,,,,,
int32,sorted,introsort,0,1000,20260912,21,100,3730,3635,,,15603,0,36864,windows-qpc-cycletime,1,,,,,,,,,,,,,,,,,,,,,,,,,,,,,,,,,,,
int32,sorted,timsort,1,1000,20260912,21,100,305,302,,,1276,0,61440,windows-qpc-cycletime,1,,,,,,,,,,,,,,,,,,,,,,,,,,,,,,,,,,,
int32,sorted,pdqsort,0,1000,20260912,21,100,496,455,,,2079,0,32768,windows-qpc-cycletime,1,,,,,,,,,,,,,,,,,,,,,,,,,,,,,,,,,,,
int32,sorted,mergesort,1,1000,20260912,21,100,3989,3867,,,16669,0,45056,windows-qpc-cycletime,1,,,,,,,,,,,,,,,,,,,,,,,,,,,,,,,,,,,
int32,sorted,heapsort,0,1000,20260912,21,100,7800,7655,,,32751,0,28672,windows-qpc-cycletime,1,,,,,,,,,,,,,,,,,,,,,,,,,,,,,,,,,,,
int32,sorted,brainsort,1,1000,20260912,21,100,222,195,,,932,0,32768,windows-qpc-cycletime,1,,,,,,,,,,,,,,,,,,,,,,,,,,,,,,,,,,,
int32,sorted,radix11,1,1000,20260912,21,100,6876,6578,,,28812,0,69632,windows-qpc-cycletime,1,,,,,,,,,,,,,,,,,,,,,,,,,,,,,,,,,,,
int32,sorted,radix16,1,1000,20260912,21,100,61590,61175,,,258476,0,573440,windows-qpc-cycletime,1,,,,,,,,,,,,,,,,,,,,,,,,,,,,,,,,,,,
int32,sorted,std::sort,0,1000,20260912,21,100,3572,3512,,,15006,0,32768,windows-qpc-cycletime,1,,,,,,,,,,,,,,,,,,,,,,,,,,,,,,,,,,,
int32,sorted,std::stable_sort,1,1000,20260912,21,100,3329,3235,,,13977,0,90112,windows-qpc-cycletime,1,,,,,,,,,,,,,,,,,,,,,,,,,,,,,,,,,,,
int32,sorted,orlp::pdqsort,0,1000,20260912,21,100,498,445,,,2087,0,32768,windows-qpc-cycletime,1,,,,,,,,,,,,,,,,,,,,,,,,,,,,,,,,,,,
int32,sorted,orlp::pdqsort_branchless,0,1000,20260912,21,100,500,466,,,2100,0,36864,windows-qpc-cycletime,1,,,,,,,,,,,,,,,,,,,,,,,,,,,,,,,,,,,
int32,sorted,gfx::timsort,1,1000,20260912,21,100,565,529,,,2368,0,20480,windows-qpc-cycletime,1,,,,,,,,,,,,,,,,,,,,,,,,,,,,,,,,,,,
int32,reverse,introsort,0,1000,20260912,21,100,2985,2955,,,12545,0,36864,windows-qpc-cycletime,1,,,,,,,,,,,,,,,,,,,,,,,,,,,,,,,,,,,
int32,reverse,timsort,1,1000,20260912,21,100,742,621,,,3112,0,61440,windows-qpc-cycletime,1,,,,,,,,,,,,,,,,,,,,,,,,,,,,,,,,,,,
int32,reverse,pdqsort,0,1000,20260912,21,100,905,868,,,3792,0,36864,windows-qpc-cycletime,1,,,,,,,,,,,,,,,,,,,,,,,,,,,,,,,,,,,
int32,reverse,mergesort,1,1000,20260912,21,100,6451,6362,,,27090,0,45056,windows-qpc-cycletime,1,,,,,,,,,,,,,,,,,,,,,,,,,,,,,,,,,,,
int32,reverse,heapsort,0,1000,20260912,21,100,9429,9347,,,39551,0,28672,windows-qpc-cycletime,1,,,,,,,,,,,,,,,,,,,,,,,,,,,,,,,,,,,
int32,reverse,brainsort,1,1000,20260912,21,100,335,334,,,1402,0,40960,windows-qpc-cycletime,1,,,,,,,,,,,,,,,,,,,,,,,,,,,,,,,,,,,
int32,reverse,radix11,1,1000,20260912,21,100,6815,6586,,,28610,0,73728,windows-qpc-cycletime,1,,,,,,,,,,,,,,,,,,,,,,,,,,,,,,,,,,,
int32,reverse,radix16,1,1000,20260912,21,100,61529,61059,,,258220,0,573440,windows-qpc-cycletime,1,,,,,,,,,,,,,,,,,,,,,,,,,,,,,,,,,,,
int32,reverse,std::sort,0,1000,20260912,21,100,2660,2586,,,11104,0,28672,windows-qpc-cycletime,1,,,,,,,,,,,,,,,,,,,,,,,,,,,,,,,,,,,
int32,reverse,std::stable_sort,1,1000,20260912,21,100,5802,5722,,,24347,0,90112,windows-qpc-cycletime,1,,,,,,,,,,,,,,,,,,,,,,,,,,,,,,,,,,,
int32,reverse,orlp::pdqsort,0,1000,20260912,21,100,766,761,,,3217,0,32768,windows-qpc-cycletime,1,,,,,,,,,,,,,,,,,,,,,,,,,,,,,,,,,,,
int32,reverse,orlp::pdqsort_branchless,0,1000,20260912,21,100,1118,1036,,,4687,0,36864,windows-qpc-cycletime,1,,,,,,,,,,,,,,,,,,,,,,,,,,,,,,,,,,,
int32,reverse,gfx::timsort,1,1000,20260912,21,100,725,700,,,3036,0,20480,windows-qpc-cycletime,1,,,,,,,,,,,,,,,,,,,,,,,,,,,,,,,,,,,
int32,nearly_sorted,introsort,0,1000,20260912,21,100,3676,3640,,,15430,0,36864,windows-qpc-cycletime,1,,,,,,,,,,,,,,,,,,,,,,,,,,,,,,,,,,,
int32,nearly_sorted,timsort,1,1000,20260912,21,100,2121,2047,,,8912,0,65536,windows-qpc-cycletime,1,,,,,,,,,,,,,,,,,,,,,,,,,,,,,,,,,,,
int32,nearly_sorted,pdqsort,0,1000,20260912,21,100,1587,1546,,,6665,0,36864,windows-qpc-cycletime,1,,,,,,,,,,,,,,,,,,,,,,,,,,,,,,,,,,,
int32,nearly_sorted,mergesort,1,1000,20260912,21,100,4329,4226,,,18177,0,40960,windows-qpc-cycletime,1,,,,,,,,,,,,,,,,,,,,,,,,,,,,,,,,,,,
int32,nearly_sorted,heapsort,0,1000,20260912,21,100,7815,7676,,,32772,0,28672,windows-qpc-cycletime,1,,,,,,,,,,,,,,,,,,,,,,,,,,,,,,,,,,,
int32,nearly_sorted,brainsort,1,1000,20260912,21,100,3106,3040,,,13041,0,69632,windows-qpc-cycletime,1,,,,,,,,,,,,,,,,,,,,,,,,,,,,,,,,,,,
int32,nearly_sorted,radix11,1,1000,20260912,21,100,6939,6648,,,29110,0,73728,windows-qpc-cycletime,1,,,,,,,,,,,,,,,,,,,,,,,,,,,,,,,,,,,
int32,nearly_sorted,radix16,1,1000,20260912,21,100,61579,61113,,,258379,0,569344,windows-qpc-cycletime,1,,,,,,,,,,,,,,,,,,,,,,,,,,,,,,,,,,,
int32,nearly_sorted,std::sort,0,1000,20260912,21,100,3581,3498,,,15044,0,32768,windows-qpc-cycletime,1,,,,,,,,,,,,,,,,,,,,,,,,,,,,,,,,,,,
int32,nearly_sorted,std::stable_sort,1,1000,20260912,21,100,3967,3882,,,16657,0,90112,windows-qpc-cycletime,1,,,,,,,,,,,,,,,,,,,,,,,,,,,,,,,,,,,
int32,nearly_sorted,orlp::pdqsort,0,1000,20260912,21,100,1530,1515,,,6430,0,32768,windows-qpc-cycletime,1,,,,,,,,,,,,,,,,,,,,,,,,,,,,,,,,,,,
int32,nearly_sorted,orlp::pdqsort_branchless,0,1000,20260912,21,100,1775,1711,,,7434,0,36864,windows-qpc-cycletime,1,,,,,,,,,,,,,,,,,,,,,,,,,,,,,,,,,,,
int32,nearly_sorted,gfx::timsort,1,1000,20260912,21,100,2837,2717,,,11915,0,69632,windows-qpc-cycletime,1,,,,,,,,,,,,,,,,,,,,,,,,,,,,,,,,,,,
int32,few_unique,introsort,0,1000,20260912,21,100,5089,5013,,,21340,0,36864,windows-qpc-cycletime,1,,,,,,,,,,,,,,,,,,,,,,,,,,,,,,,,,,,
int32,few_unique,timsort,1,1000,20260912,21,100,9626,9535,,,40433,0,126976,windows-qpc-cycletime,1,,,,,,,,,,,,,,,,,,,,,,,,,,,,,,,,,,,
int32,few_unique,pdqsort,0,1000,20260912,21,100,5060,4999,,,21243,0,36864,windows-qpc-cycletime,1,,,,,,,,,,,,,,,,,,,,,,,,,,,,,,,,,,,
int32,few_unique,mergesort,1,1000,20260912,21,100,6314,6236,,,26497,0,32768,windows-qpc-cycletime,1,,,,,,,,,,,,,,,,,,,,,,,,,,,,,,,,,,,
int32,few_unique,heapsort,0,1000,20260912,21,100,8480,8407,,,35611,0,28672,windows-qpc-cycletime,1,,,,,,,,,,,,,,,,,,,,,,,,,,,,,,,,,,,
int32,few_unique,brainsort,1,1000,20260912,21,100,6587,6501,,,27652,0,110592,windows-qpc-cycletime,1,,,,,,,,,,,,,,,,,,,,,,,,,,,,,,,,,,,
int32,few_unique,radix11,1,1000,20260912,21,100,8244,8068,,,34532,0,69632,windows-qpc-cycletime,1,,,,,,,,,,,,,,,,,,,,,,,,,,,,,,,,,,,
int32,few_unique,radix16,1,1000,20260912,21,100,61431,61085,,,257707,0,569344,windows-qpc-cycletime,1,,,,,,,,,,,,,,,,,,,,,,,,,,,,,,,,,,,
int32,few_unique,std::sort,0,1000,20260912,21,100,5048,5021,,,21155,0,28672,windows-qpc-cycletime,1,,,,,,,,,,,,,,,,,,,,,,,,,,,,,,,,,,,
int32,few_unique,std::stable_sort,1,1000,20260912,21,100,7116,7063,,,29870,0,90112,windows-qpc-cycletime,1,,,,,,,,,,,,,,,,,,,,,,,,,,,,,,,,,,,
int32,few_unique,orlp::pdqsort,0,1000,20260912,21,100,4109,4033,,,17241,0,28672,windows-qpc-cycletime,1,,,,,,,,,,,,,,,,,,,,,,,,,,,,,,,,,,,
int32,few_unique,orlp::pdqsort_branchless,0,1000,20260912,21,100,4735,4658,,,19845,0,36864,windows-qpc-cycletime,1,,,,,,,,,,,,,,,,,,,,,,,,,,,,,,,,,,,
int32,few_unique,gfx::timsort,1,1000,20260912,21,100,12040,11967,,,50551,0,94208,windows-qpc-cycletime,1,,,,,,,,,,,,,,,,,,,,,,,,,,,,,,,,,,,
int32,all_equal,introsort,0,1000,20260912,21,100,3331,3236,,,13986,0,36864,windows-qpc-cycletime,1,,,,,,,,,,,,,,,,,,,,,,,,,,,,,,,,,,,
int32,all_equal,timsort,1,1000,20260912,21,100,373,347,,,1562,0,61440,windows-qpc-cycletime,1,,,,,,,,,,,,,,,,,,,,,,,,,,,,,,,,,,,
int32,all_equal,pdqsort,0,1000,20260912,21,100,519,475,,,2171,0,36864,windows-qpc-cycletime,1,,,,,,,,,,,,,,,,,,,,,,,,,,,,,,,,,,,
int32,all_equal,mergesort,1,1000,20260912,21,100,3969,3864,,,16623,0,40960,windows-qpc-cycletime,1,,,,,,,,,,,,,,,,,,,,,,,,,,,,,,,,,,,
int32,all_equal,heapsort,0,1000,20260912,21,100,6083,5903,,,25527,0,28672,windows-qpc-cycletime,1,,,,,,,,,,,,,,,,,,,,,,,,,,,,,,,,,,,
int32,all_equal,brainsort,1,1000,20260912,21,100,188,185,,,789,0,32768,windows-qpc-cycletime,1,,,,,,,,,,,,,,,,,,,,,,,,,,,,,,,,,,,
int32,all_equal,radix11,1,1000,20260912,21,100,4405,4092,,,18463,0,61440,windows-qpc-cycletime,1,,,,,,,,,,,,,,,,,,,,,,,,,,,,,,,,,,,
int32,all_equal,radix16,1,1000,20260912,21,100,58979,58702,,,247455,0,557056,windows-qpc-cycletime,1,,,,,,,,,,,,,,,,,,,,,,,,,,,,,,,,,,,
int32,all_equal,std::sort,0,1000,20260912,21,100,3046,2917,,,12759,0,28672,windows-qpc-cycletime,1,,,,,,,,,,,,,,,,,,,,,,,,,,,,,,,,,,,
int32,all_equal,std::stable_sort,1,1000,20260912,21,100,3265,3179,,,13708,0,90112,windows-qpc-cycletime,1,,,,,,,,,,,,,,,,,,,,,,,,,,,,,,,,,,,
int32,all_equal,orlp::pdqsort,0,1000,20260912,21,100,487,469,,,2037,0,28672,windows-qpc-cycletime,1,,,,,,,,,,,,,,,,,,,,,,,,,,,,,,,,,,,
int32,all_equal,orlp::pdqsort_branchless,0,1000,20260912,21,100,491,452,,,2058,0,36864,windows-qpc-cycletime,1,,,,,,,,,,,,,,,,,,,,,,,,,,,,,,,,,,,
int32,all_equal,gfx::timsort,1,1000,20260912,21,100,488,472,,,2045,0,20480,windows-qpc-cycletime,1,,,,,,,,,,,,,,,,,,,,,,,,,,,,,,,,,,,
int32,runs,introsort,0,1000,20260912,21,100,3749,3670,,,15657,0,36864,windows-qpc-cycletime,1,,,,,,,,,,,,,,,,,,,,,,,,,,,,,,,,,,,
int32,runs,timsort,1,1000,20260912,21,100,304,301,,,1272,0,61440,windows-qpc-cycletime,1,,,,,,,,,,,,,,,,,,,,,,,,,,,,,,,,,,,
int32,runs,pdqsort,0,1000,20260912,21,100,518,464,,,2167,0,32768,windows-qpc-cycletime,1,,,,,,,,,,,,,,,,,,,,,,,,,,,,,,,,,,,
int32,runs,mergesort,1,1000,20260912,21,100,3991,3820,,,16762,0,40960,windows-qpc-cycletime,1,,,,,,,,,,,,,,,,,,,,,,,,,,,,,,,,,,,
int32,runs,heapsort,0,1000,20260912,21,100,7823,7711,,,32848,0,28672,windows-qpc-cycletime,1,,,,,,,,,,,,,,,,,,,,,,,,,,,,,,,,,,,
int32,runs,brainsort,1,1000,20260912,21,100,208,186,,,848,0,32768,windows-qpc-cycletime,1,,,,,,,,,,,,,,,,,,,,,,,,,,,,,,,,,,,
int32,runs,radix11,1,1000,20260912,21,100,5973,5835,,,25011,0,69632,windows-qpc-cycletime,1,,,,,,,,,,,,,,,,,,,,,,,,,,,,,,,,,,,
int32,runs,radix16,1,1000,20260912,21,100,60108,59950,,,252243,0,569344,windows-qpc-cycletime,1,,,,,,,,,,,,,,,,,,,,,,,,,,,,,,,,,,,
int32,runs,std::sort,0,1000,20260912,21,100,3551,3459,,,14851,0,32768,windows-qpc-cycletime,1,,,,,,,,,,,,,,,,,,,,,,,,,,,,,,,,,,,
int32,runs,std::stable_sort,1,1000,20260912,21,100,3326,3210,,,13927,0,90112,windows-qpc-cycletime,1,,,,,,,,,,,,,,,,,,,,,,,,,,,,,,,,,,,
int32,runs,orlp::pdqsort,0,1000,20260912,21,100,489,446,,,2045,0,32768,windows-qpc-cycletime,1,,,,,,,,,,,,,,,,,,,,,,,,,,,,,,,,,,,
int32,runs,orlp::pdqsort_branchless,0,1000,20260912,21,100,504,446,,,2108,0,36864,windows-qpc-cycletime,1,,,,,,,,,,,,,,,,,,,,,,,,,,,,,,,,,,,
int32,runs,gfx::timsort,1,1000,20260912,21,100,584,482,,,2448,0,20480,windows-qpc-cycletime,1,,,,,,,,,,,,,,,,,,,,,,,,,,,,,,,,,,,
int32,organ_pipe,introsort,0,1000,20260912,21,100,9904,9709,,,41449,0,36864,windows-qpc-cycletime,1,,,,,,,,,,,,,,,,,,,,,,,,,,,,,,,,,,,
int32,organ_pipe,timsort,1,1000,20260912,21,100,1550,1390,,,6329,0,126976,windows-qpc-cycletime,1,,,,,,,,,,,,,,,,,,,,,,,,,,,,,,,,,,,
int32,organ_pipe,pdqsort,0,1000,20260912,21,100,5606,5517,,,23507,0,36864,windows-qpc-cycletime,1,,,,,,,,,,,,,,,,,,,,,,,,,,,,,,,,,,,
int32,organ_pipe,mergesort,1,1000,20260912,21,100,5379,5206,,,22591,0,40960,windows-qpc-cycletime,1,,,,,,,,,,,,,,,,,,,,,,,,,,,,,,,,,,,
int32,organ_pipe,heapsort,0,1000,20260912,21,100,8463,8372,,,35498,0,28672,windows-qpc-cycletime,1,,,,,,,,,,,,,,,,,,,,,,,,,,,,,,,,,,,
int32,organ_pipe,brainsort,1,1000,20260912,21,100,1312,1232,,,5514,0,110592,windows-qpc-cycletime,1,,,,,,,,,,,,,,,,,,,,,,,,,,,,,,,,,,,
int32,organ_pipe,radix11,1,1000,20260912,21,100,5436,5255,,,22835,0,69632,windows-qpc-cycletime,1,,,,,,,,,,,,,,,,,,,,,,,,,,,,,,,,,,,
int32,organ_pipe,radix16,1,1000,20260912,21,100,59854,59489,,,251013,0,573440,windows-qpc-cycletime,1,,,,,,,,,,,,,,,,,,,,,,,,,,,,,,,,,,,
int32,organ_pipe,std::sort,0,1000,20260912,21,100,9976,9898,,,41844,0,28672,windows-qpc-cycletime,1,,,,,,,,,,,,,,,,,,,,,,,,,,,,,,,,,,,
int32,organ_pipe,std::stable_sort,1,1000,20260912,21,100,4727,4657,,,19857,0,90112,windows-qpc-cycletime,1,,,,,,,,,,,,,,,,,,,,,,,,,,,,,,,,,,,
int32,organ_pipe,orlp::pdqsort,0,1000,20260912,21,100,4666,4584,,,19567,0,28672,windows-qpc-cycletime,1,,,,,,,,,,,,,,,,,,,,,,,,,,,,,,,,,,,
int32,organ_pipe,orlp::pdqsort_branchless,0,1000,20260912,21,100,6577,6478,,,27606,0,36864,windows-qpc-cycletime,1,,,,,,,,,,,,,,,,,,,,,,,,,,,,,,,,,,,
int32,organ_pipe,gfx::timsort,1,1000,20260912,21,100,1363,1257,,,5720,0,81920,windows-qpc-cycletime,1,,,,,,,,,,,,,,,,,,,,,,,,,,,,,,,,,,,
int32,small_range,introsort,0,1000,20260912,21,100,4151,4098,,,17425,0,36864,windows-qpc-cycletime,1,,,,,,,,,,,,,,,,,,,,,,,,,,,,,,,,,,,
int32,small_range,timsort,1,1000,20260912,21,100,7568,7501,,,31781,0,126976,windows-qpc-cycletime,1,,,,,,,,,,,,,,,,,,,,,,,,,,,,,,,,,,,
int32,small_range,pdqsort,0,1000,20260912,21,100,1322,1266,,,5552,0,36864,windows-qpc-cycletime,1,,,,,,,,,,,,,,,,,,,,,,,,,,,,,,,,,,,
int32,small_range,mergesort,1,1000,20260912,21,100,5236,5144,,,21987,0,40960,windows-qpc-cycletime,1,,,,,,,,,,,,,,,,,,,,,,,,,,,,,,,,,,,
int32,small_range,heapsort,0,1000,20260912,21,100,7475,7322,,,31315,0,28672,windows-qpc-cycletime,1,,,,,,,,,,,,,,,,,,,,,,,,,,,,,,,,,,,
int32,small_range,brainsort,1,1000,20260912,21,100,2132,2058,,,8958,0,77824,windows-qpc-cycletime,1,,,,,,,,,,,,,,,,,,,,,,,,,,,,,,,,,,,
int32,small_range,radix11,1,1000,20260912,21,100,5666,5497,,,23797,0,77824,windows-qpc-cycletime,1,,,,,,,,,,,,,,,,,,,,,,,,,,,,,,,,,,,
int32,small_range,radix16,1,1000,20260912,21,100,59930,59682,,,251550,0,573440,windows-qpc-cycletime,1,,,,,,,,,,,,,,,,,,,,,,,,,,,,,,,,,,,
int32,small_range,std::sort,0,1000,20260912,21,100,3569,3485,,,14964,0,28672,windows-qpc-cycletime,1,,,,,,,,,,,,,,,,,,,,,,,,,,,,,,,,,,,
int32,small_range,std::stable_sort,1,1000,20260912,21,100,5746,5685,,,24124,0,90112,windows-qpc-cycletime,1,,,,,,,,,,,,,,,,,,,,,,,,,,,,,,,,,,,
int32,small_range,orlp::pdqsort,0,1000,20260912,21,100,1207,1186,,,5065,0,28672,windows-qpc-cycletime,1,,,,,,,,,,,,,,,,,,,,,,,,,,,,,,,,,,,
int32,small_range,orlp::pdqsort_branchless,0,1000,20260912,21,100,1358,1275,,,5707,0,36864,windows-qpc-cycletime,1,,,,,,,,,,,,,,,,,,,,,,,,,,,,,,,,,,,
int32,small_range,gfx::timsort,1,1000,20260912,21,100,8440,8314,,,35435,0,106496,windows-qpc-cycletime,1,,,,,,,,,,,,,,,,,,,,,,,,,,,,,,,,,,,
int32,sawtooth,introsort,0,1000,20260912,21,100,3715,3648,,,15552,0,36864,windows-qpc-cycletime,1,,,,,,,,,,,,,,,,,,,,,,,,,,,,,,,,,,,
int32,sawtooth,timsort,1,1000,20260912,21,100,347,303,,,1369,0,61440,windows-qpc-cycletime,1,,,,,,,,,,,,,,,,,,,,,,,,,,,,,,,,,,,
int32,sawtooth,pdqsort,0,1000,20260912,21,100,526,458,,,2209,0,32768,windows-qpc-cycletime,1,,,,,,,,,,,,,,,,,,,,,,,,,,,,,,,,,,,
int32,sawtooth,mergesort,1,1000,20260912,21,100,4021,3926,,,16884,0,32768,windows-qpc-cycletime,1,,,,,,,,,,,,,,,,,,,,,,,,,,,,,,,,,,,
int32,sawtooth,heapsort,0,1000,20260912,21,100,7812,7648,,,32802,0,28672,windows-qpc-cycletime,1,,,,,,,,,,,,,,,,,,,,,,,,,,,,,,,,,,,
int32,sawtooth,brainsort,1,1000,20260912,21,100,189,186,,,789,0,32768,windows-qpc-cycletime,1,,,,,,,,,,,,,,,,,,,,,,,,,,,,,,,,,,,
int32,sawtooth,radix11,1,1000,20260912,21,100,5377,5081,,,22545,0,65536,windows-qpc-cycletime,1,,,,,,,,,,,,,,,,,,,,,,,,,,,,,,,,,,,
int32,sawtooth,radix16,1,1000,20260912,21,100,59733,59474,,,250668,0,573440,windows-qpc-cycletime,1,,,,,,,,,,,,,,,,,,,,,,,,,,,,,,,,,,,
int32,sawtooth,std::sort,0,1000,20260912,21,100,3594,3489,,,15061,0,32768,windows-qpc-cycletime,1,,,,,,,,,,,,,,,,,,,,,,,,,,,,,,,,,,,
int32,sawtooth,std::stable_sort,1,1000,20260912,21,100,3315,3186,,,13923,0,90112,windows-qpc-cycletime,1,,,,,,,,,,,,,,,,,,,,,,,,,,,,,,,,,,,
int32,sawtooth,orlp::pdqsort,0,1000,20260912,21,100,509,446,,,2133,0,32768,windows-qpc-cycletime,1,,,,,,,,,,,,,,,,,,,,,,,,,,,,,,,,,,,
int32,sawtooth,orlp::pdqsort_branchless,0,1000,20260912,21,100,498,452,,,2091,0,36864,windows-qpc-cycletime,1,,,,,,,,,,,,,,,,,,,,,,,,,,,,,,,,,,,
int32,sawtooth,gfx::timsort,1,1000,20260912,21,100,588,494,,,2461,0,20480,windows-qpc-cycletime,1,,,,,,,,,,,,,,,,,,,,,,,,,,,,,,,,,,,
int32,prefixed,introsort,0,1000,20260912,21,100,5780,5734,,,24225,0,36864,windows-qpc-cycletime,1,,,,,,,,,,,,,,,,,,,,,,,,,,,,,,,,,,,
int32,prefixed,timsort,1,1000,20260912,21,100,9811,9689,,,41210,0,126976,windows-qpc-cycletime,1,,,,,,,,,,,,,,,,,,,,,,,,,,,,,,,,,,,
int32,prefixed,pdqsort,0,1000,20260912,21,100,5806,5752,,,24381,0,36864,windows-qpc-cycletime,1,,,,,,,,,,,,,,,,,,,,,,,,,,,,,,,,,,,
int32,prefixed,mergesort,1,1000,20260912,21,100,6452,6377,,,27102,0,36864,windows-qpc-cycletime,1,,,,,,,,,,,,,,,,,,,,,,,,,,,,,,,,,,,
int32,prefixed,heapsort,0,1000,20260912,21,100,8616,8501,,,36086,0,28672,windows-qpc-cycletime,1,,,,,,,,,,,,,,,,,,,,,,,,,,,,,,,,,,,
int32,prefixed,brainsort,1,1000,20260912,21,100,4282,4120,,,17988,0,86016,windows-qpc-cycletime,1,,,,,,,,,,,,,,,,,,,,,,,,,,,,,,,,,,,
int32,prefixed,radix11,1,1000,20260912,21,100,5959,5645,,,24964,0,69632,windows-qpc-cycletime,1,,,,,,,,,,,,,,,,,,,,,,,,,,,,,,,,,,,
int32,prefixed,radix16,1,1000,20260912,21,100,61111,60703,,,256435,0,569344,windows-qpc-cycletime,1,,,,,,,,,,,,,,,,,,,,,,,,,,,,,,,,,,,
int32,prefixed,std::sort,0,1000,20260912,21,100,6213,6176,,,26077,0,28672,windows-qpc-cycletime,1,,,,,,,,,,,,,,,,,,,,,,,,,,,,,,,,,,,
int32,prefixed,std::stable_sort,1,1000,20260912,21,100,7469,7369,,,31361,0,90112,windows-qpc-cycletime,1,,,,,,,,,,,,,,,,,,,,,,,,,,,,,,,,,,,
int32,prefixed,orlp::pdqsort,0,1000,20260912,21,100,4991,4963,,,20958,0,28672,windows-qpc-cycletime,1,,,,,,,,,,,,,,,,,,,,,,,,,,,,,,,,,,,
int32,prefixed,orlp::pdqsort_branchless,0,1000,20260912,21,100,6071,5979,,,25485,0,36864,windows-qpc-cycletime,1,,,,,,,,,,,,,,,,,,,,,,,,,,,,,,,,,,,
int32,prefixed,gfx::timsort,1,1000,20260912,21,100,12312,12217,,,51639,0,106496,windows-qpc-cycletime,1,,,,,,,,,,,,,,,,,,,,,,,,,,,,,,,,,,,
int32,sparse_bits,introsort,0,1000,20260912,21,100,5429,5346,,,22801,0,36864,windows-qpc-cycletime,1,,,,,,,,,,,,,,,,,,,,,,,,,,,,,,,,,,,
int32,sparse_bits,timsort,1,1000,20260912,21,100,9685,9588,,,40626,0,126976,windows-qpc-cycletime,1,,,,,,,,,,,,,,,,,,,,,,,,,,,,,,,,,,,
int32,sparse_bits,pdqsort,0,1000,20260912,21,100,5605,5519,,,23541,0,36864,windows-qpc-cycletime,1,,,,,,,,,,,,,,,,,,,,,,,,,,,,,,,,,,,
int32,sparse_bits,mergesort,1,1000,20260912,21,100,6483,6330,,,27165,0,45056,windows-qpc-cycletime,1,,,,,,,,,,,,,,,,,,,,,,,,,,,,,,,,,,,
int32,sparse_bits,heapsort,0,1000,20260912,21,100,8551,8438,,,35851,0,28672,windows-qpc-cycletime,1,,,,,,,,,,,,,,,,,,,,,,,,,,,,,,,,,,,
int32,sparse_bits,brainsort,1,1000,20260912,21,100,2247,2126,,,9429,0,114688,windows-qpc-cycletime,1,,,,,,,,,,,,,,,,,,,,,,,,,,,,,,,,,,,
int32,sparse_bits,radix11,1,1000,20260912,21,100,5985,5845,,,25137,0,69632,windows-qpc-cycletime,1,,,,,,,,,,,,,,,,,,,,,,,,,,,,,,,,,,,
int32,sparse_bits,radix16,1,1000,20260912,21,100,67820,67665,,,284566,0,573440,windows-qpc-cycletime,1,,,,,,,,,,,,,,,,,,,,,,,,,,,,,,,,,,,
int32,sparse_bits,std::sort,0,1000,20260912,21,100,5588,5548,,,23427,0,32768,windows-qpc-cycletime,1,,,,,,,,,,,,,,,,,,,,,,,,,,,,,,,,,,,
int32,sparse_bits,std::stable_sort,1,1000,20260912,21,100,7305,7207,,,30626,0,90112,windows-qpc-cycletime,1,,,,,,,,,,,,,,,,,,,,,,,,,,,,,,,,,,,
int32,sparse_bits,orlp::pdqsort,0,1000,20260912,21,100,4693,4642,,,19714,0,28672,windows-qpc-cycletime,1,,,,,,,,,,,,,,,,,,,,,,,,,,,,,,,,,,,
int32,sparse_bits,orlp::pdqsort_branchless,0,1000,20260912,21,100,5588,5502,,,23452,0,36864,windows-qpc-cycletime,1,,,,,,,,,,,,,,,,,,,,,,,,,,,,,,,,,,,
int32,sparse_bits,gfx::timsort,1,1000,20260912,21,100,12245,12118,,,51370,0,110592,windows-qpc-cycletime,1,,,,,,,,,,,,,,,,,,,,,,,,,,,,,,,,,,,
double,random,introsort,0,1000,20260912,21,100,6471,6378,,,27090,0,32768,windows-qpc-cycletime,1,,,,,,,,,,,,,,,,,,,,,,,,,,,,,,,,,,,
double,random,timsort,1,1000,20260912,21,100,10649,10483,,,44725,0,184320,windows-qpc-cycletime,1,,,,,,,,,,,,,,,,,,,,,,,,,,,,,,,,,,,
double,random,pdqsort,0,1000,20260912,21,100,6334,6241,,,26594,0,32768,windows-qpc-cycletime,1,,,,,,,,,,,,,,,,,,,,,,,,,,,,,,,,,,,
double,random,mergesort,1,1000,20260912,21,100,6518,6363,,,27266,0,57344,windows-qpc-cycletime,1,,,,,,,,,,,,,,,,,,,,,,,,,,,,,,,,,,,
double,random,heapsort,0,1000,20260912,21,100,11759,11583,,,49333,0,32768,windows-qpc-cycletime,1,,,,,,,,,,,,,,,,,,,,,,,,,,,,,,,,,,,
double,random,brainsort,1,1000,20260912,21,100,11971,11798,,,50219,0,131072,windows-qpc-cycletime,1,,,,,,,,,,,,,,,,,,,,,,,,,,,,,,,,,,,
double,random,radix11,1,1000,20260912,21,100,15047,14811,,,63193,0,114688,windows-qpc-cycletime,1,,,,,,,,,,,,,,,,,,,,,,,,,,,,,,,,,,,
double,random,radix16,1,1000,20260912,21,100,251844,250872,,,1056673,0,1142784,windows-qpc-cycletime,1,,,,,,,,,,,,,,,,,,,,,,,,,,,,,,,,,,,
double,random,std::sort,0,1000,20260912,21,100,6693,6659,,,28051,0,24576,windows-qpc-cycletime,1,,,,,,,,,,,,,,,,,,,,,,,,,,,,,,,,,,,
double,random,std::stable_sort,1,1000,20260912,21,100,8004,7916,,,33612,0,114688,windows-qpc-cycletime,1,,,,,,,,,,,,,,,,,,,,,,,,,,,,,,,,,,,
double,random,orlp::pdqsort,0,1000,20260912,21,100,5477,5432,,,22978,0,28672,windows-qpc-cycletime,1,,,,,,,,,,,,,,,,,,,,,,,,,,,,,,,,,,,
double,random,orlp::pdqsort_branchless,0,1000,20260912,21,100,6980,6807,,,29307,0,32768,windows-qpc-cycletime,1,,,,,,,,,,,,,,,,,,,,,,,,,,,,,,,,,,,
double,random,gfx::timsort,1,1000,20260912,21,100,12309,12240,,,51685,0,167936,windows-qpc-cycletime,1,,,,,,,,,,,,,,,,,,,,,,,,,,,,,,,,,,,
double,sorted,introsort,0,1000,20260912,21,100,4864,4794,,,20403,0,32768,windows-qpc-cycletime,1,,,,,,,,,,,,,,,,,,,,,,,,,,,,,,,,,,,
double,sorted,timsort,1,1000,20260912,21,100,520,435,,,2184,0,98304,windows-qpc-cycletime,1,,,,,,,,,,,,,,,,,,,,,,,,,,,,,,,,,,,
double,sorted,pdqsort,0,1000,20260912,21,100,683,638,,,2788,0,32768,windows-qpc-cycletime,1,,,,,,,,,,,,,,,,,,,,,,,,,,,,,,,,,,,
double,sorted,mergesort,1,1000,20260912,21,100,3845,3797,,,16132,0,57344,windows-qpc-cycletime,1,,,,,,,,,,,,,,,,,,,,,,,,,,,,,,,,,,,
double,sorted,heapsort,0,1000,20260912,21,100,11709,11524,,,49081,0,32768,windows-qpc-cycletime,1,,,,,,,,,,,,,,,,,,,,,,,,,,,,,,,,,,,
double,sorted,brainsort,1,1000,20260912,21,100,388,359,,,1600,0,45056,windows-qpc-cycletime,1,,,,,,,,,,,,,,,,,,,,,,,,,,,,,,,,,,,
double,sorted,radix11,1,1000,20260912,21,100,15158,14992,,,63499,0,114688,windows-qpc-cycletime,1,,,,,,,,,,,,,,,,,,,,,,,,,,,,,,,,,,,
double,sorted,radix16,1,1000,20260912,21,100,251949,251015,,,1057270,0,1130496,windows-qpc-cycletime,1,,,,,,,,,,,,,,,,,,,,,,,,,,,,,,,,,,,
double,sorted,std::sort,0,1000,20260912,21,100,3756,3717,,,15741,0,24576,windows-qpc-cycletime,1,,,,,,,,,,,,,,,,,,,,,,,,,,,,,,,,,,,
double,sorted,std::stable_sort,1,1000,20260912,21,100,3936,3855,,,16522,0,114688,windows-qpc-cycletime,1,,,,,,,,,,,,,,,,,,,,,,,,,,,,,,,,,,,
double,sorted,orlp::pdqsort,0,1000,20260912,21,100,581,534,,,2436,0,28672,windows-qpc-cycletime,1,,,,,,,,,,,,,,,,,,,,,,,,,,,,,,,,,,,
double,sorted,orlp::pdqsort_branchless,0,1000,20260912,21,100,565,559,,,2360,0,32768,windows-qpc-cycletime,1,,,,,,,,,,,,,,,,,,,,,,,,,,,,,,,,,,,
double,sorted,gfx::timsort,1,1000,20260912,21,100,548,481,,,2301,0,28672,windows-qpc-cycletime,1,,,,,,,,,,,,,,,,,,,,,,,,,,,,,,,,,,,
double,reverse,introsort,0,1000,20260912,21,100,4105,4045,,,17169,0,32768,windows-qpc-cycletime,1,,,,,,,,,,,,,,,,,,,,,,,,,,,,,,,,,,,
double,reverse,timsort,1,1000,20260912,21,100,820,774,,,3435,0,98304,windows-qpc-cycletime,1,,,,,,,,,,,,,,,,,,,,,,,,,,,,,,,,,,,
double,reverse,pdqsort,0,1000,20260912,21,100,1297,1246,,,5443,0,32768,windows-qpc-cycletime,1,,,,,,,,,,,,,,,,,,,,,,,,,,,,,,,,,,,
double,reverse,mergesort,1,1000,20260912,21,100,7017,6893,,,29450,0,81920,windows-qpc-cycletime,1,,,,,,,,,,,,,,,,,,,,,,,,,,,,,,,,,,,
double,reverse,heapsort,0,1000,20260912,21,100,12032,11917,,,50521,0,32768,windows-qpc-cycletime,1,,,,,,,,,,,,,,,,,,,,,,,,,,,,,,,,,,,
double,reverse,brainsort,1,1000,20260912,21,100,606,572,,,2536,0,53248,windows-qpc-cycletime,1,,,,,,,,,,,,,,,,,,,,,,,,,,,,,,,,,,,
double,reverse,radix11,1,1000,20260912,21,100,15169,15020,,,63642,0,102400,windows-qpc-cycletime,1,,,,,,,,,,,,,,,,,,,,,,,,,,,,,,,,,,,
double,reverse,radix16,1,1000,20260912,21,100,252053,250915,,,1057513,0,1130496,windows-qpc-cycletime,1,,,,,,,,,,,,,,,,,,,,,,,,,,,,,,,,,,,
double,reverse,std::sort,0,1000,20260912,21,100,3796,3764,,,15939,0,24576,windows-qpc-cycletime,1,,,,,,,,,,,,,,,,,,,,,,,,,,,,,,,,,,,
double,reverse,std::stable_sort,1,1000,20260912,21,100,6442,6341,,,27018,0,114688,windows-qpc-cycletime,1,,,,,,,,,,,,,,,,,,,,,,,,,,,,,,,,,,,
double,reverse,orlp::pdqsort,0,1000,20260912,21,100,945,901,,,3969,0,28672,windows-qpc-cycletime,1,,,,,,,,,,,,,,,,,,,,,,,,,,,,,,,,,,,
double,reverse,orlp::pdqsort_branchless,0,1000,20260912,21,100,1333,1283,,,5598,0,32768,windows-qpc-cycletime,1,,,,,,,,,,,,,,,,,,,,,,,,,,,,,,,,,,,
double,reverse,gfx::timsort,1,1000,20260912,21,100,648,610,,,2709,0,28672,windows-qpc-cycletime,1,,,,,,,,,,,,,,,,,,,,,,,,,,,,,,,,,,,
double,nearly_sorted,introsort,0,1000,20260912,21,100,4864,4803,,,20433,0,32768,windows-qpc-cycletime,1,,,,,,,,,,,,,,,,,,,,,,,,,,,,,,,,,,,
double,nearly_sorted,timsort,1,1000,20260912,21,100,2502,2432,,,10500,0,106496,windows-qpc-cycletime,1,,,,,,,,,,,,,,,,,,,,,,,,,,,,,,,,,,,
double,nearly_sorted,pdqsort,0,1000,20260912,21,100,2242,2190,,,9361,0,32768,windows-qpc-cycletime,1,,,,,,,,,,,,,,,,,,,,,,,,,,,,,,,,,,,
double,nearly_sorted,mergesort,1,1000,20260912,21,100,4512,4433,,,18900,0,57344,windows-qpc-cycletime,1,,,,,,,,,,,,,,,,,,,,,,,,,,,,,,,,,,,
double,nearly_sorted,heapsort,0,1000,20260912,21,100,11730,11544,,,49131,0,32768,windows-qpc-cycletime,1,,,,,,,,,,,,,,,,,,,,,,,,,,,,,,,,,,,
double,nearly_sorted,brainsort,1,1000,20260912,21,100,2885,2823,,,12108,0,94208,windows-qpc-cycletime,1,,,,,,,,,,,,,,,,,,,,,,,,,,,,,,,,,,,
double,nearly_sorted,radix11,1,1000,20260912,21,100,15239,15056,,,63978,0,126976,windows-qpc-cycletime,1,,,,,,,,,,,,,,,,,,,,,,,,,,,,,,,,,,,
double,nearly_sorted,radix16,1,1000,20260912,21,100,251866,251115,,,1056694,0,1130496,windows-qpc-cycletime,1,,,,,,,,,,,,,,,,,,,,,,,,,,,,,,,,,,,
double,nearly_sorted,std::sort,0,1000,20260912,21,100,3799,3759,,,15884,0,24576,windows-qpc-cycletime,1,,,,,,,,,,,,,,,,,,,,,,,,,,,,,,,,,,,
double,nearly_sorted,std::stable_sort,1,1000,20260912,21,100,4614,4491,,,19374,0,114688,windows-qpc-cycletime,1,,,,,,,,,,,,,,,,,,,,,,,,,,,,,,,,,,,
double,nearly_sorted,orlp::pdqsort,0,1000,20260912,21,100,1657,1638,,,6955,0,28672,windows-qpc-cycletime,1,,,,,,,,,,,,,,,,,,,,,,,,,,,,,,,,,,,
double,nearly_sorted,orlp::pdqsort_branchless,0,1000,20260912,21,100,1977,1907,,,8299,0,32768,windows-qpc-cycletime,1,,,,,,,,,,,,,,,,,,,,,,,,,,,,,,,,,,,
double,nearly_sorted,gfx::timsort,1,1000,20260912,21,100,3495,3425,,,14616,0,114688,windows-qpc-cycletime,1,,,,,,,,,,,,,,,,,,,,,,,,,,,,,,,,,,,
double,few_unique,introsort,0,1000,20260912,21,100,5498,5435,,,23091,0,32768,windows-qpc-cycletime,1,,,,,,,,,,,,,,,,,,,,,,,,,,,,,,,,,,,
double,few_unique,timsort,1,1000,20260912,21,100,10739,10632,,,45028,0,184320,windows-qpc-cycletime,1,,,,,,,,,,,,,,,,,,,,,,,,,,,,,,,,,,,
double,few_unique,pdqsort,0,1000,20260912,21,100,5322,5238,,,22281,0,32768,windows-qpc-cycletime,1,,,,,,,,,,,,,,,,,,,,,,,,,,,,,,,,,,,
double,few_unique,mergesort,1,1000,20260912,21,100,6395,6246,,,26850,0,69632,windows-qpc-cycletime,1,,,,,,,,,,,,,,,,,,,,,,,,,,,,,,,,,,,
double,few_unique,heapsort,0,1000,20260912,21,100,11613,11491,,,48573,0,32768,windows-qpc-cycletime,1,,,,,,,,,,,,,,,,,,,,,,,,,,,,,,,,,,,
double,few_unique,brainsort,1,1000,20260912,21,100,15012,14846,,,62962,0,143360,windows-qpc-cycletime,1,,,,,,,,,,,,,,,,,,,,,,,,,,,,,,,,,,,
double,few_unique,radix11,1,1000,20260912,21,100,17829,17671,,,74797,0,139264,windows-qpc-cycletime,1,,,,,,,,,,,,,,,,,,,,,,,,,,,,,,,,,,,
double,few_unique,radix16,1,1000,20260912,21,100,252169,251008,,,1057383,0,1142784,windows-qpc-cycletime,1,,,,,,,,,,,,,,,,,,,,,,,,,,,,,,,,,,,
double,few_unique,std::sort,0,1000,20260912,21,100,5500,5478,,,23066,0,24576,windows-qpc-cycletime,1,,,,,,,,,,,,,,,,,,,,,,,,,,,,,,,,,,,
double,few_unique,std::stable_sort,1,1000,20260912,21,100,7687,7634,,,32235,0,114688,windows-qpc-cycletime,1,,,,,,,,,,,,,,,,,,,,,,,,,,,,,,,,,,,
double,few_unique,orlp::pdqsort,0,1000,20260912,21,100,4415,4365,,,18509,0,28672,windows-qpc-cycletime,1,,,,,,,,,,,,,,,,,,,,,,,,,,,,,,,,,,,
double,few_unique,orlp::pdqsort_branchless,0,1000,20260912,21,100,5514,5437,,,23104,0,32768,windows-qpc-cycletime,1,,,,,,,,,,,,,,,,,,,,,,,,,,,,,,,,,,,
double,few_unique,gfx::timsort,1,1000,20260912,21,100,12126,11954,,,50845,0,135168,windows-qpc-cycletime,1,,,,,,,,,,,,,,,,,,,,,,,,,,,,,,,,,,,
double,all_equal,introsort,0,1000,20260912,21,100,3593,3532,,,15082,0,32768,windows-qpc-cycletime,1,,,,,,,,,,,,,,,,,,,,,,,,,,,,,,,,,,,
double,all_equal,timsort,1,1000,20260912,21,100,533,445,,,2230,0,98304,windows-qpc-cycletime,1,,,,,,,,,,,,,,,,,,,,,,,,,,,,,,,,,,,
double,all_equal,pdqsort,0,1000,20260912,21,100,723,676,,,3028,0,32768,windows-qpc-cycletime,1,,,,,,,,,,,,,,,,,,,,,,,,,,,,,,,,,,,
double,all_equal,mergesort,1,1000,20260912,21,100,3848,3756,,,16149,0,45056,windows-qpc-cycletime,1,,,,,,,,,,,,,,,,,,,,,,,,,,,,,,,,,,,
double,all_equal,heapsort,0,1000,20260912,21,100,9889,9811,,,41512,0,32768,windows-qpc-cycletime,1,,,,,,,,,,,,,,,,,,,,,,,,,,,,,,,,,,,
double,all_equal,brainsort,1,1000,20260912,21,100,397,394,,,1654,0,45056,windows-qpc-cycletime,1,,,,,,,,,,,,,,,,,,,,,,,,,,,,,,,,,,,
double,all_equal,radix11,1,1000,20260912,21,100,8636,8459,,,36246,0,90112,windows-qpc-cycletime,1,,,,,,,,,,,,,,,,,,,,,,,,,,,,,,,,,,,
double,all_equal,radix16,1,1000,20260912,21,100,245708,244558,,,1030864,0,1093632,windows-qpc-cycletime,1,,,,,,,,,,,,,,,,,,,,,,,,,,,,,,,,,,,
double,all_equal,std::sort,0,1000,20260912,21,100,3348,3222,,,14036,0,24576,windows-qpc-cycletime,1,,,,,,,,,,,,,,,,,,,,,,,,,,,,,,,,,,,
double,all_equal,std::stable_sort,1,1000,20260912,21,100,3978,3800,,,16623,0,114688,windows-qpc-cycletime,1,,,,,,,,,,,,,,,,,,,,,,,,,,,,,,,,,,,
double,all_equal,orlp::pdqsort,0,1000,20260912,21,100,558,525,,,2335,0,28672,windows-qpc-cycletime,1,,,,,,,,,,,,,,,,,,,,,,,,,,,,,,,,,,,
double,all_equal,orlp::pdqsort_branchless,0,1000,20260912,21,100,566,525,,,2368,0,32768,windows-qpc-cycletime,1,,,,,,,,,,,,,,,,,,,,,,,,,,,,,,,,,,,
double,all_equal,gfx::timsort,1,1000,20260912,21,100,558,552,,,2339,0,28672,windows-qpc-cycletime,1,,,,,,,,,,,,,,,,,,,,,,,,,,,,,,,,,,,
double,runs,introsort,0,1000,20260912,21,100,4831,4747,,,20248,0,32768,windows-qpc-cycletime,1,,,,,,,,,,,,,,,,,,,,,,,,,,,,,,,,,,,
double,runs,timsort,1,1000,20260912,21,100,512,467,,,2137,0,98304,windows-qpc-cycletime,1,,,,,,,,,,,,,,,,,,,,,,,,,,,,,,,,,,,
double,runs,pdqsort,0,1000,20260912,21,100,672,642,,,2818,0,32768,windows-qpc-cycletime,1,,,,,,,,,,,,,,,,,,,,,,,,,,,,,,,,,,,
double,runs,mergesort,1,1000,20260912,21,100,3869,3779,,,16195,0,57344,windows-qpc-cycletime,1,,,,,,,,,,,,,,,,,,,,,,,,,,,,,,,,,,,
double,runs,heapsort,0,1000,20260912,21,100,11693,11588,,,49035,0,32768,windows-qpc-cycletime,1,,,,,,,,,,,,,,,,,,,,,,,,,,,,,,,,,,,
double,runs,brainsort,1,1000,20260912,21,100,394,343,,,1650,0,45056,windows-qpc-cycletime,1,,,,,,,,,,,,,,,,,,,,,,,,,,,,,,,,,,,
double,runs,radix11,1,1000,20260912,21,100,10875,10708,,,45612,0,126976,windows-qpc-cycletime,1,,,,,,,,,,,,,,,,,,,,,,,,,,,,,,,,,,,
double,runs,radix16,1,1000,20260912,21,100,257761,256777,,,1081630,0,1118208,windows-qpc-cycletime,1,,,,,,,,,,,,,,,,,,,,,,,,,,,,,,,,,,,
double,runs,std::sort,0,1000,20260912,21,100,3761,3711,,,15745,0,24576,windows-qpc-cycletime,1,,,,,,,,,,,,,,,,,,,,,,,,,,,,,,,,,,,
double,runs,std::stable_sort,1,1000,20260912,21,100,3956,3845,,,16611,0,114688,windows-qpc-cycletime,1,,,,,,,,,,,,,,,,,,,,,,,,,,,,,,,,,,,
double,runs,orlp::pdqsort,0,1000,20260912,21,100,544,529,,,2284,0,28672,windows-qpc-cycletime,1,,,,,,,,,,,,,,,,,,,,,,,,,,,,,,,,,,,
double,runs,orlp::pdqsort_branchless,0,1000,20260912,21,100,567,532,,,2368,0,32768,windows-qpc-cycletime,1,,,,,,,,,,,,,,,,,,,,,,,,,,,,,,,,,,,
double,runs,gfx::timsort,1,1000,20260912,21,100,534,480,,,2238,0,28672,windows-qpc-cycletime,1,,,,,,,,,,,,,,,,,,,,,,,,,,,,,,,,,,,
double,organ_pipe,introsort,0,1000,20260912,21,100,12233,12095,,,51357,0,36864,windows-qpc-cycletime,1,,,,,,,,,,,,,,,,,,,,,,,,,,,,,,,,,,,
double,organ_pipe,timsort,1,1000,20260912,21,100,1842,1776,,,7728,0,184320,windows-qpc-cycletime,1,,,,,,,,,,,,,,,,,,,,,,,,,,,,,,,,,,,
double,organ_pipe,pdqsort,0,1000,20260912,21,100,7247,7171,,,30361,0,32768,windows-qpc-cycletime,1,,,,,,,,,,,,,,,,,,,,,,,,,,,,,,,,,,,
double,organ_pipe,mergesort,1,1000,20260912,21,100,5643,5525,,,23650,0,81920,windows-qpc-cycletime,1,,,,,,,,,,,,,,,,,,,,,,,,,,,,,,,,,,,
double,organ_pipe,heapsort,0,1000,20260912,21,100,11788,11629,,,49455,0,32768,windows-qpc-cycletime,1,,,,,,,,,,,,,,,,,,,,,,,,,,,,,,,,,,,
double,organ_pipe,brainsort,1,1000,20260912,21,100,1718,1694,,,7215,0,135168,windows-qpc-cycletime,1,,,,,,,,,,,,,,,,,,,,,,,,,,,,,,,,,,,
double,organ_pipe,radix11,1,1000,20260912,21,100,11155,10956,,,46842,0,139264,windows-qpc-cycletime,1,,,,,,,,,,,,,,,,,,,,,,,,,,,,,,,,,,,
double,organ_pipe,radix16,1,1000,20260912,21,100,254359,253394,,,1067417,0,1142784,windows-qpc-cycletime,1,,,,,,,,,,,,,,,,,,,,,,,,,,,,,,,,,,,
double,organ_pipe,std::sort,0,1000,20260912,21,100,11993,11889,,,50240,0,24576,windows-qpc-cycletime,1,,,,,,,,,,,,,,,,,,,,,,,,,,,,,,,,,,,
double,organ_pipe,std::stable_sort,1,1000,20260912,21,100,5322,5234,,,22356,0,114688,windows-qpc-cycletime,1,,,,,,,,,,,,,,,,,,,,,,,,,,,,,,,,,,,
double,organ_pipe,orlp::pdqsort,0,1000,20260912,21,100,5116,5046,,,21449,0,28672,windows-qpc-cycletime,1,,,,,,,,,,,,,,,,,,,,,,,,,,,,,,,,,,,
double,organ_pipe,orlp::pdqsort_branchless,0,1000,20260912,21,100,8052,7914,,,33709,0,32768,windows-qpc-cycletime,1,,,,,,,,,,,,,,,,,,,,,,,,,,,,,,,,,,,
double,organ_pipe,gfx::timsort,1,1000,20260912,21,100,1424,1318,,,5980,0,106496,windows-qpc-cycletime,1,,,,,,,,,,,,,,,,,,,,,,,,,,,,,,,,,,,
double,small_range,introsort,0,1000,20260912,21,100,4071,3998,,,17089,0,32768,windows-qpc-cycletime,1,,,,,,,,,,,,,,,,,,,,,,,,,,,,,,,,,,,
double,small_range,timsort,1,1000,20260912,21,100,8022,7934,,,33684,0,184320,windows-qpc-cycletime,1,,,,,,,,,,,,,,,,,,,,,,,,,,,,,,,,,,,
double,small_range,pdqsort,0,1000,20260912,21,100,1607,1574,,,6745,0,32768,windows-qpc-cycletime,1,,,,,,,,,,,,,,,,,,,,,,,,,,,,,,,,,,,
double,small_range,mergesort,1,1000,20260912,21,100,5499,5375,,,23041,0,69632,windows-qpc-cycletime,1,,,,,,,,,,,,,,,,,,,,,,,,,,,,,,,,,,,
double,small_range,heapsort,0,1000,20260912,21,100,11212,10990,,,47014,0,32768,windows-qpc-cycletime,1,,,,,,,,,,,,,,,,,,,,,,,,,,,,,,,,,,,
double,small_range,brainsort,1,1000,20260912,21,100,3898,3757,,,16367,0,98304,windows-qpc-cycletime,1,,,,,,,,,,,,,,,,,,,,,,,,,,,,,,,,,,,
double,small_range,radix11,1,1000,20260912,21,100,10779,10478,,,45204,0,139264,windows-qpc-cycletime,1,,,,,,,,,,,,,,,,,,,,,,,,,,,,,,,,,,,
double,small_range,radix16,1,1000,20260912,21,100,247027,245600,,,1036413,0,1142784,windows-qpc-cycletime,1,,,,,,,,,,,,,,,,,,,,,,,,,,,,,,,,,,,
double,small_range,std::sort,0,1000,20260912,21,100,3789,3699,,,15909,0,24576,windows-qpc-cycletime,1,,,,,,,,,,,,,,,,,,,,,,,,,,,,,,,,,,,
double,small_range,std::stable_sort,1,1000,20260912,21,100,6580,6460,,,27535,0,114688,windows-qpc-cycletime,1,,,,,,,,,,,,,,,,,,,,,,,,,,,,,,,,,,,
double,small_range,orlp::pdqsort,0,1000,20260912,21,100,1360,1349,,,5703,0,28672,windows-qpc-cycletime,1,,,,,,,,,,,,,,,,,,,,,,,,,,,,,,,,,,,
double,small_range,orlp::pdqsort_branchless,0,1000,20260912,21,100,1494,1445,,,6266,0,32768,windows-qpc-cycletime,1,,,,,,,,,,,,,,,,,,,,,,,,,,,,,,,,,,,
double,small_range,gfx::timsort,1,1000,20260912,21,100,8705,8637,,,36502,0,139264,windows-qpc-cycletime,1,,,,,,,,,,,,,,,,,,,,,,,,,,,,,,,,,,,
double,sawtooth,introsort,0,1000,20260912,21,100,4851,4795,,,20357,0,32768,windows-qpc-cycletime,1,,,,,,,,,,,,,,,,,,,,,,,,,,,,,,,,,,,
double,sawtooth,timsort,1,1000,20260912,21,100,492,449,,,2058,0,98304,windows-qpc-cycletime,1,,,,,,,,,,,,,,,,,,,,,,,,,,,,,,,,,,,
double,sawtooth,pdqsort,0,1000,20260912,21,100,701,645,,,2935,0,32768,windows-qpc-cycletime,1,,,,,,,,,,,,,,,,,,,,,,,,,,,,,,,,,,,
double,sawtooth,mergesort,1,1000,20260912,21,100,3856,3754,,,16186,0,69632,windows-qpc-cycletime,1,,,,,,,,,,,,,,,,,,,,,,,,,,,,,,,,,,,
double,sawtooth,heapsort,0,1000,20260912,21,100,11710,11512,,,49173,0,32768,windows-qpc-cycletime,1,,,,,,,,,,,,,,,,,,,,,,,,,,,,,,,,,,,
double,sawtooth,brainsort,1,1000,20260912,21,100,376,342,,,1570,0,45056,windows-qpc-cycletime,1,,,,,,,,,,,,,,,,,,,,,,,,,,,,,,,,,,,
double,sawtooth,radix11,1,1000,20260912,21,100,12555,12315,,,52651,0,139264,windows-qpc-cycletime,1,,,,,,,,,,,,,,,,,,,,,,,,,,,,,,,,,,,
double,sawtooth,radix16,1,1000,20260912,21,100,265483,263776,,,1113898,0,1130496,windows-qpc-cycletime,1,,,,,,,,,,,,,,,,,,,,,,,,,,,,,,,,,,,
double,sawtooth,std::sort,0,1000,20260912,21,100,3788,3742,,,15863,0,24576,windows-qpc-cycletime,1,,,,,,,,,,,,,,,,,,,,,,,,,,,,,,,,,,,
double,sawtooth,std::stable_sort,1,1000,20260912,21,100,3956,3776,,,16602,0,114688,windows-qpc-cycletime,1,,,,,,,,,,,,,,,,,,,,,,,,,,,,,,,,,,,
double,sawtooth,orlp::pdqsort,0,1000,20260912,21,100,551,544,,,2310,0,28672,windows-qpc-cycletime,1,,,,,,,,,,,,,,,,,,,,,,,,,,,,,,,,,,,
double,sawtooth,orlp::pdqsort_branchless,0,1000,20260912,21,100,563,529,,,2352,0,32768,windows-qpc-cycletime,1,,,,,,,,,,,,,,,,,,,,,,,,,,,,,,,,,,,
double,sawtooth,gfx::timsort,1,1000,20260912,21,100,550,500,,,2301,0,28672,windows-qpc-cycletime,1,,,,,,,,,,,,,,,,,,,,,,,,,,,,,,,,,,,
double,prefixed,introsort,0,1000,20260912,21,100,6454,6360,,,27039,0,32768,windows-qpc-cycletime,1,,,,,,,,,,,,,,,,,,,,,,,,,,,,,,,,,,,
double,prefixed,timsort,1,1000,20260912,21,100,10619,10523,,,44562,0,184320,windows-qpc-cycletime,1,,,,,,,,,,,,,,,,,,,,,,,,,,,,,,,,,,,
double,prefixed,pdqsort,0,1000,20260912,21,100,6335,6246,,,26598,0,32768,windows-qpc-cycletime,1,,,,,,,,,,,,,,,,,,,,,,,,,,,,,,,,,,,
double,prefixed,mergesort,1,1000,20260912,21,100,6506,6385,,,27291,0,69632,windows-qpc-cycletime,1,,,,,,,,,,,,,,,,,,,,,,,,,,,,,,,,,,,
double,prefixed,heapsort,0,1000,20260912,21,100,11784,11594,,,49438,0,32768,windows-qpc-cycletime,1,,,,,,,,,,,,,,,,,,,,,,,,,,,,,,,,,,,
double,prefixed,brainsort,1,1000,20260912,21,100,8684,8547,,,36426,0,184320,windows-qpc-cycletime,1,,,,,,,,,,,,,,,,,,,,,,,,,,,,,,,,,,,
double,prefixed,radix11,1,1000,20260912,21,100,14165,13930,,,59438,0,126976,windows-qpc-cycletime,1,,,,,,,,,,,,,,,,,,,,,,,,,,,,,,,,,,,
double,prefixed,radix16,1,1000,20260912,21,100,249368,248358,,,1046232,0,1105920,windows-qpc-cycletime,1,,,,,,,,,,,,,,,,,,,,,,,,,,,,,,,,,,,
double,prefixed,std::sort,0,1000,20260912,21,100,6687,6659,,,28064,0,24576,windows-qpc-cycletime,1,,,,,,,,,,,,,,,,,,,,,,,,,,,,,,,,,,,
double,prefixed,std::stable_sort,1,1000,20260912,21,100,7986,7909,,,33532,0,114688,windows-qpc-cycletime,1,,,,,,,,,,,,,,,,,,,,,,,,,,,,,,,,,,,
double,prefixed,orlp::pdqsort,0,1000,20260912,21,100,5480,5427,,,23016,0,28672,windows-qpc-cycletime,1,,,,,,,,,,,,,,,,,,,,,,,,,,,,,,,,,,,
double,prefixed,orlp::pdqsort_branchless,0,1000,20260912,21,100,7011,6810,,,29404,0,32768,windows-qpc-cycletime,1,,,,,,,,,,,,,,,,,,,,,,,,,,,,,,,,,,,
double,prefixed,gfx::timsort,1,1000,20260912,21,100,12342,12251,,,51794,0,167936,windows-qpc-cycletime,1,,,,,,,,,,,,,,,,,,,,,,,,,,,,,,,,,,,
int64,random,introsort,0,1000,20260912,21,100,7522,7447,,,31584,0,32768,windows-qpc-cycletime,1,,,,,,,,,,,,,,,,,,,,,,,,,,,,,,,,,,,
int64,random,timsort,1,1000,20260912,21,100,10259,10175,,,42961,0,184320,windows-qpc-cycletime,1,,,,,,,,,,,,,,,,,,,,,,,,,,,,,,,,,,,
int64,random,pdqsort,0,1000,20260912,21,100,5638,5537,,,23616,0,36864,windows-qpc-cycletime,1,,,,,,,,,,,,,,,,,,,,,,,,,,,,,,,,,,,
int64,random,mergesort,1,1000,20260912,21,100,6515,6403,,,27358,0,61440,windows-qpc-cycletime,1,,,,,,,,,,,,,,,,,,,,,,,,,,,,,,,,,,,
int64,random,heapsort,0,1000,20260912,21,100,11351,11206,,,47649,0,28672,windows-qpc-cycletime,1,,,,,,,,,,,,,,,,,,,,,,,,,,,,,,,,,,,
int64,random,brainsort,1,1000,20260912,21,100,9684,9512,,,40588,0,131072,windows-qpc-cycletime,1,,,,,,,,,,,,,,,,,,,,,,,,,,,,,,,,,,,
int64,random,radix11,1,1000,20260912,21,100,13586,13378,,,57036,0,102400,windows-qpc-cycletime,1,,,,,,,,,,,,,,,,,,,,,,,,,,,,,,,,,,,
int64,random,radix16,1,1000,20260912,21,100,251546,250534,,,1055287,0,1142784,windows-qpc-cycletime,1,,,,,,,,,,,,,,,,,,,,,,,,,,,,,,,,,,,
int64,random,std::sort,0,1000,20260912,21,100,6465,6428,,,27090,0,28672,windows-qpc-cycletime,1,,,,,,,,,,,,,,,,,,,,,,,,,,,,,,,,,,,
int64,random,std::stable_sort,1,1000,20260912,21,100,7857,7772,,,32970,0,114688,windows-qpc-cycletime,1,,,,,,,,,,,,,,,,,,,,,,,,,,,,,,,,,,,
int64,random,orlp::pdqsort,0,1000,20260912,21,100,5023,4961,,,21063,0,24576,windows-qpc-cycletime,1,,,,,,,,,,,,,,,,,,,,,,,,,,,,,,,,,,,
int64,random,orlp::pdqsort_branchless,0,1000,20260912,21,100,5940,5841,,,24876,0,32768,windows-qpc-cycletime,1,,,,,,,,,,,,,,,,,,,,,,,,,,,,,,,,,,,
int64,random,gfx::timsort,1,1000,20260912,21,100,12883,12806,,,54054,0,180224,windows-qpc-cycletime,1,,,,,,,,,,,,,,,,,,,,,,,,,,,,,,,,,,,
int64,sorted,introsort,0,1000,20260912,21,100,4951,4851,,,20785,0,32768,windows-qpc-cycletime,1,,,,,,,,,,,,,,,,,,,,,,,,,,,,,,,,,,,
int64,sorted,timsort,1,1000,20260912,21,100,514,424,,,2150,0,94208,windows-qpc-cycletime,1,,,,,,,,,,,,,,,,,,,,,,,,,,,,,,,,,,,
int64,sorted,pdqsort,0,1000,20260912,21,100,637,546,,,2667,0,36864,windows-qpc-cycletime,1,,,,,,,,,,,,,,,,,,,,,,,,,,,,,,,,,,,
int64,sorted,mergesort,1,1000,20260912,21,100,3891,3792,,,16333,0,73728,windows-qpc-cycletime,1,,,,,,,,,,,,,,,,,,,,,,,,,,,,,,,,,,,
int64,sorted,heapsort,0,1000,20260912,21,100,11536,11379,,,48417,0,28672,windows-qpc-cycletime,1,,,,,,,,,,,,,,,,,,,,,,,,,,,,,,,,,,,
int64,sorted,brainsort,1,1000,20260912,21,100,326,295,,,1360,0,40960,windows-qpc-cycletime,1,,,,,,,,,,,,,,,,,,,,,,,,,,,,,,,,,,,
int64,sorted,radix11,1,1000,20260912,21,100,13732,13486,,,57649,0,126976,windows-qpc-cycletime,1,,,,,,,,,,,,,,,,,,,,,,,,,,,,,,,,,,,
int64,sorted,radix16,1,1000,20260912,21,100,251399,250805,,,1054741,0,1130496,windows-qpc-cycletime,1,,,,,,,,,,,,,,,,,,,,,,,,,,,,,,,,,,,
int64,sorted,std::sort,0,1000,20260912,21,100,3544,3477,,,14855,0,28672,windows-qpc-cycletime,1,,,,,,,,,,,,,,,,,,,,,,,,,,,,,,,,,,,
int64,sorted,std::stable_sort,1,1000,20260912,21,100,3782,3614,,,15871,0,114688,windows-qpc-cycletime,1,,,,,,,,,,,,,,,,,,,,,,,,,,,,,,,,,,,
int64,sorted,orlp::pdqsort,0,1000,20260912,21,100,490,463,,,2053,0,24576,windows-qpc-cycletime,1,,,,,,,,,,,,,,,,,,,,,,,,,,,,,,,,,,,
int64,sorted,orlp::pdqsort_branchless,0,1000,20260912,21,100,527,494,,,2200,0,32768,windows-qpc-cycletime,1,,,,,,,,,,,,,,,,,,,,,,,,,,,,,,,,,,,
int64,sorted,gfx::timsort,1,1000,20260912,21,100,546,487,,,2293,0,28672,windows-qpc-cycletime,1,,,,,,,,,,,,,,,,,,,,,,,,,,,,,,,,,,,
int64,reverse,introsort,0,1000,20260912,21,100,3825,3767,,,16014,0,32768,windows-qpc-cycletime,1,,,,,,,,,,,,,,,,,,,,,,,,,,,,,,,,,,,
int64,reverse,timsort,1,1000,20260912,21,100,794,738,,,3326,0,94208,windows-qpc-cycletime,1,,,,,,,,,,,,,,,,,,,,,,,,,,,,,,,,,,,
int64,reverse,pdqsort,0,1000,20260912,21,100,1132,1069,,,4754,0,36864,windows-qpc-cycletime,1,,,,,,,,,,,,,,,,,,,,,,,,,,,,,,,,,,,
int64,reverse,mergesort,1,1000,20260912,21,100,6643,6480,,,27900,0,86016,windows-qpc-cycletime,1,,,,,,,,,,,,,,,,,,,,,,,,,,,,,,,,,,,
int64,reverse,heapsort,0,1000,20260912,21,100,11914,11821,,,49967,0,28672,windows-qpc-cycletime,1,,,,,,,,,,,,,,,,,,,,,,,,,,,,,,,,,,,
int64,reverse,brainsort,1,1000,20260912,21,100,565,525,,,2368,0,49152,windows-qpc-cycletime,1,,,,,,,,,,,,,,,,,,,,,,,,,,,,,,,,,,,
int64,reverse,radix11,1,1000,20260912,21,100,13792,13523,,,57775,0,126976,windows-qpc-cycletime,1,,,,,,,,,,,,,,,,,,,,,,,,,,,,,,,,,,,
int64,reverse,radix16,1,1000,20260912,21,100,251712,250600,,,1055775,0,1142784,windows-qpc-cycletime,1,,,,,,,,,,,,,,,,,,,,,,,,,,,,,,,,,,,
int64,reverse,std::sort,0,1000,20260912,21,100,3650,3596,,,15321,0,28672,windows-qpc-cycletime,1,,,,,,,,,,,,,,,,,,,,,,,,,,,,,,,,,,,
int64,reverse,std::stable_sort,1,1000,20260912,21,100,6388,6256,,,26821,0,114688,windows-qpc-cycletime,1,,,,,,,,,,,,,,,,,,,,,,,,,,,,,,,,,,,
int64,reverse,orlp::pdqsort,0,1000,20260912,21,100,873,832,,,3662,0,24576,windows-qpc-cycletime,1,,,,,,,,,,,,,,,,,,,,,,,,,,,,,,,,,,,
int64,reverse,orlp::pdqsort_branchless,0,1000,20260912,21,100,1259,1236,,,5262,0,32768,windows-qpc-cycletime,1,,,,,,,,,,,,,,,,,,,,,,,,,,,,,,,,,,,
int64,reverse,gfx::timsort,1,1000,20260912,21,100,795,726,,,3334,0,28672,windows-qpc-cycletime,1,,,,,,,,,,,,,,,,,,,,,,,,,,,,,,,,,,,
int64,nearly_sorted,introsort,0,1000,20260912,21,100,4957,4877,,,20815,0,32768,windows-qpc-cycletime,1,,,,,,,,,,,,,,,,,,,,,,,,,,,,,,,,,,,
int64,nearly_sorted,timsort,1,1000,20260912,21,100,2373,2330,,,9966,0,106496,windows-qpc-cycletime,1,,,,,,,,,,,,,,,,,,,,,,,,,,,,,,,,,,,
int64,nearly_sorted,pdqsort,0,1000,20260912,21,100,1812,1752,,,7606,0,36864,windows-qpc-cycletime,1,,,,,,,,,,,,,,,,,,,,,,,,,,,,,,,,,,,
int64,nearly_sorted,mergesort,1,1000,20260912,21,100,4349,4244,,,18240,0,86016,windows-qpc-cycletime,1,,,,,,,,,,,,,,,,,,,,,,,,,,,,,,,,,,,
int64,nearly_sorted,heapsort,0,1000,20260912,21,100,11484,11389,,,48211,0,28672,windows-qpc-cycletime,1,,,,,,,,,,,,,,,,,,,,,,,,,,,,,,,,,,,
int64,nearly_sorted,brainsort,1,1000,20260912,21,100,3289,3208,,,13792,0,90112,windows-qpc-cycletime,1,,,,,,,,,,,,,,,,,,,,,,,,,,,,,,,,,,,
int64,nearly_sorted,radix11,1,1000,20260912,21,100,13849,13587,,,58115,0,139264,windows-qpc-cycletime,1,,,,,,,,,,,,,,,,,,,,,,,,,,,,,,,,,,,
int64,nearly_sorted,radix16,1,1000,20260912,21,100,252138,251050,,,1057933,0,1130496,windows-qpc-cycletime,1,,,,,,,,,,,,,,,,,,,,,,,,,,,,,,,,,,,
int64,nearly_sorted,std::sort,0,1000,20260912,21,100,3573,3505,,,14968,0,28672,windows-qpc-cycletime,1,,,,,,,,,,,,,,,,,,,,,,,,,,,,,,,,,,,
int64,nearly_sorted,std::stable_sort,1,1000,20260912,21,100,4362,4237,,,18316,0,114688,windows-qpc-cycletime,1,,,,,,,,,,,,,,,,,,,,,,,,,,,,,,,,,,,
int64,nearly_sorted,orlp::pdqsort,0,1000,20260912,21,100,1581,1538,,,6623,0,24576,windows-qpc-cycletime,1,,,,,,,,,,,,,,,,,,,,,,,,,,,,,,,,,,,
int64,nearly_sorted,orlp::pdqsort_branchless,0,1000,20260912,21,100,1834,1781,,,7694,0,32768,windows-qpc-cycletime,1,,,,,,,,,,,,,,,,,,,,,,,,,,,,,,,,,,,
int64,nearly_sorted,gfx::timsort,1,1000,20260912,21,100,3423,3308,,,14372,0,110592,windows-qpc-cycletime,1,,,,,,,,,,,,,,,,,,,,,,,,,,,,,,,,,,,
int64,few_unique,introsort,0,1000,20260912,21,100,5512,5452,,,23100,0,32768,windows-qpc-cycletime,1,,,,,,,,,,,,,,,,,,,,,,,,,,,,,,,,,,,
int64,few_unique,timsort,1,1000,20260912,21,100,10328,10197,,,43323,0,184320,windows-qpc-cycletime,1,,,,,,,,,,,,,,,,,,,,,,,,,,,,,,,,,,,
int64,few_unique,pdqsort,0,1000,20260912,21,100,4971,4891,,,20874,0,36864,windows-qpc-cycletime,1,,,,,,,,,,,,,,,,,,,,,,,,,,,,,,,,,,,
int64,few_unique,mergesort,1,1000,20260912,21,100,6328,6190,,,26531,0,73728,windows-qpc-cycletime,1,,,,,,,,,,,,,,,,,,,,,,,,,,,,,,,,,,,
int64,few_unique,heapsort,0,1000,20260912,21,100,11380,11220,,,47791,0,28672,windows-qpc-cycletime,1,,,,,,,,,,,,,,,,,,,,,,,,,,,,,,,,,,,
int64,few_unique,brainsort,1,1000,20260912,21,100,14689,14598,,,61639,0,155648,windows-qpc-cycletime,1,,,,,,,,,,,,,,,,,,,,,,,,,,,,,,,,,,,
int64,few_unique,radix11,1,1000,20260912,21,100,16812,16678,,,70539,0,139264,windows-qpc-cycletime,1,,,,,,,,,,,,,,,,,,,,,,,,,,,,,,,,,,,
int64,few_unique,radix16,1,1000,20260912,21,100,251793,250454,,,1056648,0,1130496,windows-qpc-cycletime,1,,,,,,,,,,,,,,,,,,,,,,,,,,,,,,,,,,,
int64,few_unique,std::sort,0,1000,20260912,21,100,5448,5413,,,22839,0,28672,windows-qpc-cycletime,1,,,,,,,,,,,,,,,,,,,,,,,,,,,,,,,,,,,
int64,few_unique,std::stable_sort,1,1000,20260912,21,100,7609,7569,,,31957,0,114688,windows-qpc-cycletime,1,,,,,,,,,,,,,,,,,,,,,,,,,,,,,,,,,,,
int64,few_unique,orlp::pdqsort,0,1000,20260912,21,100,4305,4271,,,18030,0,24576,windows-qpc-cycletime,1,,,,,,,,,,,,,,,,,,,,,,,,,,,,,,,,,,,
int64,few_unique,orlp::pdqsort_branchless,0,1000,20260912,21,100,4984,4930,,,20916,0,32768,windows-qpc-cycletime,1,,,,,,,,,,,,,,,,,,,,,,,,,,,,,,,,,,,
int64,few_unique,gfx::timsort,1,1000,20260912,21,100,12536,12379,,,52445,0,192512,windows-qpc-cycletime,1,,,,,,,,,,,,,,,,,,,,,,,,,,,,,,,,,,,
int64,all_equal,introsort,0,1000,20260912,21,100,3240,3090,,,13599,0,32768,windows-qpc-cycletime,1,,,,,,,,,,,,,,,,,,,,,,,,,,,,,,,,,,,
int64,all_equal,timsort,1,1000,20260912,21,100,504,423,,,2112,0,94208,windows-qpc-cycletime,1,,,,,,,,,,,,,,,,,,,,,,,,,,,,,,,,,,,
int64,all_equal,pdqsort,0,1000,20260912,21,100,540,517,,,2272,0,36864,windows-qpc-cycletime,1,,,,,,,,,,,,,,,,,,,,,,,,,,,,,,,,,,,
int64,all_equal,mergesort,1,1000,20260912,21,100,3882,3793,,,16296,0,73728,windows-qpc-cycletime,1,,,,,,,,,,,,,,,,,,,,,,,,,,,,,,,,,,,
int64,all_equal,heapsort,0,1000,20260912,21,100,9585,9451,,,40152,0,28672,windows-qpc-cycletime,1,,,,,,,,,,,,,,,,,,,,,,,,,,,,,,,,,,,
int64,all_equal,brainsort,1,1000,20260912,21,100,315,297,,,1314,0,40960,windows-qpc-cycletime,1,,,,,,,,,,,,,,,,,,,,,,,,,,,,,,,,,,,
int64,all_equal,radix11,1,1000,20260912,21,100,8225,7993,,,34540,0,90112,windows-qpc-cycletime,1,,,,,,,,,,,,,,,,,,,,,,,,,,,,,,,,,,,
int64,all_equal,radix16,1,1000,20260912,21,100,245633,244954,,,1030230,0,1093632,windows-qpc-cycletime,1,,,,,,,,,,,,,,,,,,,,,,,,,,,,,,,,,,,
int64,all_equal,std::sort,0,1000,20260912,21,100,3064,3001,,,12860,0,28672,windows-qpc-cycletime,1,,,,,,,,,,,,,,,,,,,,,,,,,,,,,,,,,,,
int64,all_equal,std::stable_sort,1,1000,20260912,21,100,3743,3663,,,15708,0,114688,windows-qpc-cycletime,1,,,,,,,,,,,,,,,,,,,,,,,,,,,,,,,,,,,
int64,all_equal,orlp::pdqsort,0,1000,20260912,21,100,510,488,,,2133,0,24576,windows-qpc-cycletime,1,,,,,,,,,,,,,,,,,,,,,,,,,,,,,,,,,,,
int64,all_equal,orlp::pdqsort_branchless,0,1000,20260912,21,100,539,488,,,2255,0,32768,windows-qpc-cycletime,1,,,,,,,,,,,,,,,,,,,,,,,,,,,,,,,,,,,
int64,all_equal,gfx::timsort,1,1000,20260912,21,100,554,482,,,2318,0,28672,windows-qpc-cycletime,1,,,,,,,,,,,,,,,,,,,,,,,,,,,,,,,,,,,
int64,runs,introsort,0,1000,20260912,21,100,4915,4852,,,20622,0,32768,windows-qpc-cycletime,1,,,,,,,,,,,,,,,,,,,,,,,,,,,,,,,,,,,
int64,runs,timsort,1,1000,20260912,21,100,474,431,,,1978,0,94208,windows-qpc-cycletime,1,,,,,,,,,,,,,,,,,,,,,,,,,,,,,,,,,,,
int64,runs,pdqsort,0,1000,20260912,21,100,625,545,,,2612,0,36864,windows-qpc-cycletime,1,,,,,,,,,,,,,,,,,,,,,,,,,,,,,,,,,,,
int64,runs,mergesort,1,1000,20260912,21,100,3883,3779,,,16296,0,61440,windows-qpc-cycletime,1,,,,,,,,,,,,,,,,,,,,,,,,,,,,,,,,,,,
int64,runs,heapsort,0,1000,20260912,21,100,11535,11357,,,48379,0,28672,windows-qpc-cycletime,1,,,,,,,,,,,,,,,,,,,,,,,,,,,,,,,,,,,
int64,runs,brainsort,1,1000,20260912,21,100,291,290,,,1213,0,40960,windows-qpc-cycletime,1,,,,,,,,,,,,,,,,,,,,,,,,,,,,,,,,,,,
int64,runs,radix11,1,1000,20260912,21,100,10212,9921,,,42831,0,139264,windows-qpc-cycletime,1,,,,,,,,,,,,,,,,,,,,,,,,,,,,,,,,,,,
int64,runs,radix16,1,1000,20260912,21,100,251218,248622,,,1053738,0,1142784,windows-qpc-cycletime,1,,,,,,,,,,,,,,,,,,,,,,,,,,,,,,,,,,,
int64,runs,std::sort,0,1000,20260912,21,100,3492,3428,,,14611,0,28672,windows-qpc-cycletime,1,,,,,,,,,,,,,,,,,,,,,,,,,,,,,,,,,,,
int64,runs,std::stable_sort,1,1000,20260912,21,100,3736,3658,,,15653,0,114688,windows-qpc-cycletime,1,,,,,,,,,,,,,,,,,,,,,,,,,,,,,,,,,,,
int64,runs,orlp::pdqsort,0,1000,20260912,21,100,510,465,,,2133,0,24576,windows-qpc-cycletime,1,,,,,,,,,,,,,,,,,,,,,,,,,,,,,,,,,,,
int64,runs,orlp::pdqsort_branchless,0,1000,20260912,21,100,549,468,,,2301,0,32768,windows-qpc-cycletime,1,,,,,,,,,,,,,,,,,,,,,,,,,,,,,,,,,,,
int64,runs,gfx::timsort,1,1000,20260912,21,100,542,486,,,2268,0,28672,windows-qpc-cycletime,1,,,,,,,,,,,,,,,,,,,,,,,,,,,,,,,,,,,
int64,organ_pipe,introsort,0,1000,20260912,21,100,10807,10622,,,45389,0,32768,windows-qpc-cycletime,1,,,,,,,,,,,,,,,,,,,,,,,,,,,,,,,,,,,
int64,organ_pipe,timsort,1,1000,20260912,21,100,1699,1592,,,7123,0,184320,windows-qpc-cycletime,1,,,,,,,,,,,,,,,,,,,,,,,,,,,,,,,,,,,
int64,organ_pipe,pdqsort,0,1000,20260912,21,100,6265,6139,,,26304,0,36864,windows-qpc-cycletime,1,,,,,,,,,,,,,,,,,,,,,,,,,,,,,,,,,,,
int64,organ_pipe,mergesort,1,1000,20260912,21,100,5412,5291,,,22734,0,61440,windows-qpc-cycletime,1,,,,,,,,,,,,,,,,,,,,,,,,,,,,,,,,,,,
int64,organ_pipe,heapsort,0,1000,20260912,21,100,11612,11452,,,48762,0,28672,windows-qpc-cycletime,1,,,,,,,,,,,,,,,,,,,,,,,,,,,,,,,,,,,
int64,organ_pipe,brainsort,1,1000,20260912,21,100,1551,1475,,,6505,0,135168,windows-qpc-cycletime,1,,,,,,,,,,,,,,,,,,,,,,,,,,,,,,,,,,,
int64,organ_pipe,radix11,1,1000,20260912,21,100,9430,9226,,,39601,0,126976,windows-qpc-cycletime,1,,,,,,,,,,,,,,,,,,,,,,,,,,,,,,,,,,,
int64,organ_pipe,radix16,1,1000,20260912,21,100,246759,246013,,,1034976,0,1130496,windows-qpc-cycletime,1,,,,,,,,,,,,,,,,,,,,,,,,,,,,,,,,,,,
int64,organ_pipe,std::sort,0,1000,20260912,21,100,10555,10468,,,44301,0,28672,windows-qpc-cycletime,1,,,,,,,,,,,,,,,,,,,,,,,,,,,,,,,,,,,
int64,organ_pipe,std::stable_sort,1,1000,20260912,21,100,5226,5135,,,21911,0,114688,windows-qpc-cycletime,1,,,,,,,,,,,,,,,,,,,,,,,,,,,,,,,,,,,
int64,organ_pipe,orlp::pdqsort,0,1000,20260912,21,100,4771,4713,,,20004,0,24576,windows-qpc-cycletime,1,,,,,,,,,,,,,,,,,,,,,,,,,,,,,,,,,,,
int64,organ_pipe,orlp::pdqsort_branchless,0,1000,20260912,21,100,7011,6926,,,29299,0,32768,windows-qpc-cycletime,1,,,,,,,,,,,,,,,,,,,,,,,,,,,,,,,,,,,
int64,organ_pipe,gfx::timsort,1,1000,20260912,21,100,1420,1321,,,5964,0,106496,windows-qpc-cycletime,1,,,,,,,,,,,,,,,,,,,,,,,,,,,,,,,,,,,
int64,small_range,introsort,0,1000,20260912,21,100,4213,4119,,,17665,0,32768,windows-qpc-cycletime,1,,,,,,,,,,,,,,,,,,,,,,,,,,,,,,,,,,,
int64,small_range,timsort,1,1000,20260912,21,100,7973,7884,,,33427,0,184320,windows-qpc-cycletime,1,,,,,,,,,,,,,,,,,,,,,,,,,,,,,,,,,,,
int64,small_range,pdqsort,0,1000,20260912,21,100,1359,1329,,,5707,0,36864,windows-qpc-cycletime,1,,,,,,,,,,,,,,,,,,,,,,,,,,,,,,,,,,,
int64,small_range,mergesort,1,1000,20260912,21,100,5109,5004,,,21432,0,86016,windows-qpc-cycletime,1,,,,,,,,,,,,,,,,,,,,,,,,,,,,,,,,,,,
int64,small_range,heapsort,0,1000,20260912,21,100,10925,10801,,,45813,0,28672,windows-qpc-cycletime,1,,,,,,,,,,,,,,,,,,,,,,,,,,,,,,,,,,,
int64,small_range,brainsort,1,1000,20260912,21,100,2447,2369,,,10197,0,106496,windows-qpc-cycletime,1,,,,,,,,,,,,,,,,,,,,,,,,,,,,,,,,,,,
int64,small_range,radix11,1,1000,20260912,21,100,9642,9401,,,40420,0,114688,windows-qpc-cycletime,1,,,,,,,,,,,,,,,,,,,,,,,,,,,,,,,,,,,
int64,small_range,radix16,1,1000,20260912,21,100,247802,246685,,,1039542,0,1130496,windows-qpc-cycletime,1,,,,,,,,,,,,,,,,,,,,,,,,,,,,,,,,,,,
int64,small_range,std::sort,0,1000,20260912,21,100,3550,3464,,,14897,0,28672,windows-qpc-cycletime,1,,,,,,,,,,,,,,,,,,,,,,,,,,,,,,,,,,,
int64,small_range,std::stable_sort,1,1000,20260912,21,100,6211,6104,,,26027,0,114688,windows-qpc-cycletime,1,,,,,,,,,,,,,,,,,,,,,,,,,,,,,,,,,,,
int64,small_range,orlp::pdqsort,0,1000,20260912,21,100,1281,1230,,,5380,0,24576,windows-qpc-cycletime,1,,,,,,,,,,,,,,,,,,,,,,,,,,,,,,,,,,,
int64,small_range,orlp::pdqsort_branchless,0,1000,20260912,21,100,1453,1369,,,6090,0,32768,windows-qpc-cycletime,1,,,,,,,,,,,,,,,,,,,,,,,,,,,,,,,,,,,
int64,small_range,gfx::timsort,1,1000,20260912,21,100,8988,8867,,,37745,0,135168,windows-qpc-cycletime,1,,,,,,,,,,,,,,,,,,,,,,,,,,,,,,,,,,,
int64,sawtooth,introsort,0,1000,20260912,21,100,4934,4873,,,20714,0,32768,windows-qpc-cycletime,1,,,,,,,,,,,,,,,,,,,,,,,,,,,,,,,,,,,
int64,sawtooth,timsort,1,1000,20260912,21,100,455,429,,,1911,0,94208,windows-qpc-cycletime,1,,,,,,,,,,,,,,,,,,,,,,,,,,,,,,,,,,,
int64,sawtooth,pdqsort,0,1000,20260912,21,100,565,537,,,2368,0,36864,windows-qpc-cycletime,1,,,,,,,,,,,,,,,,,,,,,,,,,,,,,,,,,,,
int64,sawtooth,mergesort,1,1000,20260912,21,100,3790,3718,,,15909,0,61440,windows-qpc-cycletime,1,,,,,,,,,,,,,,,,,,,,,,,,,,,,,,,,,,,
int64,sawtooth,heapsort,0,1000,20260912,21,100,11509,11366,,,48262,0,28672,windows-qpc-cycletime,1,,,,,,,,,,,,,,,,,,,,,,,,,,,,,,,,,,,
int64,sawtooth,brainsort,1,1000,20260912,21,100,309,292,,,1293,0,40960,windows-qpc-cycletime,1,,,,,,,,,,,,,,,,,,,,,,,,,,,,,,,,,,,
int64,sawtooth,radix11,1,1000,20260912,21,100,9573,9318,,,40160,0,126976,windows-qpc-cycletime,1,,,,,,,,,,,,,,,,,,,,,,,,,,,,,,,,,,,
int64,sawtooth,radix16,1,1000,20260912,21,100,247870,246825,,,1039785,0,1118208,windows-qpc-cycletime,1,,,,,,,,,,,,,,,,,,,,,,,,,,,,,,,,,,,
int64,sawtooth,std::sort,0,1000,20260912,21,100,3515,3467,,,14733,0,28672,windows-qpc-cycletime,1,,,,,,,,,,,,,,,,,,,,,,,,,,,,,,,,,,,
int64,sawtooth,std::stable_sort,1,1000,20260912,21,100,3701,3591,,,15535,0,114688,windows-qpc-cycletime,1,,,,,,,,,,,,,,,,,,,,,,,,,,,,,,,,,,,
int64,sawtooth,orlp::pdqsort,0,1000,20260912,21,100,495,461,,,2070,0,24576,windows-qpc-cycletime,1,,,,,,,,,,,,,,,,,,,,,,,,,,,,,,,,,,,
int64,sawtooth,orlp::pdqsort_branchless,0,1000,20260912,21,100,506,485,,,2125,0,32768,windows-qpc-cycletime,1,,,,,,,,,,,,,,,,,,,,,,,,,,,,,,,,,,,
int64,sawtooth,gfx::timsort,1,1000,20260912,21,100,516,498,,,2163,0,28672,windows-qpc-cycletime,1,,,,,,,,,,,,,,,,,,,,,,,,,,,,,,,,,,,
int64,prefixed,introsort,0,1000,20260912,21,100,7040,6948,,,29517,0,32768,windows-qpc-cycletime,1,,,,,,,,,,,,,,,,,,,,,,,,,,,,,,,,,,,
int64,prefixed,timsort,1,1000,20260912,21,100,10345,10274,,,43386,0,184320,windows-qpc-cycletime,1,,,,,,,,,,,,,,,,,,,,,,,,,,,,,,,,,,,
int64,prefixed,pdqsort,0,1000,20260912,21,100,5777,5738,,,24255,0,36864,windows-qpc-cycletime,1,,,,,,,,,,,,,,,,,,,,,,,,,,,,,,,,,,,
int64,prefixed,mergesort,1,1000,20260912,21,100,6437,6384,,,27018,0,73728,windows-qpc-cycletime,1,,,,,,,,,,,,,,,,,,,,,,,,,,,,,,,,,,,
int64,prefixed,heapsort,0,1000,20260912,21,100,11466,11248,,,48090,0,28672,windows-qpc-cycletime,1,,,,,,,,,,,,,,,,,,,,,,,,,,,,,,,,,,,
int64,prefixed,brainsort,1,1000,20260912,21,100,4855,4752,,,20378,0,102400,windows-qpc-cycletime,1,,,,,,,,,,,,,,,,,,,,,,,,,,,,,,,,,,,
int64,prefixed,radix11,1,1000,20260912,21,100,10080,9879,,,42336,0,126976,windows-qpc-cycletime,1,,,,,,,,,,,,,,,,,,,,,,,,,,,,,,,,,,,
int64,prefixed,radix16,1,1000,20260912,21,100,248581,247022,,,1042104,0,1142784,windows-qpc-cycletime,1,,,,,,,,,,,,,,,,,,,,,,,,,,,,,,,,,,,
int64,prefixed,std::sort,0,1000,20260912,21,100,6566,6531,,,27560,0,28672,windows-qpc-cycletime,1,,,,,,,,,,,,,,,,,,,,,,,,,,,,,,,,,,,
int64,prefixed,std::stable_sort,1,1000,20260912,21,100,7898,7829,,,33154,0,114688,windows-qpc-cycletime,1,,,,,,,,,,,,,,,,,,,,,,,,,,,,,,,,,,,
int64,prefixed,orlp::pdqsort,0,1000,20260912,21,100,5087,5038,,,21369,0,24576,windows-qpc-cycletime,1,,,,,,,,,,,,,,,,,,,,,,,,,,,,,,,,,,,
int64,prefixed,orlp::pdqsort_branchless,0,1000,20260912,21,100,6336,6281,,,26594,0,32768,windows-qpc-cycletime,1,,,,,,,,,,,,,,,,,,,,,,,,,,,,,,,,,,,
int64,prefixed,gfx::timsort,1,1000,20260912,21,100,12814,12695,,,53764,0,172032,windows-qpc-cycletime,1,,,,,,,,,,,,,,,,,,,,,,,,,,,,,,,,,,,
string,random,introsort,0,1000,20260912,21,100,34612,33737,,,145257,0,28672,windows-qpc-cycletime,1,,,,,,,,,,,,,,,,,,,,,,,,,,,,,,,,,,,
string,random,timsort,1,1000,20260912,21,100,30611,30317,,,128087,0,188416,windows-qpc-cycletime,1,,,,,,,,,,,,,,,,,,,,,,,,,,,,,,,,,,,
string,random,pdqsort,0,1000,20260912,21,100,31672,31541,,,132921,0,40960,windows-qpc-cycletime,1,,,,,,,,,,,,,,,,,,,,,,,,,,,,,,,,,,,
string,random,mergesort,1,1000,20260912,21,100,29731,29242,,,124811,0,65536,windows-qpc-cycletime,1,,,,,,,,,,,,,,,,,,,,,,,,,,,,,,,,,,,
string,random,heapsort,0,1000,20260912,21,100,35344,35225,,,148146,0,28672,windows-qpc-cycletime,1,,,,,,,,,,,,,,,,,,,,,,,,,,,,,,,,,,,
string,random,brainsort,1,1000,20260912,21,100,23634,23180,,,99124,0,143360,windows-qpc-cycletime,1,,,,,,,,,,,,,,,,,,,,,,,,,,,,,,,,,,,
string,random,std::sort,0,1000,20260912,21,100,33030,32929,,,138553,0,32768,windows-qpc-cycletime,1,,,,,,,,,,,,,,,,,,,,,,,,,,,,,,,,,,,
string,random,std::stable_sort,1,1000,20260912,21,100,29536,29341,,,123925,0,114688,windows-qpc-cycletime,1,,,,,,,,,,,,,,,,,,,,,,,,,,,,,,,,,,,
string,random,orlp::pdqsort,0,1000,20260912,21,100,31419,31286,,,131880,0,28672,windows-qpc-cycletime,1,,,,,,,,,,,,,,,,,,,,,,,,,,,,,,,,,,,
string,random,orlp::pdqsort_branchless,0,1000,20260912,21,100,31219,31169,,,130998,0,45056,windows-qpc-cycletime,1,,,,,,,,,,,,,,,,,,,,,,,,,,,,,,,,,,,
string,random,gfx::timsort,1,1000,20260912,21,100,31537,30963,,,132178,0,192512,windows-qpc-cycletime,1,,,,,,,,,,,,,,,,,,,,,,,,,,,,,,,,,,,
string,sorted,introsort,0,1000,20260912,21,100,25637,25323,,,107205,0,28672,windows-qpc-cycletime,1,,,,,,,,,,,,,,,,,,,,,,,,,,,,,,,,,,,
string,sorted,timsort,1,1000,20260912,21,100,2884,2850,,,12091,0,98304,windows-qpc-cycletime,1,,,,,,,,,,,,,,,,,,,,,,,,,,,,,,,,,,,
string,sorted,pdqsort,0,1000,20260912,21,100,4756,4725,,,19945,0,45056,windows-qpc-cycletime,1,,,,,,,,,,,,,,,,,,,,,,,,,,,,,,,,,,,
string,sorted,mergesort,1,1000,20260912,21,100,11709,11646,,,49123,0,53248,windows-qpc-cycletime,1,,,,,,,,,,,,,,,,,,,,,,,,,,,,,,,,,,,
string,sorted,heapsort,0,1000,20260912,21,100,32788,32660,,,137562,0,28672,windows-qpc-cycletime,1,,,,,,,,,,,,,,,,,,,,,,,,,,,,,,,,,,,
string,sorted,brainsort,1,1000,20260912,21,100,3618,3585,,,15162,0,32768,windows-qpc-cycletime,1,,,,,,,,,,,,,,,,,,,,,,,,,,,,,,,,,,,
string,sorted,std::sort,0,1000,20260912,21,100,24907,24800,,,104365,0,32768,windows-qpc-cycletime,1,,,,,,,,,,,,,,,,,,,,,,,,,,,,,,,,,,,
string,sorted,std::stable_sort,1,1000,20260912,21,100,15775,15666,,,66179,0,114688,windows-qpc-cycletime,1,,,,,,,,,,,,,,,,,,,,,,,,,,,,,,,,,,,
string,sorted,orlp::pdqsort,0,1000,20260912,21,100,4643,4575,,,19454,0,28672,windows-qpc-cycletime,1,,,,,,,,,,,,,,,,,,,,,,,,,,,,,,,,,,,
string,sorted,orlp::pdqsort_branchless,0,1000,20260912,21,100,5145,5115,,,21596,0,45056,windows-qpc-cycletime,1,,,,,,,,,,,,,,,,,,,,,,,,,,,,,,,,,,,
string,sorted,gfx::timsort,1,1000,20260912,21,100,3819,3791,,,16006,0,28672,windows-qpc-cycletime,1,,,,,,,,,,,,,,,,,,,,,,,,,,,,,,,,,,,
string,reverse,introsort,0,1000,20260912,21,100,19355,19245,,,81173,0,28672,windows-qpc-cycletime,1,,,,,,,,,,,,,,,,,,,,,,,,,,,,,,,,,,,
string,reverse,timsort,1,1000,20260912,21,100,3172,3146,,,13301,0,98304,windows-qpc-cycletime,1,,,,,,,,,,,,,,,,,,,,,,,,,,,,,,,,,,,
string,reverse,pdqsort,0,1000,20260912,21,100,7485,7418,,,31340,0,45056,windows-qpc-cycletime,1,,,,,,,,,,,,,,,,,,,,,,,,,,,,,,,,,,,
string,reverse,mergesort,1,1000,20260912,21,100,28862,28334,,,120670,0,65536,windows-qpc-cycletime,1,,,,,,,,,,,,,,,,,,,,,,,,,,,,,,,,,,,
string,reverse,heapsort,0,1000,20260912,21,100,35791,35557,,,150057,0,28672,windows-qpc-cycletime,1,,,,,,,,,,,,,,,,,,,,,,,,,,,,,,,,,,,
string,reverse,brainsort,1,1000,20260912,21,100,3764,3736,,,15796,0,45056,windows-qpc-cycletime,1,,,,,,,,,,,,,,,,,,,,,,,,,,,,,,,,,,,
string,reverse,std::sort,0,1000,20260912,21,100,19571,19419,,,81963,0,32768,windows-qpc-cycletime,1,,,,,,,,,,,,,,,,,,,,,,,,,,,,,,,,,,,
string,reverse,std::stable_sort,1,1000,20260912,21,100,14842,14680,,,62328,0,114688,windows-qpc-cycletime,1,,,,,,,,,,,,,,,,,,,,,,,,,,,,,,,,,,,
string,reverse,orlp::pdqsort,0,1000,20260912,21,100,7213,7119,,,30282,0,28672,windows-qpc-cycletime,1,,,,,,,,,,,,,,,,,,,,,,,,,,,,,,,,,,,
string,reverse,orlp::pdqsort_branchless,0,1000,20260912,21,100,7896,7858,,,33091,0,45056,windows-qpc-cycletime,1,,,,,,,,,,,,,,,,,,,,,,,,,,,,,,,,,,,
string,reverse,gfx::timsort,1,1000,20260912,21,100,3880,3820,,,16212,0,28672,windows-qpc-cycletime,1,,,,,,,,,,,,,,,,,,,,,,,,,,,,,,,,,,,
string,nearly_sorted,introsort,0,1000,20260912,21,100,26105,25987,,,109435,0,28672,windows-qpc-cycletime,1,,,,,,,,,,,,,,,,,,,,,,,,,,,,,,,,,,,
string,nearly_sorted,timsort,1,1000,20260912,21,100,8068,8015,,,33814,0,188416,windows-qpc-cycletime,1,,,,,,,,,,,,,,,,,,,,,,,,,,,,,,,,,,,
string,nearly_sorted,pdqsort,0,1000,20260912,21,100,15864,15689,,,66519,0,45056,windows-qpc-cycletime,1,,,,,,,,,,,,,,,,,,,,,,,,,,,,,,,,,,,
string,nearly_sorted,mergesort,1,1000,20260912,21,100,15716,15566,,,65952,0,77824,windows-qpc-cycletime,1,,,,,,,,,,,,,,,,,,,,,,,,,,,,,,,,,,,
string,nearly_sorted,heapsort,0,1000,20260912,21,100,33018,32748,,,138604,0,28672,windows-qpc-cycletime,1,,,,,,,,,,,,,,,,,,,,,,,,,,,,,,,,,,,
string,nearly_sorted,brainsort,1,1000,20260912,21,100,12370,11851,,,51912,0,73728,windows-qpc-cycletime,1,,,,,,,,,,,,,,,,,,,,,,,,,,,,,,,,,,,
string,nearly_sorted,std::sort,0,1000,20260912,21,100,25466,25177,,,106902,0,32768,windows-qpc-cycletime,1,,,,,,,,,,,,,,,,,,,,,,,,,,,,,,,,,,,
string,nearly_sorted,std::stable_sort,1,1000,20260912,21,100,19763,19640,,,82950,0,114688,windows-qpc-cycletime,1,,,,,,,,,,,,,,,,,,,,,,,,,,,,,,,,,,,
string,nearly_sorted,orlp::pdqsort,0,1000,20260912,21,100,15336,15196,,,64344,0,28672,windows-qpc-cycletime,1,,,,,,,,,,,,,,,,,,,,,,,,,,,,,,,,,,,
string,nearly_sorted,orlp::pdqsort_branchless,0,1000,20260912,21,100,16438,16316,,,68943,0,45056,windows-qpc-cycletime,1,,,,,,,,,,,,,,,,,,,,,,,,,,,,,,,,,,,
string,nearly_sorted,gfx::timsort,1,1000,20260912,21,100,11290,11153,,,47405,0,143360,windows-qpc-cycletime,1,,,,,,,,,,,,,,,,,,,,,,,,,,,,,,,,,,,
string,few_unique,introsort,0,1000,20260912,21,100,32476,32040,,,135933,0,28672,windows-qpc-cycletime,1,,,,,,,,,,,,,,,,,,,,,,,,,,,,,,,,,,,
string,few_unique,timsort,1,1000,20260912,21,100,35398,33746,,,148587,0,188416,windows-qpc-cycletime,1,,,,,,,,,,,,,,,,,,,,,,,,,,,,,,,,,,,
string,few_unique,pdqsort,0,1000,20260912,21,100,29196,28998,,,122501,0,49152,windows-qpc-cycletime,1,,,,,,,,,,,,,,,,,,,,,,,,,,,,,,,,,,,
string,few_unique,mergesort,1,1000,20260912,21,100,31891,31640,,,133812,0,65536,windows-qpc-cycletime,1,,,,,,,,,,,,,,,,,,,,,,,,,,,,,,,,,,,
string,few_unique,heapsort,0,1000,20260912,21,100,38451,38304,,,161389,0,28672,windows-qpc-cycletime,1,,,,,,,,,,,,,,,,,,,,,,,,,,,,,,,,,,,
string,few_unique,brainsort,1,1000,20260912,21,100,25783,25634,,,108183,0,155648,windows-qpc-cycletime,1,,,,,,,,,,,,,,,,,,,,,,,,,,,,,,,,,,,
string,few_unique,std::sort,0,1000,20260912,21,100,30936,30772,,,129687,0,32768,windows-qpc-cycletime,1,,,,,,,,,,,,,,,,,,,,,,,,,,,,,,,,,,,
string,few_unique,std::stable_sort,1,1000,20260912,21,100,31726,31495,,,133165,0,114688,windows-qpc-cycletime,1,,,,,,,,,,,,,,,,,,,,,,,,,,,,,,,,,,,
string,few_unique,orlp::pdqsort,0,1000,20260912,21,100,28134,28027,,,118028,0,32768,windows-qpc-cycletime,1,,,,,,,,,,,,,,,,,,,,,,,,,,,,,,,,,,,
string,few_unique,orlp::pdqsort_branchless,0,1000,20260912,21,100,27001,26885,,,113324,0,49152,windows-qpc-cycletime,1,,,,,,,,,,,,,,,,,,,,,,,,,,,,,,,,,,,
string,few_unique,gfx::timsort,1,1000,20260912,21,100,35092,34985,,,147252,0,155648,windows-qpc-cycletime,1,,,,,,,,,,,,,,,,,,,,,,,,,,,,,,,,,,,
string,all_equal,introsort,0,1000,20260912,21,100,28969,28569,,,121602,0,28672,windows-qpc-cycletime,1,,,,,,,,,,,,,,,,,,,,,,,,,,,,,,,,,,,
string,all_equal,timsort,1,1000,20260912,21,100,3494,3427,,,14670,0,98304,windows-qpc-cycletime,1,,,,,,,,,,,,,,,,,,,,,,,,,,,,,,,,,,,
string,all_equal,pdqsort,0,1000,20260912,21,100,7965,7927,,,33411,0,49152,windows-qpc-cycletime,1,,,,,,,,,,,,,,,,,,,,,,,,,,,,,,,,,,,
string,all_equal,mergesort,1,1000,20260912,21,100,17039,16900,,,71488,0,53248,windows-qpc-cycletime,1,,,,,,,,,,,,,,,,,,,,,,,,,,,,,,,,,,,
string,all_equal,heapsort,0,1000,20260912,21,100,46618,46473,,,195644,0,28672,windows-qpc-cycletime,1,,,,,,,,,,,,,,,,,,,,,,,,,,,,,,,,,,,
string,all_equal,brainsort,1,1000,20260912,21,100,4537,4456,,,19013,0,32768,windows-qpc-cycletime,1,,,,,,,,,,,,,,,,,,,,,,,,,,,,,,,,,,,
string,all_equal,std::sort,0,1000,20260912,21,100,25697,25435,,,107784,0,32768,windows-qpc-cycletime,1,,,,,,,,,,,,,,,,,,,,,,,,,,,,,,,,,,,
string,all_equal,std::stable_sort,1,1000,20260912,21,100,20682,20441,,,86704,0,114688,windows-qpc-cycletime,1,,,,,,,,,,,,,,,,,,,,,,,,,,,,,,,,,,,
string,all_equal,orlp::pdqsort,0,1000,20260912,21,100,6920,6821,,,29055,0,32768,windows-qpc-cycletime,1,,,,,,,,,,,,,,,,,,,,,,,,,,,,,,,,,,,
string,all_equal,orlp::pdqsort_branchless,0,1000,20260912,21,100,7730,7675,,,32457,0,49152,windows-qpc-cycletime,1,,,,,,,,,,,,,,,,,,,,,,,,,,,,,,,,,,,
string,all_equal,gfx::timsort,1,1000,20260912,21,100,4281,4142,,,17971,0,28672,windows-qpc-cycletime,1,,,,,,,,,,,,,,,,,,,,,,,,,,,,,,,,,,,
string,runs,introsort,0,1000,20260912,21,100,39033,38706,,,163842,0,28672,windows-qpc-cycletime,1,,,,,,,,,,,,,,,,,,,,,,,,,,,,,,,,,,,
string,runs,timsort,1,1000,20260912,21,100,3794,3733,,,15922,0,98304,windows-qpc-cycletime,1,,,,,,,,,,,,,,,,,,,,,,,,,,,,,,,,,,,
string,runs,pdqsort,0,1000,20260912,21,100,6796,6747,,,28518,0,45056,windows-qpc-cycletime,1,,,,,,,,,,,,,,,,,,,,,,,,,,,,,,,,,,,
string,runs,mergesort,1,1000,20260912,21,100,16598,16172,,,69648,0,65536,windows-qpc-cycletime,1,,,,,,,,,,,,,,,,,,,,,,,,,,,,,,,,,,,
string,runs,heapsort,0,1000,20260912,21,100,53718,53303,,,225535,0,28672,windows-qpc-cycletime,1,,,,,,,,,,,,,,,,,,,,,,,,,,,,,,,,,,,
string,runs,brainsort,1,1000,20260912,21,100,4717,4622,,,19807,0,32768,windows-qpc-cycletime,1,,,,,,,,,,,,,,,,,,,,,,,,,,,,,,,,,,,
string,runs,std::sort,0,1000,20260912,21,100,37916,37621,,,159129,0,32768,windows-qpc-cycletime,1,,,,,,,,,,,,,,,,,,,,,,,,,,,,,,,,,,,
string,runs,std::stable_sort,1,1000,20260912,21,100,21331,20978,,,89527,0,114688,windows-qpc-cycletime,1,,,,,,,,,,,,,,,,,,,,,,,,,,,,,,,,,,,
string,runs,orlp::pdqsort,0,1000,20260912,21,100,6611,6505,,,27711,0,28672,windows-qpc-cycletime,1,,,,,,,,,,,,,,,,,,,,,,,,,,,,,,,,,,,
string,runs,orlp::pdqsort_branchless,0,1000,20260912,21,100,7078,6970,,,29677,0,45056,windows-qpc-cycletime,1,,,,,,,,,,,,,,,,,,,,,,,,,,,,,,,,,,,
string,runs,gfx::timsort,1,1000,20260912,21,100,4738,4678,,,19903,0,28672,windows-qpc-cycletime,1,,,,,,,,,,,,,,,,,,,,,,,,,,,,,,,,,,,
string,organ_pipe,introsort,0,1000,20260912,21,100,82030,78198,,,344328,0,32768,windows-qpc-cycletime,1,,,,,,,,,,,,,,,,,,,,,,,,,,,,,,,,,,,
string,organ_pipe,timsort,1,1000,20260912,21,100,8950,8635,,,37443,0,188416,windows-qpc-cycletime,1,,,,,,,,,,,,,,,,,,,,,,,,,,,,,,,,,,,
string,organ_pipe,pdqsort,0,1000,20260912,21,100,57979,57017,,,243314,0,40960,windows-qpc-cycletime,1,,,,,,,,,,,,,,,,,,,,,,,,,,,,,,,,,,,
string,organ_pipe,mergesort,1,1000,20260912,21,100,34366,32895,,,144257,0,65536,windows-qpc-cycletime,1,,,,,,,,,,,,,,,,,,,,,,,,,,,,,,,,,,,
string,organ_pipe,heapsort,0,1000,20260912,21,100,50786,50366,,,213158,0,28672,windows-qpc-cycletime,1,,,,,,,,,,,,,,,,,,,,,,,,,,,,,,,,,,,
string,organ_pipe,brainsort,1,1000,20260912,21,100,9550,9386,,,40101,0,126976,windows-qpc-cycletime,1,,,,,,,,,,,,,,,,,,,,,,,,,,,,,,,,,,,
string,organ_pipe,std::sort,0,1000,20260912,21,100,74877,73297,,,314328,0,32768,windows-qpc-cycletime,1,,,,,,,,,,,,,,,,,,,,,,,,,,,,,,,,,,,
string,organ_pipe,std::stable_sort,1,1000,20260912,21,100,23663,23257,,,99271,0,114688,windows-qpc-cycletime,1,,,,,,,,,,,,,,,,,,,,,,,,,,,,,,,,,,,
string,organ_pipe,orlp::pdqsort,0,1000,20260912,21,100,57995,54359,,,243453,0,28672,windows-qpc-cycletime,1,,,,,,,,,,,,,,,,,,,,,,,,,,,,,,,,,,,
string,organ_pipe,orlp::pdqsort_branchless,0,1000,20260912,21,100,58714,57708,,,246288,0,45056,windows-qpc-cycletime,1,,,,,,,,,,,,,,,,,,,,,,,,,,,,,,,,,,,
string,organ_pipe,gfx::timsort,1,1000,20260912,21,100,8620,8370,,,36128,0,114688,windows-qpc-cycletime,1,,,,,,,,,,,,,,,,,,,,,,,,,,,,,,,,,,,
string,small_range,introsort,0,1000,20260912,21,100,39407,34993,,,165316,0,28672,windows-qpc-cycletime,1,,,,,,,,,,,,,,,,,,,,,,,,,,,,,,,,,,,
string,small_range,timsort,1,1000,20260912,21,100,30971,29247,,,129943,0,188416,windows-qpc-cycletime,1,,,,,,,,,,,,,,,,,,,,,,,,,,,,,,,,,,,
string,small_range,pdqsort,0,1000,20260912,21,100,15394,15042,,,64633,0,49152,windows-qpc-cycletime,1,,,,,,,,,,,,,,,,,,,,,,,,,,,,,,,,,,,
string,small_range,mergesort,1,1000,20260912,21,100,43841,39356,,,183972,0,53248,windows-qpc-cycletime,1,,,,,,,,,,,,,,,,,,,,,,,,,,,,,,,,,,,
string,small_range,heapsort,0,1000,20260912,21,100,70693,69328,,,296751,0,28672,windows-qpc-cycletime,1,,,,,,,,,,,,,,,,,,,,,,,,,,,,,,,,,,,
string,small_range,brainsort,1,1000,20260912,21,100,12818,12538,,,53785,0,118784,windows-qpc-cycletime,1,,,,,,,,,,,,,,,,,,,,,,,,,,,,,,,,,,,
string,small_range,std::sort,0,1000,20260912,21,100,35824,34666,,,150376,0,32768,windows-qpc-cycletime,1,,,,,,,,,,,,,,,,,,,,,,,,,,,,,,,,,,,
string,small_range,std::stable_sort,1,1000,20260912,21,100,44785,40056,,,188004,0,114688,windows-qpc-cycletime,1,,,,,,,,,,,,,,,,,,,,,,,,,,,,,,,,,,,
string,small_range,orlp::pdqsort,0,1000,20260912,21,100,14847,14579,,,62294,0,32768,windows-qpc-cycletime,1,,,,,,,,,,,,,,,,,,,,,,,,,,,,,,,,,,,
string,small_range,orlp::pdqsort_branchless,0,1000,20260912,21,100,14988,14632,,,62882,0,49152,windows-qpc-cycletime,1,,,,,,,,,,,,,,,,,,,,,,,,,,,,,,,,,,,
string,small_range,gfx::timsort,1,1000,20260912,21,100,32653,29871,,,136878,0,131072,windows-qpc-cycletime,1,,,,,,,,,,,,,,,,,,,,,,,,,,,,,,,,,,,
string,sawtooth,introsort,0,1000,20260912,21,100,40861,39726,,,171515,0,28672,windows-qpc-cycletime,1,,,,,,,,,,,,,,,,,,,,,,,,,,,,,,,,,,,
string,sawtooth,timsort,1,1000,20260912,21,100,3729,3590,,,15586,0,98304,windows-qpc-cycletime,1,,,,,,,,,,,,,,,,,,,,,,,,,,,,,,,,,,,
string,sawtooth,pdqsort,0,1000,20260912,21,100,6931,6710,,,29106,0,45056,windows-qpc-cycletime,1,,,,,,,,,,,,,,,,,,,,,,,,,,,,,,,,,,,
string,sawtooth,mergesort,1,1000,20260912,21,100,16403,16203,,,68871,0,53248,windows-qpc-cycletime,1,,,,,,,,,,,,,,,,,,,,,,,,,,,,,,,,,,,
string,sawtooth,heapsort,0,1000,20260912,21,100,48046,45944,,,201700,0,28672,windows-qpc-cycletime,1,,,,,,,,,,,,,,,,,,,,,,,,,,,,,,,,,,,
string,sawtooth,brainsort,1,1000,20260912,21,100,4750,4636,,,19950,0,32768,windows-qpc-cycletime,1,,,,,,,,,,,,,,,,,,,,,,,,,,,,,,,,,,,
string,sawtooth,std::sort,0,1000,20260912,21,100,37958,37026,,,159041,0,32768,windows-qpc-cycletime,1,,,,,,,,,,,,,,,,,,,,,,,,,,,,,,,,,,,
string,sawtooth,std::stable_sort,1,1000,20260912,21,100,21583,20928,,,90312,0,114688,windows-qpc-cycletime,1,,,,,,,,,,,,,,,,,,,,,,,,,,,,,,,,,,,
string,sawtooth,orlp::pdqsort,0,1000,20260912,21,100,6684,6546,,,28014,0,28672,windows-qpc-cycletime,1,,,,,,,,,,,,,,,,,,,,,,,,,,,,,,,,,,,
string,sawtooth,orlp::pdqsort_branchless,0,1000,20260912,21,100,7069,6804,,,29631,0,45056,windows-qpc-cycletime,1,,,,,,,,,,,,,,,,,,,,,,,,,,,,,,,,,,,
string,sawtooth,gfx::timsort,1,1000,20260912,21,100,4553,4497,,,19097,0,28672,windows-qpc-cycletime,1,,,,,,,,,,,,,,,,,,,,,,,,,,,,,,,,,,,
string,prefixed,introsort,0,1000,20260912,21,100,43965,42044,,,184556,0,28672,windows-qpc-cycletime,1,,,,,,,,,,,,,,,,,,,,,,,,,,,,,,,,,,,
string,prefixed,timsort,1,1000,20260912,21,100,40069,38479,,,168155,0,188416,windows-qpc-cycletime,1,,,,,,,,,,,,,,,,,,,,,,,,,,,,,,,,,,,
string,prefixed,pdqsort,0,1000,20260912,21,100,42197,41635,,,177072,0,40960,windows-qpc-cycletime,1,,,,,,,,,,,,,,,,,,,,,,,,,,,,,,,,,,,
string,prefixed,mergesort,1,1000,20260912,21,100,42330,41140,,,177605,0,40960,windows-qpc-cycletime,1,,,,,,,,,,,,,,,,,,,,,,,,,,,,,,,,,,,
string,prefixed,heapsort,0,1000,20260912,21,100,46881,46059,,,196719,0,28672,windows-qpc-cycletime,1,,,,,,,,,,,,,,,,,,,,,,,,,,,,,,,,,,,
string,prefixed,brainsort,1,1000,20260912,21,100,14981,14769,,,62848,0,122880,windows-qpc-cycletime,1,,,,,,,,,,,,,,,,,,,,,,,,,,,,,,,,,,,
string,prefixed,std::sort,0,1000,20260912,21,100,37316,37201,,,156609,0,32768,windows-qpc-cycletime,1,,,,,,,,,,,,,,,,,,,,,,,,,,,,,,,,,,,
string,prefixed,std::stable_sort,1,1000,20260912,21,100,36393,34549,,,152808,0,114688,windows-qpc-cycletime,1,,,,,,,,,,,,,,,,,,,,,,,,,,,,,,,,,,,
string,prefixed,orlp::pdqsort,0,1000,20260912,21,100,39253,39078,,,164724,0,28672,windows-qpc-cycletime,1,,,,,,,,,,,,,,,,,,,,,,,,,,,,,,,,,,,
string,prefixed,orlp::pdqsort_branchless,0,1000,20260912,21,100,41465,41144,,,174014,0,45056,windows-qpc-cycletime,1,,,,,,,,,,,,,,,,,,,,,,,,,,,,,,,,,,,
string,prefixed,gfx::timsort,1,1000,20260912,21,100,37754,36356,,,158382,0,151552,windows-qpc-cycletime,1,,,,,,,,,,,,,,,,,,,,,,,,,,,,,,,,,,,
int32,random,introsort,0,10000,20260912,21,10,273280,269910,,,1144710,0,32768,windows-qpc-cycletime,1,,,,,,,,,,,,,,,,,,,,,,,,,,,,,,,,,,,
int32,random,timsort,1,10000,20260912,21,10,393990,391230,,,1652490,0,86016,windows-qpc-cycletime,1,,,,,,,,,,,,,,,,,,,,,,,,,,,,,,,,,,,
int32,random,pdqsort,0,10000,20260912,21,10,268240,263850,,,1125810,0,32768,windows-qpc-cycletime,1,,,,,,,,,,,,,,,,,,,,,,,,,,,,,,,,,,,
int32,random,mergesort,1,10000,20260912,21,10,301450,298170,,,1263108,0,110592,windows-qpc-cycletime,1,,,,,,,,,,,,,,,,,,,,,,,,,,,,,,,,,,,
int32,random,heapsort,0,10000,20260912,21,10,437440,435110,,,1835694,0,24576,windows-qpc-cycletime,1,,,,,,,,,,,,,,,,,,,,,,,,,,,,,,,,,,,
int32,random,brainsort,1,10000,20260912,21,10,40690,39780,,,170772,0,155648,windows-qpc-cycletime,1,,,,,,,,,,,,,,,,,,,,,,,,,,,,,,,,,,,
int32,random,radix11,1,10000,20260912,21,10,82460,57280,,,346248,0,143360,windows-qpc-cycletime,1,,,,,,,,,,,,,,,,,,,,,,,,,,,,,,,,,,,
int32,random,radix16,1,10000,20260912,21,10,91430,89420,,,383754,0,638976,windows-qpc-cycletime,1,,,,,,,,,,,,,,,,,,,,,,,,,,,,,,,,,,,
int32,random,std::sort,0,10000,20260912,21,10,256940,253920,,,1077972,0,24576,windows-qpc-cycletime,1,,,,,,,,,,,,,,,,,,,,,,,,,,,,,,,,,,,
int32,random,std::stable_sort,1,10000,20260912,21,10,295290,289400,,,1238622,0,32768,windows-qpc-cycletime,1,,,,,,,,,,,,,,,,,,,,,,,,,,,,,,,,,,,
int32,random,orlp::pdqsort,0,10000,20260912,21,10,240190,234120,,,1008126,0,24576,windows-qpc-cycletime,1,,,,,,,,,,,,,,,,,,,,,,,,,,,,,,,,,,,
int32,random,orlp::pdqsort_branchless,0,10000,20260912,21,10,77290,75480,,,324282,0,32768,windows-qpc-cycletime,1,,,,,,,,,,,,,,,,,,,,,,,,,,,,,,,,,,,
int32,random,gfx::timsort,1,10000,20260912,21,10,428580,426160,,,1797978,0,192512,windows-qpc-cycletime,1,,,,,,,,,,,,,,,,,,,,,,,,,,,,,,,,,,,
int32,sorted,introsort,0,10000,20260912,21,10,55930,55400,,,234906,0,32768,windows-qpc-cycletime,1,,,,,,,,,,,,,,,,,,,,,,,,,,,,,,,,,,,
int32,sorted,timsort,1,10000,20260912,21,10,2190,2170,,,9156,0,32768,windows-qpc-cycletime,1,,,,,,,,,,,,,,,,,,,,,,,,,,,,,,,,,,,
int32,sorted,pdqsort,0,10000,20260912,21,10,4220,4190,,,17724,0,28672,windows-qpc-cycletime,1,,,,,,,,,,,,,,,,,,,,,,,,,,,,,,,,,,,
int32,sorted,mergesort,1,10000,20260912,21,10,58960,56660,,,247590,0,110592,windows-qpc-cycletime,1,,,,,,,,,,,,,,,,,,,,,,,,,,,,,,,,,,,
int32,sorted,heapsort,0,10000,20260912,21,10,287490,285900,,,1206282,0,24576,windows-qpc-cycletime,1,,,,,,,,,,,,,,,,,,,,,,,,,,,,,,,,,,,
int32,sorted,brainsort,1,10000,20260912,21,10,1680,1670,,,7056,0,36864,windows-qpc-cycletime,1,,,,,,,,,,,,,,,,,,,,,,,,,,,,,,,,,,,
int32,sorted,radix11,1,10000,20260912,21,10,84370,49980,,,354270,0,143360,windows-qpc-cycletime,1,,,,,,,,,,,,,,,,,,,,,,,,,,,,,,,,,,,
int32,sorted,radix16,1,10000,20260912,21,10,90610,88270,,,380226,0,638976,windows-qpc-cycletime,1,,,,,,,,,,,,,,,,,,,,,,,,,,,,,,,,,,,
int32,sorted,std::sort,0,10000,20260912,21,10,52640,51100,,,220542,0,28672,windows-qpc-cycletime,1,,,,,,,,,,,,,,,,,,,,,,,,,,,,,,,,,,,
int32,sorted,std::stable_sort,1,10000,20260912,21,10,37270,36490,,,156030,0,32768,windows-qpc-cycletime,1,,,,,,,,,,,,,,,,,,,,,,,,,,,,,,,,,,,
int32,sorted,orlp::pdqsort,0,10000,20260912,21,10,5130,4210,,,21462,0,28672,windows-qpc-cycletime,1,,,,,,,,,,,,,,,,,,,,,,,,,,,,,,,,,,,
int32,sorted,orlp::pdqsort_branchless,0,10000,20260912,21,10,4460,4230,,,18690,0,32768,windows-qpc-cycletime,1,,,,,,,,,,,,,,,,,,,,,,,,,,,,,,,,,,,
int32,sorted,gfx::timsort,1,10000,20260912,21,10,5150,5070,,,21546,0,24576,windows-qpc-cycletime,1,,,,,,,,,,,,,,,,,,,,,,,,,,,,,,,,,,,
int32,reverse,introsort,0,10000,20260912,21,10,44900,44060,,,188496,0,32768,windows-qpc-cycletime,1,,,,,,,,,,,,,,,,,,,,,,,,,,,,,,,,,,,
int32,reverse,timsort,1,10000,20260912,21,10,5870,5340,,,24570,0,32768,windows-qpc-cycletime,1,,,,,,,,,,,,,,,,,,,,,,,,,,,,,,,,,,,
int32,reverse,pdqsort,0,10000,20260912,21,10,8570,7400,,,35910,0,32768,windows-qpc-cycletime,1,,,,,,,,,,,,,,,,,,,,,,,,,,,,,,,,,,,
int32,reverse,mergesort,1,10000,20260912,21,10,69150,67650,,,290388,0,110592,windows-qpc-cycletime,1,,,,,,,,,,,,,,,,,,,,,,,,,,,,,,,,,,,
int32,reverse,heapsort,0,10000,20260912,21,10,326410,321900,,,1370082,0,24576,windows-qpc-cycletime,1,,,,,,,,,,,,,,,,,,,,,,,,,,,,,,,,,,,
int32,reverse,brainsort,1,10000,20260912,21,10,3280,3250,,,13818,0,45056,windows-qpc-cycletime,1,,,,,,,,,,,,,,,,,,,,,,,,,,,,,,,,,,,
int32,reverse,radix11,1,10000,20260912,21,10,81390,56190,,,341754,0,143360,windows-qpc-cycletime,1,,,,,,,,,,,,,,,,,,,,,,,,,,,,,,,,,,,
int32,reverse,radix16,1,10000,20260912,21,10,90960,86650,,,381948,0,638976,windows-qpc-cycletime,1,,,,,,,,,,,,,,,,,,,,,,,,,,,,,,,,,,,
int32,reverse,std::sort,0,10000,20260912,21,10,39470,37740,,,165774,0,24576,windows-qpc-cycletime,1,,,,,,,,,,,,,,,,,,,,,,,,,,,,,,,,,,,
int32,reverse,std::stable_sort,1,10000,20260912,21,10,64540,62990,,,270522,0,32768,windows-qpc-cycletime,1,,,,,,,,,,,,,,,,,,,,,,,,,,,,,,,,,,,
int32,reverse,orlp::pdqsort,0,10000,20260912,21,10,7630,7040,,,32046,0,28672,windows-qpc-cycletime,1,,,,,,,,,,,,,,,,,,,,,,,,,,,,,,,,,,,
int32,reverse,orlp::pdqsort_branchless,0,10000,20260912,21,10,10730,9690,,,44982,0,32768,windows-qpc-cycletime,1,,,,,,,,,,,,,,,,,,,,,,,,,,,,,,,,,,,
int32,reverse,gfx::timsort,1,10000,20260912,21,10,7870,6590,,,32340,0,24576,windows-qpc-cycletime,1,,,,,,,,,,,,,,,,,,,,,,,,,,,,,,,,,,,
int32,nearly_sorted,introsort,0,10000,20260912,21,10,60130,59360,,,252084,0,32768,windows-qpc-cycletime,1,,,,,,,,,,,,,,,,,,,,,,,,,,,,,,,,,,,
int32,nearly_sorted,timsort,1,10000,20260912,21,10,41480,40280,,,173754,0,86016,windows-qpc-cycletime,1,,,,,,,,,,,,,,,,,,,,,,,,,,,,,,,,,,,
int32,nearly_sorted,pdqsort,0,10000,20260912,21,10,27680,27010,,,115878,0,32768,windows-qpc-cycletime,1,,,,,,,,,,,,,,,,,,,,,,,,,,,,,,,,,,,
int32,nearly_sorted,mergesort,1,10000,20260912,21,10,65170,63950,,,273546,0,110592,windows-qpc-cycletime,1,,,,,,,,,,,,,,,,,,,,,,,,,,,,,,,,,,,
int32,nearly_sorted,heapsort,0,10000,20260912,21,10,306290,303610,,,1285704,0,24576,windows-qpc-cycletime,1,,,,,,,,,,,,,,,,,,,,,,,,,,,,,,,,,,,
int32,nearly_sorted,brainsort,1,10000,20260912,21,10,30240,29380,,,126504,0,49152,windows-qpc-cycletime,1,,,,,,,,,,,,,,,,,,,,,,,,,,,,,,,,,,,
int32,nearly_sorted,radix11,1,10000,20260912,21,10,82130,57950,,,344694,0,143360,windows-qpc-cycletime,1,,,,,,,,,,,,,,,,,,,,,,,,,,,,,,,,,,,
int32,nearly_sorted,radix16,1,10000,20260912,21,10,90890,88150,,,381570,0,638976,windows-qpc-cycletime,1,,,,,,,,,,,,,,,,,,,,,,,,,,,,,,,,,,,
int32,nearly_sorted,std::sort,0,10000,20260912,21,10,55030,54130,,,231084,0,28672,windows-qpc-cycletime,1,,,,,,,,,,,,,,,,,,,,,,,,,,,,,,,,,,,
int32,nearly_sorted,std::stable_sort,1,10000,20260912,21,10,53450,52110,,,223902,0,32768,windows-qpc-cycletime,1,,,,,,,,,,,,,,,,,,,,,,,,,,,,,,,,,,,
int32,nearly_sorted,orlp::pdqsort,0,10000,20260912,21,10,25940,25450,,,108906,0,28672,windows-qpc-cycletime,1,,,,,,,,,,,,,,,,,,,,,,,,,,,,,,,,,,,
int32,nearly_sorted,orlp::pdqsort_branchless,0,10000,20260912,21,10,30600,29550,,,128478,0,32768,windows-qpc-cycletime,1,,,,,,,,,,,,,,,,,,,,,,,,,,,,,,,,,,,
int32,nearly_sorted,gfx::timsort,1,10000,20260912,21,10,28030,27430,,,117390,0,81920,windows-qpc-cycletime,1,,,,,,,,,,,,,,,,,,,,,,,,,,,,,,,,,,,
int32,few_unique,introsort,0,10000,20260912,21,10,116610,102930,,,489720,0,32768,windows-qpc-cycletime,1,,,,,,,,,,,,,,,,,,,,,,,,,,,,,,,,,,,
int32,few_unique,timsort,1,10000,20260912,21,10,314420,312710,,,1319472,0,86016,windows-qpc-cycletime,1,,,,,,,,,,,,,,,,,,,,,,,,,,,,,,,,,,,
int32,few_unique,pdqsort,0,10000,20260912,21,10,56430,54990,,,236628,0,32768,windows-qpc-cycletime,1,,,,,,,,,,,,,,,,,,,,,,,,,,,,,,,,,,,
int32,few_unique,mergesort,1,10000,20260912,21,10,204930,198700,,,859992,0,110592,windows-qpc-cycletime,1,,,,,,,,,,,,,,,,,,,,,,,,,,,,,,,,,,,
int32,few_unique,heapsort,0,10000,20260912,21,10,429830,425860,,,1802472,0,24576,windows-qpc-cycletime,1,,,,,,,,,,,,,,,,,,,,,,,,,,,,,,,,,,,
int32,few_unique,brainsort,1,10000,20260912,21,10,29700,28660,,,124446,0,147456,windows-qpc-cycletime,1,,,,,,,,,,,,,,,,,,,,,,,,,,,,,,,,,,,
int32,few_unique,radix11,1,10000,20260912,21,10,80470,44530,,,337260,0,143360,windows-qpc-cycletime,1,,,,,,,,,,,,,,,,,,,,,,,,,,,,,,,,,,,
int32,few_unique,radix16,1,10000,20260912,21,10,84680,82630,,,355110,0,638976,windows-qpc-cycletime,1,,,,,,,,,,,,,,,,,,,,,,,,,,,,,,,,,,,
int32,few_unique,std::sort,0,10000,20260912,21,10,91430,73430,,,380394,0,24576,windows-qpc-cycletime,1,,,,,,,,,,,,,,,,,,,,,,,,,,,,,,,,,,,
int32,few_unique,std::stable_sort,1,10000,20260912,21,10,192510,183970,,,807870,0,32768,windows-qpc-cycletime,1,,,,,,,,,,,,,,,,,,,,,,,,,,,,,,,,,,,
int32,few_unique,orlp::pdqsort,0,10000,20260912,21,10,52590,51110,,,220710,0,24576,windows-qpc-cycletime,1,,,,,,,,,,,,,,,,,,,,,,,,,,,,,,,,,,,
int32,few_unique,orlp::pdqsort_branchless,0,10000,20260912,21,10,35830,34960,,,150444,0,32768,windows-qpc-cycletime,1,,,,,,,,,,,,,,,,,,,,,,,,,,,,,,,,,,,
int32,few_unique,gfx::timsort,1,10000,20260912,21,10,364740,361370,,,1529766,0,122880,windows-qpc-cycletime,1,,,,,,,,,,,,,,,,,,,,,,,,,,,,,,,,,,,
int32,all_equal,introsort,0,10000,20260912,21,10,50560,49410,,,212100,0,32768,windows-qpc-cycletime,1,,,,,,,,,,,,,,,,,,,,,,,,,,,,,,,,,,,
int32,all_equal,timsort,1,10000,20260912,21,10,2190,2170,,,9198,0,32768,windows-qpc-cycletime,1,,,,,,,,,,,,,,,,,,,,,,,,,,,,,,,,,,,
int32,all_equal,pdqsort,0,10000,20260912,21,10,4850,4210,,,20370,0,32768,windows-qpc-cycletime,1,,,,,,,,,,,,,,,,,,,,,,,,,,,,,,,,,,,
int32,all_equal,mergesort,1,10000,20260912,21,10,58870,58030,,,247254,0,110592,windows-qpc-cycletime,1,,,,,,,,,,,,,,,,,,,,,,,,,,,,,,,,,,,
int32,all_equal,heapsort,0,10000,20260912,21,10,78560,77030,,,329238,0,24576,windows-qpc-cycletime,1,,,,,,,,,,,,,,,,,,,,,,,,,,,,,,,,,,,
int32,all_equal,brainsort,1,10000,20260912,21,10,1670,1650,,,7098,0,36864,windows-qpc-cycletime,1,,,,,,,,,,,,,,,,,,,,,,,,,,,,,,,,,,,
int32,all_equal,radix11,1,10000,20260912,21,10,28930,24440,,,121506,0,65536,windows-qpc-cycletime,1,,,,,,,,,,,,,,,,,,,,,,,,,,,,,,,,,,,
int32,all_equal,radix16,1,10000,20260912,21,10,68610,64550,,,287700,0,557056,windows-qpc-cycletime,1,,,,,,,,,,,,,,,,,,,,,,,,,,,,,,,,,,,
int32,all_equal,std::sort,0,10000,20260912,21,10,45670,44820,,,191772,0,24576,windows-qpc-cycletime,1,,,,,,,,,,,,,,,,,,,,,,,,,,,,,,,,,,,
int32,all_equal,std::stable_sort,1,10000,20260912,21,10,37990,36960,,,159558,0,32768,windows-qpc-cycletime,1,,,,,,,,,,,,,,,,,,,,,,,,,,,,,,,,,,,
int32,all_equal,orlp::pdqsort,0,10000,20260912,21,10,4640,4460,,,19404,0,24576,windows-qpc-cycletime,1,,,,,,,,,,,,,,,,,,,,,,,,,,,,,,,,,,,
int32,all_equal,orlp::pdqsort_branchless,0,10000,20260912,21,10,4390,4090,,,18228,0,32768,windows-qpc-cycletime,1,,,,,,,,,,,,,,,,,,,,,,,,,,,,,,,,,,,
int32,all_equal,gfx::timsort,1,10000,20260912,21,10,4670,4210,,,19656,0,24576,windows-qpc-cycletime,1,,,,,,,,,,,,,,,,,,,,,,,,,,,,,,,,,,,
int32,runs,introsort,0,10000,20260912,21,10,73720,72120,,,309666,0,32768,windows-qpc-cycletime,1,,,,,,,,,,,,,,,,,,,,,,,,,,,,,,,,,,,
int32,runs,timsort,1,10000,20260912,21,10,14840,13460,,,62244,0,86016,windows-qpc-cycletime,1,,,,,,,,,,,,,,,,,,,,,,,,,,,,,,,,,,,
int32,runs,pdqsort,0,10000,20260912,21,10,53380,52330,,,224154,0,32768,windows-qpc-cycletime,1,,,,,,,,,,,,,,,,,,,,,,,,,,,,,,,,,,,
int32,runs,mergesort,1,10000,20260912,21,10,60900,59950,,,255780,0,110592,windows-qpc-cycletime,1,,,,,,,,,,,,,,,,,,,,,,,,,,,,,,,,,,,
int32,runs,heapsort,0,10000,20260912,21,10,343360,341610,,,1440768,0,24576,windows-qpc-cycletime,1,,,,,,,,,,,,,,,,,,,,,,,,,,,,,,,,,,,
int32,runs,brainsort,1,10000,20260912,21,10,47470,46450,,,198954,0,204800,windows-qpc-cycletime,1,,,,,,,,,,,,,,,,,,,,,,,,,,,,,,,,,,,
int32,runs,radix11,1,10000,20260912,21,10,77560,55900,,,324996,0,143360,windows-qpc-cycletime,1,,,,,,,,,,,,,,,,,,,,,,,,,,,,,,,,,,,
int32,runs,radix16,1,10000,20260912,21,10,85420,83220,,,358512,0,638976,windows-qpc-cycletime,1,,,,,,,,,,,,,,,,,,,,,,,,,,,,,,,,,,,
int32,runs,std::sort,0,10000,20260912,21,10,67910,66720,,,285222,0,28672,windows-qpc-cycletime,1,,,,,,,,,,,,,,,,,,,,,,,,,,,,,,,,,,,
int32,runs,std::stable_sort,1,10000,20260912,21,10,43110,41300,,,180978,0,32768,windows-qpc-cycletime,1,,,,,,,,,,,,,,,,,,,,,,,,,,,,,,,,,,,
int32,runs,orlp::pdqsort,0,10000,20260912,21,10,44400,43600,,,186354,0,28672,windows-qpc-cycletime,1,,,,,,,,,,,,,,,,,,,,,,,,,,,,,,,,,,,
int32,runs,orlp::pdqsort_branchless,0,10000,20260912,21,10,65250,64040,,,273714,0,32768,windows-qpc-cycletime,1,,,,,,,,,,,,,,,,,,,,,,,,,,,,,,,,,,,
int32,runs,gfx::timsort,1,10000,20260912,21,10,10080,9700,,,42294,0,77824,windows-qpc-cycletime,1,,,,,,,,,,,,,,,,,,,,,,,,,,,,,,,,,,,
int32,organ_pipe,introsort,0,10000,20260912,21,10,276590,273660,,,1160838,0,32768,windows-qpc-cycletime,1,,,,,,,,,,,,,,,,,,,,,,,,,,,,,,,,,,,
int32,organ_pipe,timsort,1,10000,20260912,21,10,13480,12470,,,56616,0,69632,windows-qpc-cycletime,1,,,,,,,,,,,,,,,,,,,,,,,,,,,,,,,,,,,
int32,organ_pipe,pdqsort,0,10000,20260912,21,10,73380,71460,,,308112,0,32768,windows-qpc-cycletime,1,,,,,,,,,,,,,,,,,,,,,,,,,,,,,,,,,,,
int32,organ_pipe,mergesort,1,10000,20260912,21,10,64670,62620,,,271572,0,110592,windows-qpc-cycletime,1,,,,,,,,,,,,,,,,,,,,,,,,,,,,,,,,,,,
int32,organ_pipe,heapsort,0,10000,20260912,21,10,308330,304420,,,1294314,0,24576,windows-qpc-cycletime,1,,,,,,,,,,,,,,,,,,,,,,,,,,,,,,,,,,,
int32,organ_pipe,brainsort,1,10000,20260912,21,10,11480,10720,,,48174,0,86016,windows-qpc-cycletime,1,,,,,,,,,,,,,,,,,,,,,,,,,,,,,,,,,,,
int32,organ_pipe,radix11,1,10000,20260912,21,10,64030,42020,,,268884,0,143360,windows-qpc-cycletime,1,,,,,,,,,,,,,,,,,,,,,,,,,,,,,,,,,,,
int32,organ_pipe,radix16,1,10000,20260912,21,10,79050,74540,,,332010,0,638976,windows-qpc-cycletime,1,,,,,,,,,,,,,,,,,,,,,,,,,,,,,,,,,,,
int32,organ_pipe,std::sort,0,10000,20260912,21,10,175260,174510,,,735294,0,24576,windows-qpc-cycletime,1,,,,,,,,,,,,,,,,,,,,,,,,,,,,,,,,,,,
int32,organ_pipe,std::stable_sort,1,10000,20260912,21,10,52750,50970,,,221592,0,32768,windows-qpc-cycletime,1,,,,,,,,,,,,,,,,,,,,,,,,,,,,,,,,,,,
int32,organ_pipe,orlp::pdqsort,0,10000,20260912,21,10,63100,61640,,,264810,0,28672,windows-qpc-cycletime,1,,,,,,,,,,,,,,,,,,,,,,,,,,,,,,,,,,,
int32,organ_pipe,orlp::pdqsort_branchless,0,10000,20260912,21,10,87970,86380,,,369432,0,32768,windows-qpc-cycletime,1,,,,,,,,,,,,,,,,,,,,,,,,,,,,,,,,,,,
int32,organ_pipe,gfx::timsort,1,10000,20260912,21,10,12220,10440,,,51366,0,57344,windows-qpc-cycletime,1,,,,,,,,,,,,,,,,,,,,,,,,,,,,,,,,,,,
int32,small_range,introsort,0,10000,20260912,21,10,57770,56750,,,241626,0,32768,windows-qpc-cycletime,1,,,,,,,,,,,,,,,,,,,,,,,,,,,,,,,,,,,
int32,small_range,timsort,1,10000,20260912,21,10,93060,92020,,,390138,0,86016,windows-qpc-cycletime,1,,,,,,,,,,,,,,,,,,,,,,,,,,,,,,,,,,,
int32,small_range,pdqsort,0,10000,20260912,21,10,14650,14000,,,61530,0,32768,windows-qpc-cycletime,1,,,,,,,,,,,,,,,,,,,,,,,,,,,,,,,,,,,
int32,small_range,mergesort,1,10000,20260912,21,10,74470,73090,,,312690,0,110592,windows-qpc-cycletime,1,,,,,,,,,,,,,,,,,,,,,,,,,,,,,,,,,,,
int32,small_range,heapsort,0,10000,20260912,21,10,251320,248750,,,1054620,0,24576,windows-qpc-cycletime,1,,,,,,,,,,,,,,,,,,,,,,,,,,,,,,,,,,,
int32,small_range,brainsort,1,10000,20260912,21,10,13360,12190,,,55818,0,122880,windows-qpc-cycletime,1,,,,,,,,,,,,,,,,,,,,,,,,,,,,,,,,,,,
int32,small_range,radix11,1,10000,20260912,21,10,57500,36880,,,241416,0,143360,windows-qpc-cycletime,1,,,,,,,,,,,,,,,,,,,,,,,,,,,,,,,,,,,
int32,small_range,radix16,1,10000,20260912,21,10,80510,77130,,,338058,0,638976,windows-qpc-cycletime,1,,,,,,,,,,,,,,,,,,,,,,,,,,,,,,,,,,,
int32,small_range,std::sort,0,10000,20260912,21,10,50190,49110,,,210756,0,24576,windows-qpc-cycletime,1,,,,,,,,,,,,,,,,,,,,,,,,,,,,,,,,,,,
int32,small_range,std::stable_sort,1,10000,20260912,21,10,67480,66250,,,283416,0,32768,windows-qpc-cycletime,1,,,,,,,,,,,,,,,,,,,,,,,,,,,,,,,,,,,
int32,small_range,orlp::pdqsort,0,10000,20260912,21,10,13100,12620,,,55020,0,24576,windows-qpc-cycletime,1,,,,,,,,,,,,,,,,,,,,,,,,,,,,,,,,,,,
int32,small_range,orlp::pdqsort_branchless,0,10000,20260912,21,10,12090,11600,,,50232,0,32768,windows-qpc-cycletime,1,,,,,,,,,,,,,,,,,,,,,,,,,,,,,,,,,,,
int32,small_range,gfx::timsort,1,10000,20260912,21,10,150480,140600,,,630588,0,86016,windows-qpc-cycletime,1,,,,,,,,,,,,,,,,,,,,,,,,,,,,,,,,,,,
int32,sawtooth,introsort,0,10000,20260912,21,10,81650,80400,,,342762,0,32768,windows-qpc-cycletime,1,,,,,,,,,,,,,,,,,,,,,,,,,,,,,,,,,,,
int32,sawtooth,timsort,1,10000,20260912,21,10,34170,33760,,,143388,0,86016,windows-qpc-cycletime,1,,,,,,,,,,,,,,,,,,,,,,,,,,,,,,,,,,,
int32,sawtooth,pdqsort,0,10000,20260912,21,10,58960,57900,,,247548,0,32768,windows-qpc-cycletime,1,,,,,,,,,,,,,,,,,,,,,,,,,,,,,,,,,,,
int32,sawtooth,mergesort,1,10000,20260912,21,10,62500,59990,,,262080,0,110592,windows-qpc-cycletime,1,,,,,,,,,,,,,,,,,,,,,,,,,,,,,,,,,,,
int32,sawtooth,heapsort,0,10000,20260912,21,10,368320,365780,,,1545936,0,24576,windows-qpc-cycletime,1,,,,,,,,,,,,,,,,,,,,,,,,,,,,,,,,,,,
int32,sawtooth,brainsort,1,10000,20260912,21,10,26390,25780,,,110292,0,180224,windows-qpc-cycletime,1,,,,,,,,,,,,,,,,,,,,,,,,,,,,,,,,,,,
int32,sawtooth,radix11,1,10000,20260912,21,10,60470,37150,,,253722,0,143360,windows-qpc-cycletime,1,,,,,,,,,,,,,,,,,,,,,,,,,,,,,,,,,,,
int32,sawtooth,radix16,1,10000,20260912,21,10,80740,77900,,,337554,0,638976,windows-qpc-cycletime,1,,,,,,,,,,,,,,,,,,,,,,,,,,,,,,,,,,,
int32,sawtooth,std::sort,0,10000,20260912,21,10,70190,69120,,,294672,0,24576,windows-qpc-cycletime,1,,,,,,,,,,,,,,,,,,,,,,,,,,,,,,,,,,,
int32,sawtooth,std::stable_sort,1,10000,20260912,21,10,45230,43940,,,189504,0,32768,windows-qpc-cycletime,1,,,,,,,,,,,,,,,,,,,,,,,,,,,,,,,,,,,
int32,sawtooth,orlp::pdqsort,0,10000,20260912,21,10,51670,50740,,,216930,0,24576,windows-qpc-cycletime,1,,,,,,,,,,,,,,,,,,,,,,,,,,,,,,,,,,,
int32,sawtooth,orlp::pdqsort_branchless,0,10000,20260912,21,10,71960,70960,,,301770,0,32768,windows-qpc-cycletime,1,,,,,,,,,,,,,,,,,,,,,,,,,,,,,,,,,,,
int32,sawtooth,gfx::timsort,1,10000,20260912,21,10,25120,23170,,,105378,0,77824,windows-qpc-cycletime,1,,,,,,,,,,,,,,,,,,,,,,,,,,,,,,,,,,,
int32,prefixed,introsort,0,10000,20260912,21,10,269660,266860,,,1132110,0,32768,windows-qpc-cycletime,1,,,,,,,,,,,,,,,,,,,,,,,,,,,,,,,,,,,
int32,prefixed,timsort,1,10000,20260912,21,10,392680,389390,,,1645812,0,86016,windows-qpc-cycletime,1,,,,,,,,,,,,,,,,,,,,,,,,,,,,,,,,,,,
int32,prefixed,pdqsort,0,10000,20260912,21,10,266120,259850,,,1109262,0,32768,windows-qpc-cycletime,1,,,,,,,,,,,,,,,,,,,,,,,,,,,,,,,,,,,
int32,prefixed,mergesort,1,10000,20260912,21,10,300770,297970,,,1260336,0,110592,windows-qpc-cycletime,1,,,,,,,,,,,,,,,,,,,,,,,,,,,,,,,,,,,
int32,prefixed,heapsort,0,10000,20260912,21,10,438430,435290,,,1840104,0,24576,windows-qpc-cycletime,1,,,,,,,,,,,,,,,,,,,,,,,,,,,,,,,,,,,
int32,prefixed,brainsort,1,10000,20260912,21,10,28370,27250,,,119070,0,172032,windows-qpc-cycletime,1,,,,,,,,,,,,,,,,,,,,,,,,,,,,,,,,,,,
int32,prefixed,radix11,1,10000,20260912,21,10,71870,38470,,,301812,0,143360,windows-qpc-cycletime,1,,,,,,,,,,,,,,,,,,,,,,,,,,,,,,,,,,,
int32,prefixed,radix16,1,10000,20260912,21,10,86990,85860,,,365316,0,638976,windows-qpc-cycletime,1,,,,,,,,,,,,,,,,,,,,,,,,,,,,,,,,,,,
int32,prefixed,std::sort,0,10000,20260912,21,10,254660,251190,,,1068564,0,28672,windows-qpc-cycletime,1,,,,,,,,,,,,,,,,,,,,,,,,,,,,,,,,,,,
int32,prefixed,std::stable_sort,1,10000,20260912,21,10,296150,291980,,,1242612,0,32768,windows-qpc-cycletime,1,,,,,,,,,,,,,,,,,,,,,,,,,,,,,,,,,,,
int32,prefixed,orlp::pdqsort,0,10000,20260912,21,10,237780,232330,,,997836,0,24576,windows-qpc-cycletime,1,,,,,,,,,,,,,,,,,,,,,,,,,,,,,,,,,,,
int32,prefixed,orlp::pdqsort_branchless,0,10000,20260912,21,10,77430,75360,,,324576,0,32768,windows-qpc-cycletime,1,,,,,,,,,,,,,,,,,,,,,,,,,,,,,,,,,,,
int32,prefixed,gfx::timsort,1,10000,20260912,21,10,426920,424280,,,1791468,0,86016,windows-qpc-cycletime,1,,,,,,,,,,,,,,,,,,,,,,,,,,,,,,,,,,,
int32,sparse_bits,introsort,0,10000,20260912,21,10,175570,166990,,,737016,0,32768,windows-qpc-cycletime,1,,,,,,,,,,,,,,,,,,,,,,,,,,,,,,,,,,,
int32,sparse_bits,timsort,1,10000,20260912,21,10,347680,346470,,,1458114,0,86016,windows-qpc-cycletime,1,,,,,,,,,,,,,,,,,,,,,,,,,,,,,,,,,,,
int32,sparse_bits,pdqsort,0,10000,20260912,21,10,116000,102680,,,487074,0,32768,windows-qpc-cycletime,1,,,,,,,,,,,,,,,,,,,,,,,,,,,,,,,,,,,
int32,sparse_bits,mergesort,1,10000,20260912,21,10,246320,243550,,,1033116,0,110592,windows-qpc-cycletime,1,,,,,,,,,,,,,,,,,,,,,,,,,,,,,,,,,,,
int32,sparse_bits,heapsort,0,10000,20260912,21,10,436290,434420,,,1830402,0,24576,windows-qpc-cycletime,1,,,,,,,,,,,,,,,,,,,,,,,,,,,,,,,,,,,
int32,sparse_bits,brainsort,1,10000,20260912,21,10,23750,23270,,,99666,0,172032,windows-qpc-cycletime,1,,,,,,,,,,,,,,,,,,,,,,,,,,,,,,,,,,,
int32,sparse_bits,radix11,1,10000,20260912,21,10,62460,41360,,,261702,0,143360,windows-qpc-cycletime,1,,,,,,,,,,,,,,,,,,,,,,,,,,,,,,,,,,,
int32,sparse_bits,radix16,1,10000,20260912,21,10,152450,151050,,,639618,0,638976,windows-qpc-cycletime,1,,,,,,,,,,,,,,,,,,,,,,,,,,,,,,,,,,,
int32,sparse_bits,std::sort,0,10000,20260912,21,10,158920,150460,,,667296,0,24576,windows-qpc-cycletime,1,,,,,,,,,,,,,,,,,,,,,,,,,,,,,,,,,,,
int32,sparse_bits,std::stable_sort,1,10000,20260912,21,10,243210,228810,,,1019886,0,32768,windows-qpc-cycletime,1,,,,,,,,,,,,,,,,,,,,,,,,,,,,,,,,,,,
int32,sparse_bits,orlp::pdqsort,0,10000,20260912,21,10,101430,88900,,,425502,0,24576,windows-qpc-cycletime,1,,,,,,,,,,,,,,,,,,,,,,,,,,,,,,,,,,,
int32,sparse_bits,orlp::pdqsort_branchless,0,10000,20260912,21,10,45110,44500,,,189420,0,32768,windows-qpc-cycletime,1,,,,,,,,,,,,,,,,,,,,,,,,,,,,,,,,,,,
int32,sparse_bits,gfx::timsort,1,10000,20260912,21,10,389420,386040,,,1635228,0,106496,windows-qpc-cycletime,1,,,,,,,,,,,,,,,,,,,,,,,,,,,,,,,,,,,
double,random,introsort,0,10000,20260912,21,10,377400,372650,,,1583988,0,45056,windows-qpc-cycletime,1,,,,,,,,,,,,,,,,,,,,,,,,,,,,,,,,,,,
double,random,timsort,1,10000,20260912,21,10,517060,514920,,,2168460,0,159744,windows-qpc-cycletime,1,,,,,,,,,,,,,,,,,,,,,,,,,,,,,,,,,,,
double,random,pdqsort,0,10000,20260912,21,10,385760,373630,,,1618512,0,45056,windows-qpc-cycletime,1,,,,,,,,,,,,,,,,,,,,,,,,,,,,,,,,,,,
double,random,mergesort,1,10000,20260912,21,10,438730,435380,,,1840440,0,192512,windows-qpc-cycletime,1,,,,,,,,,,,,,,,,,,,,,,,,,,,,,,,,,,,
double,random,heapsort,0,10000,20260912,21,10,681160,678930,,,2859276,0,45056,windows-qpc-cycletime,1,,,,,,,,,,,,,,,,,,,,,,,,,,,,,,,,,,,
double,random,brainsort,1,10000,20260912,21,10,102450,100990,,,429282,0,229376,windows-qpc-cycletime,1,,,,,,,,,,,,,,,,,,,,,,,,,,,,,,,,,,,
double,random,radix11,1,10000,20260912,21,10,172660,168150,,,724668,0,249856,windows-qpc-cycletime,1,,,,,,,,,,,,,,,,,,,,,,,,,,,,,,,,,,,
double,random,radix16,1,10000,20260912,21,10,344630,341200,,,1443792,0,1253376,windows-qpc-cycletime,1,,,,,,,,,,,,,,,,,,,,,,,,,,,,,,,,,,,
double,random,std::sort,0,10000,20260912,21,10,370140,365260,,,1553748,0,36864,windows-qpc-cycletime,1,,,,,,,,,,,,,,,,,,,,,,,,,,,,,,,,,,,
double,random,std::stable_sort,1,10000,20260912,21,10,400320,396740,,,1679370,0,114688,windows-qpc-cycletime,1,,,,,,,,,,,,,,,,,,,,,,,,,,,,,,,,,,,
double,random,orlp::pdqsort,0,10000,20260912,21,10,346420,335990,,,1453284,0,40960,windows-qpc-cycletime,1,,,,,,,,,,,,,,,,,,,,,,,,,,,,,,,,,,,
double,random,orlp::pdqsort_branchless,0,10000,20260912,21,10,88460,87200,,,370860,0,45056,windows-qpc-cycletime,1,,,,,,,,,,,,,,,,,,,,,,,,,,,,,,,,,,,
double,random,gfx::timsort,1,10000,20260912,21,10,523960,522000,,,2197776,0,192512,windows-qpc-cycletime,1,,,,,,,,,,,,,,,,,,,,,,,,,,,,,,,,,,,
double,sorted,introsort,0,10000,20260912,21,10,70830,69940,,,297024,0,45056,windows-qpc-cycletime,1,,,,,,,,,,,,,,,,,,,,,,,,,,,,,,,,,,,
double,sorted,timsort,1,10000,20260912,21,10,3570,3320,,,14910,0,40960,windows-qpc-cycletime,1,,,,,,,,,,,,,,,,,,,,,,,,,,,,,,,,,,,
double,sorted,pdqsort,0,10000,20260912,21,10,6180,5950,,,25872,0,45056,windows-qpc-cycletime,1,,,,,,,,,,,,,,,,,,,,,,,,,,,,,,,,,,,
double,sorted,mergesort,1,10000,20260912,21,10,56040,55140,,,234612,0,192512,windows-qpc-cycletime,1,,,,,,,,,,,,,,,,,,,,,,,,,,,,,,,,,,,
double,sorted,heapsort,0,10000,20260912,21,10,396140,394550,,,1661688,0,45056,windows-qpc-cycletime,1,,,,,,,,,,,,,,,,,,,,,,,,,,,,,,,,,,,
double,sorted,brainsort,1,10000,20260912,21,10,3500,3080,,,14616,0,49152,windows-qpc-cycletime,1,,,,,,,,,,,,,,,,,,,,,,,,,,,,,,,,,,,
double,sorted,radix11,1,10000,20260912,21,10,170290,163990,,,715050,0,249856,windows-qpc-cycletime,1,,,,,,,,,,,,,,,,,,,,,,,,,,,,,,,,,,,
double,sorted,radix16,1,10000,20260912,21,10,334580,331360,,,1404270,0,1253376,windows-qpc-cycletime,1,,,,,,,,,,,,,,,,,,,,,,,,,,,,,,,,,,,
double,sorted,std::sort,0,10000,20260912,21,10,53950,52850,,,225834,0,36864,windows-qpc-cycletime,1,,,,,,,,,,,,,,,,,,,,,,,,,,,,,,,,,,,
double,sorted,std::stable_sort,1,10000,20260912,21,10,45940,45290,,,192822,0,114688,windows-qpc-cycletime,1,,,,,,,,,,,,,,,,,,,,,,,,,,,,,,,,,,,
double,sorted,orlp::pdqsort,0,10000,20260912,21,10,4730,4700,,,19824,0,40960,windows-qpc-cycletime,1,,,,,,,,,,,,,,,,,,,,,,,,,,,,,,,,,,,
double,sorted,orlp::pdqsort_branchless,0,10000,20260912,21,10,5140,4820,,,21462,0,45056,windows-qpc-cycletime,1,,,,,,,,,,,,,,,,,,,,,,,,,,,,,,,,,,,
double,sorted,gfx::timsort,1,10000,20260912,21,10,4310,4220,,,18060,0,32768,windows-qpc-cycletime,1,,,,,,,,,,,,,,,,,,,,,,,,,,,,,,,,,,,
double,reverse,introsort,0,10000,20260912,21,10,56640,55950,,,237552,0,45056,windows-qpc-cycletime,1,,,,,,,,,,,,,,,,,,,,,,,,,,,,,,,,,,,
double,reverse,timsort,1,10000,20260912,21,10,7160,6970,,,29988,0,40960,windows-qpc-cycletime,1,,,,,,,,,,,,,,,,,,,,,,,,,,,,,,,,,,,
double,reverse,pdqsort,0,10000,20260912,21,10,11960,11290,,,50148,0,45056,windows-qpc-cycletime,1,,,,,,,,,,,,,,,,,,,,,,,,,,,,,,,,,,,
double,reverse,mergesort,1,10000,20260912,21,10,75780,73740,,,318192,0,192512,windows-qpc-cycletime,1,,,,,,,,,,,,,,,,,,,,,,,,,,,,,,,,,,,
double,reverse,heapsort,0,10000,20260912,21,10,465560,463010,,,1952874,0,45056,windows-qpc-cycletime,1,,,,,,,,,,,,,,,,,,,,,,,,,,,,,,,,,,,
double,reverse,brainsort,1,10000,20260912,21,10,5560,5260,,,23310,0,57344,windows-qpc-cycletime,1,,,,,,,,,,,,,,,,,,,,,,,,,,,,,,,,,,,
double,reverse,radix11,1,10000,20260912,21,10,168970,165840,,,706020,0,249856,windows-qpc-cycletime,1,,,,,,,,,,,,,,,,,,,,,,,,,,,,,,,,,,,
double,reverse,radix16,1,10000,20260912,21,10,336520,332450,,,1411074,0,1253376,windows-qpc-cycletime,1,,,,,,,,,,,,,,,,,,,,,,,,,,,,,,,,,,,
double,reverse,std::sort,0,10000,20260912,21,10,49770,49170,,,208908,0,36864,windows-qpc-cycletime,1,,,,,,,,,,,,,,,,,,,,,,,,,,,,,,,,,,,
double,reverse,std::stable_sort,1,10000,20260912,21,10,72600,71730,,,304878,0,114688,windows-qpc-cycletime,1,,,,,,,,,,,,,,,,,,,,,,,,,,,,,,,,,,,
double,reverse,orlp::pdqsort,0,10000,20260912,21,10,8720,8200,,,36582,0,40960,windows-qpc-cycletime,1,,,,,,,,,,,,,,,,,,,,,,,,,,,,,,,,,,,
double,reverse,orlp::pdqsort_branchless,0,10000,20260912,21,10,12360,11900,,,51870,0,45056,windows-qpc-cycletime,1,,,,,,,,,,,,,,,,,,,,,,,,,,,,,,,,,,,
double,reverse,gfx::timsort,1,10000,20260912,21,10,5810,5650,,,24318,0,32768,windows-qpc-cycletime,1,,,,,,,,,,,,,,,,,,,,,,,,,,,,,,,,,,,
double,nearly_sorted,introsort,0,10000,20260912,21,10,76450,75230,,,320166,0,45056,windows-qpc-cycletime,1,,,,,,,,,,,,,,,,,,,,,,,,,,,,,,,,,,,
double,nearly_sorted,timsort,1,10000,20260912,21,10,46370,45390,,,194670,0,151552,windows-qpc-cycletime,1,,,,,,,,,,,,,,,,,,,,,,,,,,,,,,,,,,,
double,nearly_sorted,pdqsort,0,10000,20260912,21,10,40150,39660,,,168126,0,45056,windows-qpc-cycletime,1,,,,,,,,,,,,,,,,,,,,,,,,,,,,,,,,,,,
double,nearly_sorted,mergesort,1,10000,20260912,21,10,70950,68590,,,297234,0,192512,windows-qpc-cycletime,1,,,,,,,,,,,,,,,,,,,,,,,,,,,,,,,,,,,
double,nearly_sorted,heapsort,0,10000,20260912,21,10,430370,427700,,,1806756,0,45056,windows-qpc-cycletime,1,,,,,,,,,,,,,,,,,,,,,,,,,,,,,,,,,,,
double,nearly_sorted,brainsort,1,10000,20260912,21,10,28460,27500,,,119448,0,65536,windows-qpc-cycletime,1,,,,,,,,,,,,,,,,,,,,,,,,,,,,,,,,,,,
double,nearly_sorted,radix11,1,10000,20260912,21,10,172090,166920,,,722232,0,249856,windows-qpc-cycletime,1,,,,,,,,,,,,,,,,,,,,,,,,,,,,,,,,,,,
double,nearly_sorted,radix16,1,10000,20260912,21,10,345120,340770,,,1447362,0,1253376,windows-qpc-cycletime,1,,,,,,,,,,,,,,,,,,,,,,,,,,,,,,,,,,,
double,nearly_sorted,std::sort,0,10000,20260912,21,10,58780,58090,,,246582,0,36864,windows-qpc-cycletime,1,,,,,,,,,,,,,,,,,,,,,,,,,,,,,,,,,,,
double,nearly_sorted,std::stable_sort,1,10000,20260912,21,10,61830,60020,,,259392,0,114688,windows-qpc-cycletime,1,,,,,,,,,,,,,,,,,,,,,,,,,,,,,,,,,,,
double,nearly_sorted,orlp::pdqsort,0,10000,20260912,21,10,28170,27240,,,118230,0,40960,windows-qpc-cycletime,1,,,,,,,,,,,,,,,,,,,,,,,,,,,,,,,,,,,
double,nearly_sorted,orlp::pdqsort_branchless,0,10000,20260912,21,10,35270,34140,,,148050,0,45056,windows-qpc-cycletime,1,,,,,,,,,,,,,,,,,,,,,,,,,,,,,,,,,,,
double,nearly_sorted,gfx::timsort,1,10000,20260912,21,10,37440,36450,,,157164,0,135168,windows-qpc-cycletime,1,,,,,,,,,,,,,,,,,,,,,,,,,,,,,,,,,,,
double,few_unique,introsort,0,10000,20260912,21,10,153230,126470,,,643482,0,45056,windows-qpc-cycletime,1,,,,,,,,,,,,,,,,,,,,,,,,,,,,,,,,,,,
double,few_unique,timsort,1,10000,20260912,21,10,390790,389660,,,1639722,0,159744,windows-qpc-cycletime,1,,,,,,,,,,,,,,,,,,,,,,,,,,,,,,,,,,,
double,few_unique,pdqsort,0,10000,20260912,21,10,71460,69370,,,299754,0,45056,windows-qpc-cycletime,1,,,,,,,,,,,,,,,,,,,,,,,,,,,,,,,,,,,
double,few_unique,mergesort,1,10000,20260912,21,10,283540,277480,,,1190112,0,192512,windows-qpc-cycletime,1,,,,,,,,,,,,,,,,,,,,,,,,,,,,,,,,,,,
double,few_unique,heapsort,0,10000,20260912,21,10,675420,673340,,,2834832,0,45056,windows-qpc-cycletime,1,,,,,,,,,,,,,,,,,,,,,,,,,,,,,,,,,,,
double,few_unique,brainsort,1,10000,20260912,21,10,43800,42940,,,183288,0,253952,windows-qpc-cycletime,1,,,,,,,,,,,,,,,,,,,,,,,,,,,,,,,,,,,
double,few_unique,radix11,1,10000,20260912,21,10,168830,161550,,,708582,0,249856,windows-qpc-cycletime,1,,,,,,,,,,,,,,,,,,,,,,,,,,,,,,,,,,,
double,few_unique,radix16,1,10000,20260912,21,10,311670,308250,,,1307040,0,1253376,windows-qpc-cycletime,1,,,,,,,,,,,,,,,,,,,,,,,,,,,,,,,,,,,
double,few_unique,std::sort,0,10000,20260912,21,10,137950,118740,,,579180,0,36864,windows-qpc-cycletime,1,,,,,,,,,,,,,,,,,,,,,,,,,,,,,,,,,,,
double,few_unique,std::stable_sort,1,10000,20260912,21,10,259000,249340,,,1086414,0,114688,windows-qpc-cycletime,1,,,,,,,,,,,,,,,,,,,,,,,,,,,,,,,,,,,
double,few_unique,orlp::pdqsort,0,10000,20260912,21,10,53080,52150,,,222726,0,40960,windows-qpc-cycletime,1,,,,,,,,,,,,,,,,,,,,,,,,,,,,,,,,,,,
double,few_unique,orlp::pdqsort_branchless,0,10000,20260912,21,10,40570,39820,,,170352,0,45056,windows-qpc-cycletime,1,,,,,,,,,,,,,,,,,,,,,,,,,,,,,,,,,,,
double,few_unique,gfx::timsort,1,10000,20260912,21,10,422370,420810,,,1771686,0,290816,windows-qpc-cycletime,1,,,,,,,,,,,,,,,,,,,,,,,,,,,,,,,,,,,
double,all_equal,introsort,0,10000,20260912,21,10,56430,54210,,,236082,0,45056,windows-qpc-cycletime,1,,,,,,,,,,,,,,,,,,,,,,,,,,,,,,,,,,,
double,all_equal,timsort,1,10000,20260912,21,10,4050,3310,,,16968,0,40960,windows-qpc-cycletime,1,,,,,,,,,,,,,,,,,,,,,,,,,,,,,,,,,,,
double,all_equal,pdqsort,0,10000,20260912,21,10,6300,6170,,,26376,0,45056,windows-qpc-cycletime,1,,,,,,,,,,,,,,,,,,,,,,,,,,,,,,,,,,,
double,all_equal,mergesort,1,10000,20260912,21,10,56400,55480,,,236880,0,192512,windows-qpc-cycletime,1,,,,,,,,,,,,,,,,,,,,,,,,,,,,,,,,,,,
double,all_equal,heapsort,0,10000,20260912,21,10,126680,125780,,,531636,0,45056,windows-qpc-cycletime,1,,,,,,,,,,,,,,,,,,,,,,,,,,,,,,,,,,,
double,all_equal,brainsort,1,10000,20260912,21,10,3550,3240,,,14826,0,49152,windows-qpc-cycletime,1,,,,,,,,,,,,,,,,,,,,,,,,,,,,,,,,,,,
double,all_equal,radix11,1,10000,20260912,21,10,55680,53810,,,233604,0,98304,windows-qpc-cycletime,1,,,,,,,,,,,,,,,,,,,,,,,,,,,,,,,,,,,
double,all_equal,radix16,1,10000,20260912,21,10,270150,266260,,,1133244,0,1101824,windows-qpc-cycletime,1,,,,,,,,,,,,,,,,,,,,,,,,,,,,,,,,,,,
double,all_equal,std::sort,0,10000,20260912,21,10,49670,48670,,,208404,0,36864,windows-qpc-cycletime,1,,,,,,,,,,,,,,,,,,,,,,,,,,,,,,,,,,,
double,all_equal,std::stable_sort,1,10000,20260912,21,10,45910,44940,,,192024,0,114688,windows-qpc-cycletime,1,,,,,,,,,,,,,,,,,,,,,,,,,,,,,,,,,,,
double,all_equal,orlp::pdqsort,0,10000,20260912,21,10,4870,4500,,,20328,0,40960,windows-qpc-cycletime,1,,,,,,,,,,,,,,,,,,,,,,,,,,,,,,,,,,,
double,all_equal,orlp::pdqsort_branchless,0,10000,20260912,21,10,4880,4400,,,20202,0,45056,windows-qpc-cycletime,1,,,,,,,,,,,,,,,,,,,,,,,,,,,,,,,,,,,
double,all_equal,gfx::timsort,1,10000,20260912,21,10,4520,4230,,,18900,0,32768,windows-qpc-cycletime,1,,,,,,,,,,,,,,,,,,,,,,,,,,,,,,,,,,,
double,runs,introsort,0,10000,20260912,21,10,90630,90020,,,380100,0,49152,windows-qpc-cycletime,1,,,,,,,,,,,,,,,,,,,,,,,,,,,,,,,,,,,
double,runs,timsort,1,10000,20260912,21,10,17250,16450,,,72408,0,147456,windows-qpc-cycletime,1,,,,,,,,,,,,,,,,,,,,,,,,,,,,,,,,,,,
double,runs,pdqsort,0,10000,20260912,21,10,72190,71030,,,303114,0,45056,windows-qpc-cycletime,1,,,,,,,,,,,,,,,,,,,,,,,,,,,,,,,,,,,
double,runs,mergesort,1,10000,20260912,21,10,59080,57840,,,247506,0,192512,windows-qpc-cycletime,1,,,,,,,,,,,,,,,,,,,,,,,,,,,,,,,,,,,
double,runs,heapsort,0,10000,20260912,21,10,503050,500390,,,2110332,0,45056,windows-qpc-cycletime,1,,,,,,,,,,,,,,,,,,,,,,,,,,,,,,,,,,,
double,runs,brainsort,1,10000,20260912,21,10,129090,105180,,,541926,0,307200,windows-qpc-cycletime,1,,,,,,,,,,,,,,,,,,,,,,,,,,,,,,,,,,,
double,runs,radix11,1,10000,20260912,21,10,136670,128680,,,573342,0,249856,windows-qpc-cycletime,1,,,,,,,,,,,,,,,,,,,,,,,,,,,,,,,,,,,
double,runs,radix16,1,10000,20260912,21,10,295270,291170,,,1239840,0,1253376,windows-qpc-cycletime,1,,,,,,,,,,,,,,,,,,,,,,,,,,,,,,,,,,,
double,runs,std::sort,0,10000,20260912,21,10,79990,78810,,,335244,0,36864,windows-qpc-cycletime,1,,,,,,,,,,,,,,,,,,,,,,,,,,,,,,,,,,,
double,runs,std::stable_sort,1,10000,20260912,21,10,50460,49500,,,211764,0,114688,windows-qpc-cycletime,1,,,,,,,,,,,,,,,,,,,,,,,,,,,,,,,,,,,
double,runs,orlp::pdqsort,0,10000,20260912,21,10,49810,48810,,,208908,0,40960,windows-qpc-cycletime,1,,,,,,,,,,,,,,,,,,,,,,,,,,,,,,,,,,,
double,runs,orlp::pdqsort_branchless,0,10000,20260912,21,10,74120,72920,,,311220,0,45056,windows-qpc-cycletime,1,,,,,,,,,,,,,,,,,,,,,,,,,,,,,,,,,,,
double,runs,gfx::timsort,1,10000,20260912,21,10,13400,13020,,,55692,0,147456,windows-qpc-cycletime,1,,,,,,,,,,,,,,,,,,,,,,,,,,,,,,,,,,,
double,organ_pipe,introsort,0,10000,20260912,21,10,387650,385190,,,1626198,0,49152,windows-qpc-cycletime,1,,,,,,,,,,,,,,,,,,,,,,,,,,,,,,,,,,,
double,organ_pipe,timsort,1,10000,20260912,21,10,16310,15500,,,68460,0,122880,windows-qpc-cycletime,1,,,,,,,,,,,,,,,,,,,,,,,,,,,,,,,,,,,
double,organ_pipe,pdqsort,0,10000,20260912,21,10,99030,98020,,,415422,0,45056,windows-qpc-cycletime,1,,,,,,,,,,,,,,,,,,,,,,,,,,,,,,,,,,,
double,organ_pipe,mergesort,1,10000,20260912,21,10,67970,66390,,,284928,0,192512,windows-qpc-cycletime,1,,,,,,,,,,,,,,,,,,,,,,,,,,,,,,,,,,,
double,organ_pipe,heapsort,0,10000,20260912,21,10,430800,428090,,,1808352,0,45056,windows-qpc-cycletime,1,,,,,,,,,,,,,,,,,,,,,,,,,,,,,,,,,,,
double,organ_pipe,brainsort,1,10000,20260912,21,10,15200,14710,,,63840,0,143360,windows-qpc-cycletime,1,,,,,,,,,,,,,,,,,,,,,,,,,,,,,,,,,,,
double,organ_pipe,radix11,1,10000,20260912,21,10,130740,127890,,,548352,0,249856,windows-qpc-cycletime,1,,,,,,,,,,,,,,,,,,,,,,,,,,,,,,,,,,,
double,organ_pipe,radix16,1,10000,20260912,21,10,335490,331030,,,1406454,0,1253376,windows-qpc-cycletime,1,,,,,,,,,,,,,,,,,,,,,,,,,,,,,,,,,,,
double,organ_pipe,std::sort,0,10000,20260912,21,10,228020,224690,,,957516,0,36864,windows-qpc-cycletime,1,,,,,,,,,,,,,,,,,,,,,,,,,,,,,,,,,,,
double,organ_pipe,std::stable_sort,1,10000,20260912,21,10,60640,59750,,,254310,0,114688,windows-qpc-cycletime,1,,,,,,,,,,,,,,,,,,,,,,,,,,,,,,,,,,,
double,organ_pipe,orlp::pdqsort,0,10000,20260912,21,10,68880,68420,,,289086,0,40960,windows-qpc-cycletime,1,,,,,,,,,,,,,,,,,,,,,,,,,,,,,,,,,,,
double,organ_pipe,orlp::pdqsort_branchless,0,10000,20260912,21,10,101780,101250,,,427014,0,45056,windows-qpc-cycletime,1,,,,,,,,,,,,,,,,,,,,,,,,,,,,,,,,,,,
double,organ_pipe,gfx::timsort,1,10000,20260912,21,10,11150,10990,,,46746,0,106496,windows-qpc-cycletime,1,,,,,,,,,,,,,,,,,,,,,,,,,,,,,,,,,,,
double,small_range,introsort,0,10000,20260912,21,10,58560,57640,,,245070,0,45056,windows-qpc-cycletime,1,,,,,,,,,,,,,,,,,,,,,,,,,,,,,,,,,,,
double,small_range,timsort,1,10000,20260912,21,10,108780,106130,,,456162,0,155648,windows-qpc-cycletime,1,,,,,,,,,,,,,,,,,,,,,,,,,,,,,,,,,,,
double,small_range,pdqsort,0,10000,20260912,21,10,17970,17800,,,75390,0,45056,windows-qpc-cycletime,1,,,,,,,,,,,,,,,,,,,,,,,,,,,,,,,,,,,
double,small_range,mergesort,1,10000,20260912,21,10,80670,78850,,,338772,0,192512,windows-qpc-cycletime,1,,,,,,,,,,,,,,,,,,,,,,,,,,,,,,,,,,,
double,small_range,heapsort,0,10000,20260912,21,10,347690,344740,,,1458702,0,45056,windows-qpc-cycletime,1,,,,,,,,,,,,,,,,,,,,,,,,,,,,,,,,,,,
double,small_range,brainsort,1,10000,20260912,21,10,69720,67680,,,291774,0,270336,windows-qpc-cycletime,1,,,,,,,,,,,,,,,,,,,,,,,,,,,,,,,,,,,
double,small_range,radix11,1,10000,20260912,21,10,108030,105750,,,452760,0,249856,windows-qpc-cycletime,1,,,,,,,,,,,,,,,,,,,,,,,,,,,,,,,,,,,
double,small_range,radix16,1,10000,20260912,21,10,290230,286180,,,1217706,0,1253376,windows-qpc-cycletime,1,,,,,,,,,,,,,,,,,,,,,,,,,,,,,,,,,,,
double,small_range,std::sort,0,10000,20260912,21,10,53410,52330,,,224322,0,36864,windows-qpc-cycletime,1,,,,,,,,,,,,,,,,,,,,,,,,,,,,,,,,,,,
double,small_range,std::stable_sort,1,10000,20260912,21,10,76840,75820,,,322056,0,114688,windows-qpc-cycletime,1,,,,,,,,,,,,,,,,,,,,,,,,,,,,,,,,,,,
double,small_range,orlp::pdqsort,0,10000,20260912,21,10,13770,13390,,,57750,0,40960,windows-qpc-cycletime,1,,,,,,,,,,,,,,,,,,,,,,,,,,,,,,,,,,,
double,small_range,orlp::pdqsort_branchless,0,10000,20260912,21,10,13370,13140,,,56070,0,45056,windows-qpc-cycletime,1,,,,,,,,,,,,,,,,,,,,,,,,,,,,,,,,,,,
double,small_range,gfx::timsort,1,10000,20260912,21,10,161060,147740,,,676242,0,192512,windows-qpc-cycletime,1,,,,,,,,,,,,,,,,,,,,,,,,,,,,,,,,,,,
double,sawtooth,introsort,0,10000,20260912,21,10,91650,90810,,,384720,0,45056,windows-qpc-cycletime,1,,,,,,,,,,,,,,,,,,,,,,,,,,,,,,,,,,,
double,sawtooth,timsort,1,10000,20260912,21,10,41370,39720,,,173082,0,159744,windows-qpc-cycletime,1,,,,,,,,,,,,,,,,,,,,,,,,,,,,,,,,,,,
double,sawtooth,pdqsort,0,10000,20260912,21,10,76820,75730,,,322602,0,45056,windows-qpc-cycletime,1,,,,,,,,,,,,,,,,,,,,,,,,,,,,,,,,,,,
double,sawtooth,mergesort,1,10000,20260912,21,10,62570,61550,,,262794,0,192512,windows-qpc-cycletime,1,,,,,,,,,,,,,,,,,,,,,,,,,,,,,,,,,,,
double,sawtooth,heapsort,0,10000,20260912,21,10,541450,537330,,,2270772,0,45056,windows-qpc-cycletime,1,,,,,,,,,,,,,,,,,,,,,,,,,,,,,,,,,,,
double,sawtooth,brainsort,1,10000,20260912,21,10,114930,110030,,,481950,0,339968,windows-qpc-cycletime,1,,,,,,,,,,,,,,,,,,,,,,,,,,,,,,,,,,,
double,sawtooth,radix11,1,10000,20260912,21,10,117840,115970,,,494802,0,249856,windows-qpc-cycletime,1,,,,,,,,,,,,,,,,,,,,,,,,,,,,,,,,,,,
double,sawtooth,radix16,1,10000,20260912,21,10,368400,365550,,,1544760,0,1253376,windows-qpc-cycletime,1,,,,,,,,,,,,,,,,,,,,,,,,,,,,,,,,,,,
double,sawtooth,std::sort,0,10000,20260912,21,10,78050,76950,,,327096,0,36864,windows-qpc-cycletime,1,,,,,,,,,,,,,,,,,,,,,,,,,,,,,,,,,,,
double,sawtooth,std::stable_sort,1,10000,20260912,21,10,51830,50830,,,217224,0,114688,windows-qpc-cycletime,1,,,,,,,,,,,,,,,,,,,,,,,,,,,,,,,,,,,
double,sawtooth,orlp::pdqsort,0,10000,20260912,21,10,56590,55600,,,237342,0,40960,windows-qpc-cycletime,1,,,,,,,,,,,,,,,,,,,,,,,,,,,,,,,,,,,
double,sawtooth,orlp::pdqsort_branchless,0,10000,20260912,21,10,80380,79740,,,337512,0,45056,windows-qpc-cycletime,1,,,,,,,,,,,,,,,,,,,,,,,,,,,,,,,,,,,
double,sawtooth,gfx::timsort,1,10000,20260912,21,10,28200,26150,,,118272,0,147456,windows-qpc-cycletime,1,,,,,,,,,,,,,,,,,,,,,,,,,,,,,,,,,,,
double,prefixed,introsort,0,10000,20260912,21,10,376690,370260,,,1579998,0,45056,windows-qpc-cycletime,1,,,,,,,,,,,,,,,,,,,,,,,,,,,,,,,,,,,
double,prefixed,timsort,1,10000,20260912,21,10,516810,514840,,,2168334,0,159744,windows-qpc-cycletime,1,,,,,,,,,,,,,,,,,,,,,,,,,,,,,,,,,,,
double,prefixed,pdqsort,0,10000,20260912,21,10,380060,373690,,,1594614,0,45056,windows-qpc-cycletime,1,,,,,,,,,,,,,,,,,,,,,,,,,,,,,,,,,,,
double,prefixed,mergesort,1,10000,20260912,21,10,438710,436530,,,1841112,0,192512,windows-qpc-cycletime,1,,,,,,,,,,,,,,,,,,,,,,,,,,,,,,,,,,,
double,prefixed,heapsort,0,10000,20260912,21,10,681790,677810,,,2861754,0,45056,windows-qpc-cycletime,1,,,,,,,,,,,,,,,,,,,,,,,,,,,,,,,,,,,
double,prefixed,brainsort,1,10000,20260912,21,10,81380,80170,,,341712,0,221184,windows-qpc-cycletime,1,,,,,,,,,,,,,,,,,,,,,,,,,,,,,,,,,,,
double,prefixed,radix11,1,10000,20260912,21,10,165400,160300,,,693882,0,249856,windows-qpc-cycletime,1,,,,,,,,,,,,,,,,,,,,,,,,,,,,,,,,,,,
double,prefixed,radix16,1,10000,20260912,21,10,331770,326890,,,1391922,0,1253376,windows-qpc-cycletime,1,,,,,,,,,,,,,,,,,,,,,,,,,,,,,,,,,,,
double,prefixed,std::sort,0,10000,20260912,21,10,369070,364570,,,1546230,0,36864,windows-qpc-cycletime,1,,,,,,,,,,,,,,,,,,,,,,,,,,,,,,,,,,,
double,prefixed,std::stable_sort,1,10000,20260912,21,10,403440,398290,,,1693566,0,114688,windows-qpc-cycletime,1,,,,,,,,,,,,,,,,,,,,,,,,,,,,,,,,,,,
double,prefixed,orlp::pdqsort,0,10000,20260912,21,10,346100,335880,,,1452528,0,40960,windows-qpc-cycletime,1,,,,,,,,,,,,,,,,,,,,,,,,,,,,,,,,,,,
double,prefixed,orlp::pdqsort_branchless,0,10000,20260912,21,10,90930,86760,,,381234,0,45056,windows-qpc-cycletime,1,,,,,,,,,,,,,,,,,,,,,,,,,,,,,,,,,,,
double,prefixed,gfx::timsort,1,10000,20260912,21,10,523180,521410,,,2195676,0,192512,windows-qpc-cycletime,1,,,,,,,,,,,,,,,,,,,,,,,,,,,,,,,,,,,
int64,random,introsort,0,10000,20260912,21,10,277660,273630,,,1165416,0,45056,windows-qpc-cycletime,1,,,,,,,,,,,,,,,,,,,,,,,,,,,,,,,,,,,
int64,random,timsort,1,10000,20260912,21,10,407860,405700,,,1711752,0,159744,windows-qpc-cycletime,1,,,,,,,,,,,,,,,,,,,,,,,,,,,,,,,,,,,
int64,random,pdqsort,0,10000,20260912,21,10,268910,264080,,,1128834,0,49152,windows-qpc-cycletime,1,,,,,,,,,,,,,,,,,,,,,,,,,,,,,,,,,,,
int64,random,mergesort,1,10000,20260912,21,10,319940,317420,,,1342950,0,196608,windows-qpc-cycletime,1,,,,,,,,,,,,,,,,,,,,,,,,,,,,,,,,,,,
int64,random,heapsort,0,10000,20260912,21,10,517410,514370,,,2171736,0,40960,windows-qpc-cycletime,1,,,,,,,,,,,,,,,,,,,,,,,,,,,,,,,,,,,
int64,random,brainsort,1,10000,20260912,21,10,87410,85250,,,366954,0,204800,windows-qpc-cycletime,1,,,,,,,,,,,,,,,,,,,,,,,,,,,,,,,,,,,
int64,random,radix11,1,10000,20260912,21,10,164340,160310,,,687666,0,249856,windows-qpc-cycletime,1,,,,,,,,,,,,,,,,,,,,,,,,,,,,,,,,,,,
int64,random,radix16,1,10000,20260912,21,10,329410,325600,,,1382220,0,1253376,windows-qpc-cycletime,1,,,,,,,,,,,,,,,,,,,,,,,,,,,,,,,,,,,
int64,random,std::sort,0,10000,20260912,21,10,261580,257730,,,1096032,0,40960,windows-qpc-cycletime,1,,,,,,,,,,,,,,,,,,,,,,,,,,,,,,,,,,,
int64,random,std::stable_sort,1,10000,20260912,21,10,324020,320260,,,1360632,0,114688,windows-qpc-cycletime,1,,,,,,,,,,,,,,,,,,,,,,,,,,,,,,,,,,,
int64,random,orlp::pdqsort,0,10000,20260912,21,10,250290,243510,,,1050336,0,36864,windows-qpc-cycletime,1,,,,,,,,,,,,,,,,,,,,,,,,,,,,,,,,,,,
int64,random,orlp::pdqsort_branchless,0,10000,20260912,21,10,83300,81270,,,348768,0,45056,windows-qpc-cycletime,1,,,,,,,,,,,,,,,,,,,,,,,,,,,,,,,,,,,
int64,random,gfx::timsort,1,10000,20260912,21,10,443940,442050,,,1862490,0,188416,windows-qpc-cycletime,1,,,,,,,,,,,,,,,,,,,,,,,,,,,,,,,,,,,
int64,sorted,introsort,0,10000,20260912,21,10,68890,67960,,,289212,0,45056,windows-qpc-cycletime,1,,,,,,,,,,,,,,,,,,,,,,,,,,,,,,,,,,,
int64,sorted,timsort,1,10000,20260912,21,10,3990,3350,,,16632,0,36864,windows-qpc-cycletime,1,,,,,,,,,,,,,,,,,,,,,,,,,,,,,,,,,,,
int64,sorted,pdqsort,0,10000,20260912,21,10,5450,4980,,,22806,0,49152,windows-qpc-cycletime,1,,,,,,,,,,,,,,,,,,,,,,,,,,,,,,,,,,,
int64,sorted,mergesort,1,10000,20260912,21,10,56220,55540,,,235746,0,196608,windows-qpc-cycletime,1,,,,,,,,,,,,,,,,,,,,,,,,,,,,,,,,,,,
int64,sorted,heapsort,0,10000,20260912,21,10,333180,329930,,,1397046,0,40960,windows-qpc-cycletime,1,,,,,,,,,,,,,,,,,,,,,,,,,,,,,,,,,,,
int64,sorted,brainsort,1,10000,20260912,21,10,3120,2750,,,13020,0,45056,windows-qpc-cycletime,1,,,,,,,,,,,,,,,,,,,,,,,,,,,,,,,,,,,
int64,sorted,radix11,1,10000,20260912,21,10,164570,159510,,,690354,0,249856,windows-qpc-cycletime,1,,,,,,,,,,,,,,,,,,,,,,,,,,,,,,,,,,,
int64,sorted,radix16,1,10000,20260912,21,10,336050,330410,,,1410654,0,1253376,windows-qpc-cycletime,1,,,,,,,,,,,,,,,,,,,,,,,,,,,,,,,,,,,
int64,sorted,std::sort,0,10000,20260912,21,10,51100,50010,,,214578,0,40960,windows-qpc-cycletime,1,,,,,,,,,,,,,,,,,,,,,,,,,,,,,,,,,,,
int64,sorted,std::stable_sort,1,10000,20260912,21,10,43520,42530,,,182364,0,114688,windows-qpc-cycletime,1,,,,,,,,,,,,,,,,,,,,,,,,,,,,,,,,,,,
int64,sorted,orlp::pdqsort,0,10000,20260912,21,10,4480,4330,,,18732,0,36864,windows-qpc-cycletime,1,,,,,,,,,,,,,,,,,,,,,,,,,,,,,,,,,,,
int64,sorted,orlp::pdqsort_branchless,0,10000,20260912,21,10,4520,4440,,,18900,0,45056,windows-qpc-cycletime,1,,,,,,,,,,,,,,,,,,,,,,,,,,,,,,,,,,,
int64,sorted,gfx::timsort,1,10000,20260912,21,10,5130,4230,,,21462,0,32768,windows-qpc-cycletime,1,,,,,,,,,,,,,,,,,,,,,,,,,,,,,,,,,,,
int64,reverse,introsort,0,10000,20260912,21,10,49480,48230,,,207732,0,45056,windows-qpc-cycletime,1,,,,,,,,,,,,,,,,,,,,,,,,,,,,,,,,,,,
int64,reverse,timsort,1,10000,20260912,21,10,7050,6640,,,29526,0,36864,windows-qpc-cycletime,1,,,,,,,,,,,,,,,,,,,,,,,,,,,,,,,,,,,
int64,reverse,pdqsort,0,10000,20260912,21,10,10150,9710,,,42504,0,49152,windows-qpc-cycletime,1,,,,,,,,,,,,,,,,,,,,,,,,,,,,,,,,,,,
int64,reverse,mergesort,1,10000,20260912,21,10,69750,68200,,,292698,0,196608,windows-qpc-cycletime,1,,,,,,,,,,,,,,,,,,,,,,,,,,,,,,,,,,,
int64,reverse,heapsort,0,10000,20260912,21,10,380630,378520,,,1595622,0,40960,windows-qpc-cycletime,1,,,,,,,,,,,,,,,,,,,,,,,,,,,,,,,,,,,
int64,reverse,brainsort,1,10000,20260912,21,10,5500,4910,,,23016,0,53248,windows-qpc-cycletime,1,,,,,,,,,,,,,,,,,,,,,,,,,,,,,,,,,,,
int64,reverse,radix11,1,10000,20260912,21,10,162880,157880,,,683298,0,249856,windows-qpc-cycletime,1,,,,,,,,,,,,,,,,,,,,,,,,,,,,,,,,,,,
int64,reverse,radix16,1,10000,20260912,21,10,331730,328290,,,1391964,0,1253376,windows-qpc-cycletime,1,,,,,,,,,,,,,,,,,,,,,,,,,,,,,,,,,,,
int64,reverse,std::sort,0,10000,20260912,21,10,46800,46440,,,196266,0,40960,windows-qpc-cycletime,1,,,,,,,,,,,,,,,,,,,,,,,,,,,,,,,,,,,
int64,reverse,std::stable_sort,1,10000,20260912,21,10,71160,70010,,,298746,0,114688,windows-qpc-cycletime,1,,,,,,,,,,,,,,,,,,,,,,,,,,,,,,,,,,,
int64,reverse,orlp::pdqsort,0,10000,20260912,21,10,8180,7560,,,34230,0,36864,windows-qpc-cycletime,1,,,,,,,,,,,,,,,,,,,,,,,,,,,,,,,,,,,
int64,reverse,orlp::pdqsort_branchless,0,10000,20260912,21,10,11510,11270,,,48300,0,45056,windows-qpc-cycletime,1,,,,,,,,,,,,,,,,,,,,,,,,,,,,,,,,,,,
int64,reverse,gfx::timsort,1,10000,20260912,21,10,7130,6760,,,29862,0,32768,windows-qpc-cycletime,1,,,,,,,,,,,,,,,,,,,,,,,,,,,,,,,,,,,
int64,nearly_sorted,introsort,0,10000,20260912,21,10,72160,71230,,,302106,0,45056,windows-qpc-cycletime,1,,,,,,,,,,,,,,,,,,,,,,,,,,,,,,,,,,,
int64,nearly_sorted,timsort,1,10000,20260912,21,10,44680,43400,,,187572,0,151552,windows-qpc-cycletime,1,,,,,,,,,,,,,,,,,,,,,,,,,,,,,,,,,,,
int64,nearly_sorted,pdqsort,0,10000,20260912,21,10,30620,29760,,,128058,0,49152,windows-qpc-cycletime,1,,,,,,,,,,,,,,,,,,,,,,,,,,,,,,,,,,,
int64,nearly_sorted,mergesort,1,10000,20260912,21,10,64730,62960,,,271656,0,196608,windows-qpc-cycletime,1,,,,,,,,,,,,,,,,,,,,,,,,,,,,,,,,,,,
int64,nearly_sorted,heapsort,0,10000,20260912,21,10,356820,354690,,,1497174,0,40960,windows-qpc-cycletime,1,,,,,,,,,,,,,,,,,,,,,,,,,,,,,,,,,,,
int64,nearly_sorted,brainsort,1,10000,20260912,21,10,31820,31020,,,133560,0,61440,windows-qpc-cycletime,1,,,,,,,,,,,,,,,,,,,,,,,,,,,,,,,,,,,
int64,nearly_sorted,radix11,1,10000,20260912,21,10,162580,159070,,,682584,0,249856,windows-qpc-cycletime,1,,,,,,,,,,,,,,,,,,,,,,,,,,,,,,,,,,,
int64,nearly_sorted,radix16,1,10000,20260912,21,10,333970,330220,,,1402212,0,1253376,windows-qpc-cycletime,1,,,,,,,,,,,,,,,,,,,,,,,,,,,,,,,,,,,
int64,nearly_sorted,std::sort,0,10000,20260912,21,10,53940,53050,,,226296,0,40960,windows-qpc-cycletime,1,,,,,,,,,,,,,,,,,,,,,,,,,,,,,,,,,,,
int64,nearly_sorted,std::stable_sort,1,10000,20260912,21,10,57830,56730,,,242844,0,114688,windows-qpc-cycletime,1,,,,,,,,,,,,,,,,,,,,,,,,,,,,,,,,,,,
int64,nearly_sorted,orlp::pdqsort,0,10000,20260912,21,10,26000,25440,,,109158,0,36864,windows-qpc-cycletime,1,,,,,,,,,,,,,,,,,,,,,,,,,,,,,,,,,,,
int64,nearly_sorted,orlp::pdqsort_branchless,0,10000,20260912,21,10,31470,31000,,,131880,0,45056,windows-qpc-cycletime,1,,,,,,,,,,,,,,,,,,,,,,,,,,,,,,,,,,,
int64,nearly_sorted,gfx::timsort,1,10000,20260912,21,10,36760,35960,,,154140,0,155648,windows-qpc-cycletime,1,,,,,,,,,,,,,,,,,,,,,,,,,,,,,,,,,,,
int64,few_unique,introsort,0,10000,20260912,21,10,114500,84720,,,480144,0,45056,windows-qpc-cycletime,1,,,,,,,,,,,,,,,,,,,,,,,,,,,,,,,,,,,
int64,few_unique,timsort,1,10000,20260912,21,10,319820,317110,,,1340514,0,159744,windows-qpc-cycletime,1,,,,,,,,,,,,,,,,,,,,,,,,,,,,,,,,,,,
int64,few_unique,pdqsort,0,10000,20260912,21,10,48430,47170,,,203364,0,49152,windows-qpc-cycletime,1,,,,,,,,,,,,,,,,,,,,,,,,,,,,,,,,,,,
int64,few_unique,mergesort,1,10000,20260912,21,10,217530,213070,,,913038,0,196608,windows-qpc-cycletime,1,,,,,,,,,,,,,,,,,,,,,,,,,,,,,,,,,,,
int64,few_unique,heapsort,0,10000,20260912,21,10,510480,507910,,,2141622,0,40960,windows-qpc-cycletime,1,,,,,,,,,,,,,,,,,,,,,,,,,,,,,,,,,,,
int64,few_unique,brainsort,1,10000,20260912,21,10,39160,38610,,,163884,0,237568,windows-qpc-cycletime,1,,,,,,,,,,,,,,,,,,,,,,,,,,,,,,,,,,,
int64,few_unique,radix11,1,10000,20260912,21,10,152500,149530,,,639702,0,249856,windows-qpc-cycletime,1,,,,,,,,,,,,,,,,,,,,,,,,,,,,,,,,,,,
int64,few_unique,radix16,1,10000,20260912,21,10,312560,308610,,,1311408,0,1253376,windows-qpc-cycletime,1,,,,,,,,,,,,,,,,,,,,,,,,,,,,,,,,,,,
int64,few_unique,std::sort,0,10000,20260912,21,10,106650,81590,,,447888,0,40960,windows-qpc-cycletime,1,,,,,,,,,,,,,,,,,,,,,,,,,,,,,,,,,,,
int64,few_unique,std::stable_sort,1,10000,20260912,21,10,225750,220390,,,947898,0,114688,windows-qpc-cycletime,1,,,,,,,,,,,,,,,,,,,,,,,,,,,,,,,,,,,
int64,few_unique,orlp::pdqsort,0,10000,20260912,21,10,51090,49900,,,214368,0,36864,windows-qpc-cycletime,1,,,,,,,,,,,,,,,,,,,,,,,,,,,,,,,,,,,
int64,few_unique,orlp::pdqsort_branchless,0,10000,20260912,21,10,37790,37090,,,158634,0,45056,windows-qpc-cycletime,1,,,,,,,,,,,,,,,,,,,,,,,,,,,,,,,,,,,
int64,few_unique,gfx::timsort,1,10000,20260912,21,10,374460,373090,,,1571766,0,184320,windows-qpc-cycletime,1,,,,,,,,,,,,,,,,,,,,,,,,,,,,,,,,,,,
int64,all_equal,introsort,0,10000,20260912,21,10,50350,49250,,,211386,0,45056,windows-qpc-cycletime,1,,,,,,,,,,,,,,,,,,,,,,,,,,,,,,,,,,,
int64,all_equal,timsort,1,10000,20260912,21,10,3440,3410,,,14406,0,36864,windows-qpc-cycletime,1,,,,,,,,,,,,,,,,,,,,,,,,,,,,,,,,,,,
int64,all_equal,pdqsort,0,10000,20260912,21,10,5050,4400,,,21126,0,49152,windows-qpc-cycletime,1,,,,,,,,,,,,,,,,,,,,,,,,,,,,,,,,,,,
int64,all_equal,mergesort,1,10000,20260912,21,10,56090,55240,,,234192,0,196608,windows-qpc-cycletime,1,,,,,,,,,,,,,,,,,,,,,,,,,,,,,,,,,,,
int64,all_equal,heapsort,0,10000,20260912,21,10,121440,120100,,,509334,0,40960,windows-qpc-cycletime,1,,,,,,,,,,,,,,,,,,,,,,,,,,,,,,,,,,,
int64,all_equal,brainsort,1,10000,20260912,21,10,2850,2730,,,11970,0,45056,windows-qpc-cycletime,1,,,,,,,,,,,,,,,,,,,,,,,,,,,,,,,,,,,
int64,all_equal,radix11,1,10000,20260912,21,10,53370,52150,,,223818,0,98304,windows-qpc-cycletime,1,,,,,,,,,,,,,,,,,,,,,,,,,,,,,,,,,,,
int64,all_equal,radix16,1,10000,20260912,21,10,275610,271220,,,1156596,0,1101824,windows-qpc-cycletime,1,,,,,,,,,,,,,,,,,,,,,,,,,,,,,,,,,,,
int64,all_equal,std::sort,0,10000,20260912,21,10,45060,43710,,,189126,0,40960,windows-qpc-cycletime,1,,,,,,,,,,,,,,,,,,,,,,,,,,,,,,,,,,,
int64,all_equal,std::stable_sort,1,10000,20260912,21,10,43670,42850,,,183204,0,114688,windows-qpc-cycletime,1,,,,,,,,,,,,,,,,,,,,,,,,,,,,,,,,,,,
int64,all_equal,orlp::pdqsort,0,10000,20260912,21,10,4360,4260,,,18270,0,36864,windows-qpc-cycletime,1,,,,,,,,,,,,,,,,,,,,,,,,,,,,,,,,,,,
int64,all_equal,orlp::pdqsort_branchless,0,10000,20260912,21,10,4540,4210,,,19026,0,45056,windows-qpc-cycletime,1,,,,,,,,,,,,,,,,,,,,,,,,,,,,,,,,,,,
int64,all_equal,gfx::timsort,1,10000,20260912,21,10,4710,4190,,,19698,0,32768,windows-qpc-cycletime,1,,,,,,,,,,,,,,,,,,,,,,,,,,,,,,,,,,,
int64,runs,introsort,0,10000,20260912,21,10,83830,83000,,,351834,0,45056,windows-qpc-cycletime,1,,,,,,,,,,,,,,,,,,,,,,,,,,,,,,,,,,,
int64,runs,timsort,1,10000,20260912,21,10,16320,15500,,,68544,0,147456,windows-qpc-cycletime,1,,,,,,,,,,,,,,,,,,,,,,,,,,,,,,,,,,,
int64,runs,pdqsort,0,10000,20260912,21,10,61030,59890,,,255990,0,49152,windows-qpc-cycletime,1,,,,,,,,,,,,,,,,,,,,,,,,,,,,,,,,,,,
int64,runs,mergesort,1,10000,20260912,21,10,57990,56460,,,242760,0,196608,windows-qpc-cycletime,1,,,,,,,,,,,,,,,,,,,,,,,,,,,,,,,,,,,
int64,runs,heapsort,0,10000,20260912,21,10,405400,404410,,,1701630,0,40960,windows-qpc-cycletime,1,,,,,,,,,,,,,,,,,,,,,,,,,,,,,,,,,,,
int64,runs,brainsort,1,10000,20260912,21,10,115550,88640,,,485184,0,307200,windows-qpc-cycletime,1,,,,,,,,,,,,,,,,,,,,,,,,,,,,,,,,,,,
int64,runs,radix11,1,10000,20260912,21,10,147160,142320,,,617988,0,249856,windows-qpc-cycletime,1,,,,,,,,,,,,,,,,,,,,,,,,,,,,,,,,,,,
int64,runs,radix16,1,10000,20260912,21,10,319540,312530,,,1340892,0,1253376,windows-qpc-cycletime,1,,,,,,,,,,,,,,,,,,,,,,,,,,,,,,,,,,,
int64,runs,std::sort,0,10000,20260912,21,10,73600,72740,,,308826,0,40960,windows-qpc-cycletime,1,,,,,,,,,,,,,,,,,,,,,,,,,,,,,,,,,,,
int64,runs,std::stable_sort,1,10000,20260912,21,10,48300,47190,,,202440,0,114688,windows-qpc-cycletime,1,,,,,,,,,,,,,,,,,,,,,,,,,,,,,,,,,,,
int64,runs,orlp::pdqsort,0,10000,20260912,21,10,45370,44810,,,189966,0,36864,windows-qpc-cycletime,1,,,,,,,,,,,,,,,,,,,,,,,,,,,,,,,,,,,
int64,runs,orlp::pdqsort_branchless,0,10000,20260912,21,10,68490,67740,,,286986,0,45056,windows-qpc-cycletime,1,,,,,,,,,,,,,,,,,,,,,,,,,,,,,,,,,,,
int64,runs,gfx::timsort,1,10000,20260912,21,10,13470,13010,,,56448,0,143360,windows-qpc-cycletime,1,,,,,,,,,,,,,,,,,,,,,,,,,,,,,,,,,,,
int64,organ_pipe,introsort,0,10000,20260912,21,10,318520,316600,,,1336944,0,45056,windows-qpc-cycletime,1,,,,,,,,,,,,,,,,,,,,,,,,,,,,,,,,,,,
int64,organ_pipe,timsort,1,10000,20260912,21,10,14590,14380,,,61194,0,122880,windows-qpc-cycletime,1,,,,,,,,,,,,,,,,,,,,,,,,,,,,,,,,,,,
int64,organ_pipe,pdqsort,0,10000,20260912,21,10,82160,81290,,,344022,0,49152,windows-qpc-cycletime,1,,,,,,,,,,,,,,,,,,,,,,,,,,,,,,,,,,,
int64,organ_pipe,mergesort,1,10000,20260912,21,10,63430,62460,,,266154,0,196608,windows-qpc-cycletime,1,,,,,,,,,,,,,,,,,,,,,,,,,,,,,,,,,,,
int64,organ_pipe,heapsort,0,10000,20260912,21,10,372750,370110,,,1564752,0,40960,windows-qpc-cycletime,1,,,,,,,,,,,,,,,,,,,,,,,,,,,,,,,,,,,
int64,organ_pipe,brainsort,1,10000,20260912,21,10,12580,12380,,,52752,0,143360,windows-qpc-cycletime,1,,,,,,,,,,,,,,,,,,,,,,,,,,,,,,,,,,,
int64,organ_pipe,radix11,1,10000,20260912,21,10,99030,96460,,,413070,0,249856,windows-qpc-cycletime,1,,,,,,,,,,,,,,,,,,,,,,,,,,,,,,,,,,,
int64,organ_pipe,radix16,1,10000,20260912,21,10,302930,300350,,,1268526,0,1253376,windows-qpc-cycletime,1,,,,,,,,,,,,,,,,,,,,,,,,,,,,,,,,,,,
int64,organ_pipe,std::sort,0,10000,20260912,21,10,198200,197150,,,831600,0,40960,windows-qpc-cycletime,1,,,,,,,,,,,,,,,,,,,,,,,,,,,,,,,,,,,
int64,organ_pipe,std::stable_sort,1,10000,20260912,21,10,59340,58110,,,248472,0,114688,windows-qpc-cycletime,1,,,,,,,,,,,,,,,,,,,,,,,,,,,,,,,,,,,
int64,organ_pipe,orlp::pdqsort,0,10000,20260912,21,10,64770,63670,,,272034,0,36864,windows-qpc-cycletime,1,,,,,,,,,,,,,,,,,,,,,,,,,,,,,,,,,,,
int64,organ_pipe,orlp::pdqsort_branchless,0,10000,20260912,21,10,92880,91970,,,389298,0,45056,windows-qpc-cycletime,1,,,,,,,,,,,,,,,,,,,,,,,,,,,,,,,,,,,
int64,organ_pipe,gfx::timsort,1,10000,20260912,21,10,12210,11590,,,51198,0,106496,windows-qpc-cycletime,1,,,,,,,,,,,,,,,,,,,,,,,,,,,,,,,,,,,
int64,small_range,introsort,0,10000,20260912,21,10,61550,60900,,,258468,0,45056,windows-qpc-cycletime,1,,,,,,,,,,,,,,,,,,,,,,,,,,,,,,,,,,,
int64,small_range,timsort,1,10000,20260912,21,10,102860,100870,,,431928,0,155648,windows-qpc-cycletime,1,,,,,,,,,,,,,,,,,,,,,,,,,,,,,,,,,,,
int64,small_range,pdqsort,0,10000,20260912,21,10,16430,15920,,,68586,0,49152,windows-qpc-cycletime,1,,,,,,,,,,,,,,,,,,,,,,,,,,,,,,,,,,,
int64,small_range,mergesort,1,10000,20260912,21,10,74630,71750,,,313362,0,196608,windows-qpc-cycletime,1,,,,,,,,,,,,,,,,,,,,,,,,,,,,,,,,,,,
int64,small_range,heapsort,0,10000,20260912,21,10,313800,311450,,,1317246,0,40960,windows-qpc-cycletime,1,,,,,,,,,,,,,,,,,,,,,,,,,,,,,,,,,,,
int64,small_range,brainsort,1,10000,20260912,21,10,61440,58480,,,258006,0,258048,windows-qpc-cycletime,1,,,,,,,,,,,,,,,,,,,,,,,,,,,,,,,,,,,
int64,small_range,radix11,1,10000,20260912,21,10,99960,97730,,,419160,0,249856,windows-qpc-cycletime,1,,,,,,,,,,,,,,,,,,,,,,,,,,,,,,,,,,,
int64,small_range,radix16,1,10000,20260912,21,10,291340,288440,,,1222704,0,1253376,windows-qpc-cycletime,1,,,,,,,,,,,,,,,,,,,,,,,,,,,,,,,,,,,
int64,small_range,std::sort,0,10000,20260912,21,10,48440,47810,,,203070,0,40960,windows-qpc-cycletime,1,,,,,,,,,,,,,,,,,,,,,,,,,,,,,,,,,,,
int64,small_range,std::stable_sort,1,10000,20260912,21,10,72980,71920,,,306474,0,114688,windows-qpc-cycletime,1,,,,,,,,,,,,,,,,,,,,,,,,,,,,,,,,,,,
int64,small_range,orlp::pdqsort,0,10000,20260912,21,10,13780,12990,,,57750,0,36864,windows-qpc-cycletime,1,,,,,,,,,,,,,,,,,,,,,,,,,,,,,,,,,,,
int64,small_range,orlp::pdqsort_branchless,0,10000,20260912,21,10,12660,12350,,,52962,0,45056,windows-qpc-cycletime,1,,,,,,,,,,,,,,,,,,,,,,,,,,,,,,,,,,,
int64,small_range,gfx::timsort,1,10000,20260912,21,10,156330,146360,,,656544,0,188416,windows-qpc-cycletime,1,,,,,,,,,,,,,,,,,,,,,,,,,,,,,,,,,,,
int64,sawtooth,introsort,0,10000,20260912,21,10,84640,83640,,,354690,0,45056,windows-qpc-cycletime,1,,,,,,,,,,,,,,,,,,,,,,,,,,,,,,,,,,,
int64,sawtooth,timsort,1,10000,20260912,21,10,38560,37040,,,161448,0,159744,windows-qpc-cycletime,1,,,,,,,,,,,,,,,,,,,,,,,,,,,,,,,,,,,
int64,sawtooth,pdqsort,0,10000,20260912,21,10,65140,63930,,,273546,0,49152,windows-qpc-cycletime,1,,,,,,,,,,,,,,,,,,,,,,,,,,,,,,,,,,,
int64,sawtooth,mergesort,1,10000,20260912,21,10,61590,58760,,,258090,0,196608,windows-qpc-cycletime,1,,,,,,,,,,,,,,,,,,,,,,,,,,,,,,,,,,,
int64,sawtooth,heapsort,0,10000,20260912,21,10,436250,434310,,,1831032,0,40960,windows-qpc-cycletime,1,,,,,,,,,,,,,,,,,,,,,,,,,,,,,,,,,,,
int64,sawtooth,brainsort,1,10000,20260912,21,10,28830,27940,,,121044,0,282624,windows-qpc-cycletime,1,,,,,,,,,,,,,,,,,,,,,,,,,,,,,,,,,,,
int64,sawtooth,radix11,1,10000,20260912,21,10,94570,93390,,,395724,0,249856,windows-qpc-cycletime,1,,,,,,,,,,,,,,,,,,,,,,,,,,,,,,,,,,,
int64,sawtooth,radix16,1,10000,20260912,21,10,295250,291190,,,1238748,0,1253376,windows-qpc-cycletime,1,,,,,,,,,,,,,,,,,,,,,,,,,,,,,,,,,,,
int64,sawtooth,std::sort,0,10000,20260912,21,10,72220,71180,,,303324,0,40960,windows-qpc-cycletime,1,,,,,,,,,,,,,,,,,,,,,,,,,,,,,,,,,,,
int64,sawtooth,std::stable_sort,1,10000,20260912,21,10,49450,48040,,,206808,0,114688,windows-qpc-cycletime,1,,,,,,,,,,,,,,,,,,,,,,,,,,,,,,,,,,,
int64,sawtooth,orlp::pdqsort,0,10000,20260912,21,10,52710,51770,,,221004,0,36864,windows-qpc-cycletime,1,,,,,,,,,,,,,,,,,,,,,,,,,,,,,,,,,,,
int64,sawtooth,orlp::pdqsort_branchless,0,10000,20260912,21,10,73940,72580,,,310002,0,45056,windows-qpc-cycletime,1,,,,,,,,,,,,,,,,,,,,,,,,,,,,,,,,,,,
int64,sawtooth,gfx::timsort,1,10000,20260912,21,10,26820,25050,,,112518,0,143360,windows-qpc-cycletime,1,,,,,,,,,,,,,,,,,,,,,,,,,,,,,,,,,,,
int64,prefixed,introsort,0,10000,20260912,21,10,274190,270060,,,1150758,0,45056,windows-qpc-cycletime,1,,,,,,,,,,,,,,,,,,,,,,,,,,,,,,,,,,,
int64,prefixed,timsort,1,10000,20260912,21,10,409450,408440,,,1718094,0,159744,windows-qpc-cycletime,1,,,,,,,,,,,,,,,,,,,,,,,,,,,,,,,,,,,
int64,prefixed,pdqsort,0,10000,20260912,21,10,268830,260360,,,1128330,0,49152,windows-qpc-cycletime,1,,,,,,,,,,,,,,,,,,,,,,,,,,,,,,,,,,,
int64,prefixed,mergesort,1,10000,20260912,21,10,319810,317750,,,1341270,0,196608,windows-qpc-cycletime,1,,,,,,,,,,,,,,,,,,,,,,,,,,,,,,,,,,,
int64,prefixed,heapsort,0,10000,20260912,21,10,515970,514160,,,2164638,0,40960,windows-qpc-cycletime,1,,,,,,,,,,,,,,,,,,,,,,,,,,,,,,,,,,,
int64,prefixed,brainsort,1,10000,20260912,21,10,32010,30590,,,133980,0,270336,windows-qpc-cycletime,1,,,,,,,,,,,,,,,,,,,,,,,,,,,,,,,,,,,
int64,prefixed,radix11,1,10000,20260912,21,10,121570,117410,,,510384,0,249856,windows-qpc-cycletime,1,,,,,,,,,,,,,,,,,,,,,,,,,,,,,,,,,,,
int64,prefixed,radix16,1,10000,20260912,21,10,290960,287890,,,1220646,0,1253376,windows-qpc-cycletime,1,,,,,,,,,,,,,,,,,,,,,,,,,,,,,,,,,,,
int64,prefixed,std::sort,0,10000,20260912,21,10,259950,257020,,,1090824,0,40960,windows-qpc-cycletime,1,,,,,,,,,,,,,,,,,,,,,,,,,,,,,,,,,,,
int64,prefixed,std::stable_sort,1,10000,20260912,21,10,328300,325870,,,1377054,0,114688,windows-qpc-cycletime,1,,,,,,,,,,,,,,,,,,,,,,,,,,,,,,,,,,,
int64,prefixed,orlp::pdqsort,0,10000,20260912,21,10,243340,237530,,,1021482,0,36864,windows-qpc-cycletime,1,,,,,,,,,,,,,,,,,,,,,,,,,,,,,,,,,,,
int64,prefixed,orlp::pdqsort_branchless,0,10000,20260912,21,10,79370,77760,,,332598,0,45056,windows-qpc-cycletime,1,,,,,,,,,,,,,,,,,,,,,,,,,,,,,,,,,,,
int64,prefixed,gfx::timsort,1,10000,20260912,21,10,445540,443210,,,1869126,0,188416,windows-qpc-cycletime,1,,,,,,,,,,,,,,,,,,,,,,,,,,,,,,,,,,,
string,random,introsort,0,10000,20260912,21,10,1072710,1070930,,,4500594,0,40960,windows-qpc-cycletime,1,,,,,,,,,,,,,,,,,,,,,,,,,,,,,,,,,,,
string,random,timsort,1,10000,20260912,21,10,1082900,1077430,,,4542300,0,143360,windows-qpc-cycletime,1,,,,,,,,,,,,,,,,,,,,,,,,,,,,,,,,,,,
string,random,pdqsort,0,10000,20260912,21,10,1006020,999530,,,4222218,0,53248,windows-qpc-cycletime,1,,,,,,,,,,,,,,,,,,,,,,,,,,,,,,,,,,,
string,random,mergesort,1,10000,20260912,21,10,943720,936910,,,3960852,0,188416,windows-qpc-cycletime,1,,,,,,,,,,,,,,,,,,,,,,,,,,,,,,,,,,,
string,random,heapsort,0,10000,20260912,21,10,1381900,1376800,,,5797680,0,40960,windows-qpc-cycletime,1,,,,,,,,,,,,,,,,,,,,,,,,,,,,,,,,,,,
string,random,brainsort,1,10000,20260912,21,10,294850,287010,,,1237068,0,294912,windows-qpc-cycletime,1,,,,,,,,,,,,,,,,,,,,,,,,,,,,,,,,,,,
string,random,std::sort,0,10000,20260912,21,10,982760,978690,,,4124778,0,45056,windows-qpc-cycletime,1,,,,,,,,,,,,,,,,,,,,,,,,,,,,,,,,,,,
string,random,std::stable_sort,1,10000,20260912,21,10,894840,891910,,,3754968,0,122880,windows-qpc-cycletime,1,,,,,,,,,,,,,,,,,,,,,,,,,,,,,,,,,,,
string,random,orlp::pdqsort,0,10000,20260912,21,10,977210,971720,,,4098402,0,40960,windows-qpc-cycletime,1,,,,,,,,,,,,,,,,,,,,,,,,,,,,,,,,,,,
string,random,orlp::pdqsort_branchless,0,10000,20260912,21,10,823270,820080,,,3453450,0,57344,windows-qpc-cycletime,1,,,,,,,,,,,,,,,,,,,,,,,,,,,,,,,,,,,
string,random,gfx::timsort,1,10000,20260912,21,10,1024720,1022600,,,4299918,0,200704,windows-qpc-cycletime,1,,,,,,,,,,,,,,,,,,,,,,,,,,,,,,,,,,,
string,sorted,introsort,0,10000,20260912,21,10,675310,652550,,,2834202,0,40960,windows-qpc-cycletime,1,,,,,,,,,,,,,,,,,,,,,,,,,,,,,,,,,,,
string,sorted,timsort,1,10000,20260912,21,10,39020,38440,,,163380,0,40960,windows-qpc-cycletime,1,,,,,,,,,,,,,,,,,,,,,,,,,,,,,,,,,,,
string,sorted,pdqsort,0,10000,20260912,21,10,58860,57280,,,247170,0,57344,windows-qpc-cycletime,1,,,,,,,,,,,,,,,,,,,,,,,,,,,,,,,,,,,
string,sorted,mergesort,1,10000,20260912,21,10,259610,252920,,,1089774,0,188416,windows-qpc-cycletime,1,,,,,,,,,,,,,,,,,,,,,,,,,,,,,,,,,,,
string,sorted,heapsort,0,10000,20260912,21,10,929570,923760,,,3900666,0,40960,windows-qpc-cycletime,1,,,,,,,,,,,,,,,,,,,,,,,,,,,,,,,,,,,
string,sorted,brainsort,1,10000,20260912,21,10,52400,51650,,,219828,0,36864,windows-qpc-cycletime,1,,,,,,,,,,,,,,,,,,,,,,,,,,,,,,,,,,,
string,sorted,std::sort,0,10000,20260912,21,10,604250,602580,,,2536044,0,45056,windows-qpc-cycletime,1,,,,,,,,,,,,,,,,,,,,,,,,,,,,,,,,,,,
string,sorted,std::stable_sort,1,10000,20260912,21,10,282190,280600,,,1184316,0,122880,windows-qpc-cycletime,1,,,,,,,,,,,,,,,,,,,,,,,,,,,,,,,,,,,
string,sorted,orlp::pdqsort,0,10000,20260912,21,10,57950,52390,,,243306,0,40960,windows-qpc-cycletime,1,,,,,,,,,,,,,,,,,,,,,,,,,,,,,,,,,,,
string,sorted,orlp::pdqsort_branchless,0,10000,20260912,21,10,63230,62070,,,265398,0,57344,windows-qpc-cycletime,1,,,,,,,,,,,,,,,,,,,,,,,,,,,,,,,,,,,
string,sorted,gfx::timsort,1,10000,20260912,21,10,46850,44870,,,196392,0,36864,windows-qpc-cycletime,1,,,,,,,,,,,,,,,,,,,,,,,,,,,,,,,,,,,
string,reverse,introsort,0,10000,20260912,21,10,515110,505510,,,2161320,0,40960,windows-qpc-cycletime,1,,,,,,,,,,,,,,,,,,,,,,,,,,,,,,,,,,,
string,reverse,timsort,1,10000,20260912,21,10,72780,69120,,,305592,0,122880,windows-qpc-cycletime,1,,,,,,,,,,,,,,,,,,,,,,,,,,,,,,,,,,,
string,reverse,pdqsort,0,10000,20260912,21,10,111620,110810,,,468720,0,57344,windows-qpc-cycletime,1,,,,,,,,,,,,,,,,,,,,,,,,,,,,,,,,,,,
string,reverse,mergesort,1,10000,20260912,21,10,439260,436770,,,1842666,0,188416,windows-qpc-cycletime,1,,,,,,,,,,,,,,,,,,,,,,,,,,,,,,,,,,,
string,reverse,heapsort,0,10000,20260912,21,10,1123020,1120800,,,4713744,0,40960,windows-qpc-cycletime,1,,,,,,,,,,,,,,,,,,,,,,,,,,,,,,,,,,,
string,reverse,brainsort,1,10000,20260912,21,10,120070,118890,,,503454,0,49152,windows-qpc-cycletime,1,,,,,,,,,,,,,,,,,,,,,,,,,,,,,,,,,,,
string,reverse,std::sort,0,10000,20260912,21,10,454680,452720,,,1907808,0,45056,windows-qpc-cycletime,1,,,,,,,,,,,,,,,,,,,,,,,,,,,,,,,,,,,
string,reverse,std::stable_sort,1,10000,20260912,21,10,279340,276540,,,1172598,0,122880,windows-qpc-cycletime,1,,,,,,,,,,,,,,,,,,,,,,,,,,,,,,,,,,,
string,reverse,orlp::pdqsort,0,10000,20260912,21,10,104740,104150,,,439362,0,40960,windows-qpc-cycletime,1,,,,,,,,,,,,,,,,,,,,,,,,,,,,,,,,,,,
string,reverse,orlp::pdqsort_branchless,0,10000,20260912,21,10,101610,92770,,,426216,0,57344,windows-qpc-cycletime,1,,,,,,,,,,,,,,,,,,,,,,,,,,,,,,,,,,,
string,reverse,gfx::timsort,1,10000,20260912,21,10,68720,67170,,,288204,0,155648,windows-qpc-cycletime,1,,,,,,,,,,,,,,,,,,,,,,,,,,,,,,,,,,,
string,nearly_sorted,introsort,0,10000,20260912,21,10,651130,649350,,,2732562,0,40960,windows-qpc-cycletime,1,,,,,,,,,,,,,,,,,,,,,,,,,,,,,,,,,,,
string,nearly_sorted,timsort,1,10000,20260912,21,10,121260,119500,,,508998,0,135168,windows-qpc-cycletime,1,,,,,,,,,,,,,,,,,,,,,,,,,,,,,,,,,,,
string,nearly_sorted,pdqsort,0,10000,20260912,21,10,347250,342410,,,1457022,0,57344,windows-qpc-cycletime,1,,,,,,,,,,,,,,,,,,,,,,,,,,,,,,,,,,,
string,nearly_sorted,mergesort,1,10000,20260912,21,10,398260,396120,,,1671684,0,188416,windows-qpc-cycletime,1,,,,,,,,,,,,,,,,,,,,,,,,,,,,,,,,,,,
string,nearly_sorted,heapsort,0,10000,20260912,21,10,1018190,1014850,,,4272156,0,40960,windows-qpc-cycletime,1,,,,,,,,,,,,,,,,,,,,,,,,,,,,,,,,,,,
string,nearly_sorted,brainsort,1,10000,20260912,21,10,187670,185680,,,786912,0,49152,windows-qpc-cycletime,1,,,,,,,,,,,,,,,,,,,,,,,,,,,,,,,,,,,
string,nearly_sorted,std::sort,0,10000,20260912,21,10,594630,592080,,,2495514,0,45056,windows-qpc-cycletime,1,,,,,,,,,,,,,,,,,,,,,,,,,,,,,,,,,,,
string,nearly_sorted,std::stable_sort,1,10000,20260912,21,10,408850,405860,,,1715490,0,122880,windows-qpc-cycletime,1,,,,,,,,,,,,,,,,,,,,,,,,,,,,,,,,,,,
string,nearly_sorted,orlp::pdqsort,0,10000,20260912,21,10,329720,327720,,,1383732,0,40960,windows-qpc-cycletime,1,,,,,,,,,,,,,,,,,,,,,,,,,,,,,,,,,,,
string,nearly_sorted,orlp::pdqsort_branchless,0,10000,20260912,21,10,336160,333430,,,1410990,0,57344,windows-qpc-cycletime,1,,,,,,,,,,,,,,,,,,,,,,,,,,,,,,,,,,,
string,nearly_sorted,gfx::timsort,1,10000,20260912,21,10,148650,146700,,,622272,0,196608,windows-qpc-cycletime,1,,,,,,,,,,,,,,,,,,,,,,,,,,,,,,,,,,,
string,few_unique,introsort,0,10000,20260912,21,10,899120,892460,,,3773406,0,40960,windows-qpc-cycletime,1,,,,,,,,,,,,,,,,,,,,,,,,,,,,,,,,,,,
string,few_unique,timsort,1,10000,20260912,21,10,950910,945190,,,3990630,0,143360,windows-qpc-cycletime,1,,,,,,,,,,,,,,,,,,,,,,,,,,,,,,,,,,,
string,few_unique,pdqsort,0,10000,20260912,21,10,572130,568620,,,2399082,0,61440,windows-qpc-cycletime,1,,,,,,,,,,,,,,,,,,,,,,,,,,,,,,,,,,,
string,few_unique,mergesort,1,10000,20260912,21,10,786500,781670,,,3301116,0,188416,windows-qpc-cycletime,1,,,,,,,,,,,,,,,,,,,,,,,,,,,,,,,,,,,
string,few_unique,heapsort,0,10000,20260912,21,10,1321330,1312500,,,5544210,0,40960,windows-qpc-cycletime,1,,,,,,,,,,,,,,,,,,,,,,,,,,,,,,,,,,,
string,few_unique,brainsort,1,10000,20260912,21,10,168620,165340,,,707952,0,217088,windows-qpc-cycletime,1,,,,,,,,,,,,,,,,,,,,,,,,,,,,,,,,,,,
string,few_unique,std::sort,0,10000,20260912,21,10,834220,821710,,,3496836,0,45056,windows-qpc-cycletime,1,,,,,,,,,,,,,,,,,,,,,,,,,,,,,,,,,,,
string,few_unique,std::stable_sort,1,10000,20260912,21,10,767380,760300,,,3219888,0,122880,windows-qpc-cycletime,1,,,,,,,,,,,,,,,,,,,,,,,,,,,,,,,,,,,
string,few_unique,orlp::pdqsort,0,10000,20260912,21,10,562220,559260,,,2360694,0,45056,windows-qpc-cycletime,1,,,,,,,,,,,,,,,,,,,,,,,,,,,,,,,,,,,
string,few_unique,orlp::pdqsort_branchless,0,10000,20260912,21,10,526320,522420,,,2208360,0,61440,windows-qpc-cycletime,1,,,,,,,,,,,,,,,,,,,,,,,,,,,,,,,,,,,
string,few_unique,gfx::timsort,1,10000,20260912,21,10,972010,968140,,,4079208,0,204800,windows-qpc-cycletime,1,,,,,,,,,,,,,,,,,,,,,,,,,,,,,,,,,,,
string,all_equal,introsort,0,10000,20260912,21,10,455870,453620,,,1912806,0,36864,windows-qpc-cycletime,1,,,,,,,,,,,,,,,,,,,,,,,,,,,,,,,,,,,
string,all_equal,timsort,1,10000,20260912,21,10,33500,32810,,,140322,0,40960,windows-qpc-cycletime,1,,,,,,,,,,,,,,,,,,,,,,,,,,,,,,,,,,,
string,all_equal,pdqsort,0,10000,20260912,21,10,78230,77500,,,327978,0,57344,windows-qpc-cycletime,1,,,,,,,,,,,,,,,,,,,,,,,,,,,,,,,,,,,
string,all_equal,mergesort,1,10000,20260912,21,10,251690,246030,,,1055628,0,188416,windows-qpc-cycletime,1,,,,,,,,,,,,,,,,,,,,,,,,,,,,,,,,,,,
string,all_equal,heapsort,0,10000,20260912,21,10,649660,646800,,,2726262,0,36864,windows-qpc-cycletime,1,,,,,,,,,,,,,,,,,,,,,,,,,,,,,,,,,,,
string,all_equal,brainsort,1,10000,20260912,21,10,45260,44310,,,189336,0,32768,windows-qpc-cycletime,1,,,,,,,,,,,,,,,,,,,,,,,,,,,,,,,,,,,
string,all_equal,std::sort,0,10000,20260912,21,10,411960,406370,,,1728594,0,40960,windows-qpc-cycletime,1,,,,,,,,,,,,,,,,,,,,,,,,,,,,,,,,,,,
string,all_equal,std::stable_sort,1,10000,20260912,21,10,255830,251610,,,1073814,0,118784,windows-qpc-cycletime,1,,,,,,,,,,,,,,,,,,,,,,,,,,,,,,,,,,,
string,all_equal,orlp::pdqsort,0,10000,20260912,21,10,69750,68670,,,292866,0,40960,windows-qpc-cycletime,1,,,,,,,,,,,,,,,,,,,,,,,,,,,,,,,,,,,
string,all_equal,orlp::pdqsort_branchless,0,10000,20260912,21,10,76230,75400,,,319830,0,57344,windows-qpc-cycletime,1,,,,,,,,,,,,,,,,,,,,,,,,,,,,,,,,,,,
string,all_equal,gfx::timsort,1,10000,20260912,21,10,41180,40220,,,172578,0,32768,windows-qpc-cycletime,1,,,,,,,,,,,,,,,,,,,,,,,,,,,,,,,,,,,
string,runs,introsort,0,10000,20260912,21,10,863890,854790,,,3626154,0,40960,windows-qpc-cycletime,1,,,,,,,,,,,,,,,,,,,,,,,,,,,,,,,,,,,
string,runs,timsort,1,10000,20260912,21,10,78700,77050,,,330456,0,118784,windows-qpc-cycletime,1,,,,,,,,,,,,,,,,,,,,,,,,,,,,,,,,,,,
string,runs,pdqsort,0,10000,20260912,21,10,751510,749360,,,3152814,0,53248,windows-qpc-cycletime,1,,,,,,,,,,,,,,,,,,,,,,,,,,,,,,,,,,,
string,runs,mergesort,1,10000,20260912,21,10,321410,314810,,,1348536,0,188416,windows-qpc-cycletime,1,,,,,,,,,,,,,,,,,,,,,,,,,,,,,,,,,,,
string,runs,heapsort,0,10000,20260912,21,10,1461550,1454190,,,6135066,0,36864,windows-qpc-cycletime,1,,,,,,,,,,,,,,,,,,,,,,,,,,,,,,,,,,,
string,runs,brainsort,1,10000,20260912,21,10,252620,248720,,,1060752,0,303104,windows-qpc-cycletime,1,,,,,,,,,,,,,,,,,,,,,,,,,,,,,,,,,,,
string,runs,std::sort,0,10000,20260912,21,10,807730,803400,,,3389736,0,40960,windows-qpc-cycletime,1,,,,,,,,,,,,,,,,,,,,,,,,,,,,,,,,,,,
string,runs,std::stable_sort,1,10000,20260912,21,10,342140,339340,,,1436190,0,118784,windows-qpc-cycletime,1,,,,,,,,,,,,,,,,,,,,,,,,,,,,,,,,,,,
string,runs,orlp::pdqsort,0,10000,20260912,21,10,729940,720090,,,3062850,0,36864,windows-qpc-cycletime,1,,,,,,,,,,,,,,,,,,,,,,,,,,,,,,,,,,,
string,runs,orlp::pdqsort_branchless,0,10000,20260912,21,10,780170,776350,,,3274404,0,53248,windows-qpc-cycletime,1,,,,,,,,,,,,,,,,,,,,,,,,,,,,,,,,,,,
string,runs,gfx::timsort,1,10000,20260912,21,10,88280,80260,,,370692,0,155648,windows-qpc-cycletime,1,,,,,,,,,,,,,,,,,,,,,,,,,,,,,,,,,,,
string,organ_pipe,introsort,0,10000,20260912,21,10,1798020,1789490,,,7546728,0,40960,windows-qpc-cycletime,1,,,,,,,,,,,,,,,,,,,,,,,,,,,,,,,,,,,
string,organ_pipe,timsort,1,10000,20260912,21,10,86420,84660,,,362376,0,135168,windows-qpc-cycletime,1,,,,,,,,,,,,,,,,,,,,,,,,,,,,,,,,,,,
string,organ_pipe,pdqsort,0,10000,20260912,21,10,1099900,1087280,,,4616136,0,53248,windows-qpc-cycletime,1,,,,,,,,,,,,,,,,,,,,,,,,,,,,,,,,,,,
string,organ_pipe,mergesort,1,10000,20260912,21,10,380760,372780,,,1597680,0,188416,windows-qpc-cycletime,1,,,,,,,,,,,,,,,,,,,,,,,,,,,,,,,,,,,
string,organ_pipe,heapsort,0,10000,20260912,21,10,1291310,1284050,,,5417202,0,36864,windows-qpc-cycletime,1,,,,,,,,,,,,,,,,,,,,,,,,,,,,,,,,,,,
string,organ_pipe,brainsort,1,10000,20260912,21,10,92390,89900,,,387870,0,135168,windows-qpc-cycletime,1,,,,,,,,,,,,,,,,,,,,,,,,,,,,,,,,,,,
string,organ_pipe,std::sort,0,10000,20260912,21,10,1661170,1632110,,,6968934,0,40960,windows-qpc-cycletime,1,,,,,,,,,,,,,,,,,,,,,,,,,,,,,,,,,,,
string,organ_pipe,std::stable_sort,1,10000,20260912,21,10,284550,279580,,,1194270,0,118784,windows-qpc-cycletime,1,,,,,,,,,,,,,,,,,,,,,,,,,,,,,,,,,,,
string,organ_pipe,orlp::pdqsort,0,10000,20260912,21,10,1061600,1043820,,,4455234,0,36864,windows-qpc-cycletime,1,,,,,,,,,,,,,,,,,,,,,,,,,,,,,,,,,,,
string,organ_pipe,orlp::pdqsort_branchless,0,10000,20260912,21,10,1055290,1044830,,,4425498,0,53248,windows-qpc-cycletime,1,,,,,,,,,,,,,,,,,,,,,,,,,,,,,,,,,,,
string,organ_pipe,gfx::timsort,1,10000,20260912,21,10,87040,84590,,,364854,0,122880,windows-qpc-cycletime,1,,,,,,,,,,,,,,,,,,,,,,,,,,,,,,,,,,,
string,small_range,introsort,0,10000,20260912,21,10,839320,832540,,,3519726,0,36864,windows-qpc-cycletime,1,,,,,,,,,,,,,,,,,,,,,,,,,,,,,,,,,,,
string,small_range,timsort,1,10000,20260912,21,10,544290,539890,,,2283498,0,135168,windows-qpc-cycletime,1,,,,,,,,,,,,,,,,,,,,,,,,,,,,,,,,,,,
string,small_range,pdqsort,0,10000,20260912,21,10,249010,246380,,,1043784,0,57344,windows-qpc-cycletime,1,,,,,,,,,,,,,,,,,,,,,,,,,,,,,,,,,,,
string,small_range,mergesort,1,10000,20260912,21,10,683050,671030,,,2864820,0,188416,windows-qpc-cycletime,1,,,,,,,,,,,,,,,,,,,,,,,,,,,,,,,,,,,
string,small_range,heapsort,0,10000,20260912,21,10,1332150,1322690,,,5585244,0,36864,windows-qpc-cycletime,1,,,,,,,,,,,,,,,,,,,,,,,,,,,,,,,,,,,
string,small_range,brainsort,1,10000,20260912,21,10,87860,86280,,,368928,0,253952,windows-qpc-cycletime,1,,,,,,,,,,,,,,,,,,,,,,,,,,,,,,,,,,,
string,small_range,std::sort,0,10000,20260912,21,10,794330,780980,,,3334338,0,40960,windows-qpc-cycletime,1,,,,,,,,,,,,,,,,,,,,,,,,,,,,,,,,,,,
string,small_range,std::stable_sort,1,10000,20260912,21,10,708770,700760,,,2973390,0,118784,windows-qpc-cycletime,1,,,,,,,,,,,,,,,,,,,,,,,,,,,,,,,,,,,
string,small_range,orlp::pdqsort,0,10000,20260912,21,10,243020,241080,,,1019424,0,40960,windows-qpc-cycletime,1,,,,,,,,,,,,,,,,,,,,,,,,,,,,,,,,,,,
string,small_range,orlp::pdqsort_branchless,0,10000,20260912,21,10,178370,174150,,,748944,0,57344,windows-qpc-cycletime,1,,,,,,,,,,,,,,,,,,,,,,,,,,,,,,,,,,,
string,small_range,gfx::timsort,1,10000,20260912,21,10,505960,503740,,,2123310,0,159744,windows-qpc-cycletime,1,,,,,,,,,,,,,,,,,,,,,,,,,,,,,,,,,,,
string,sawtooth,introsort,0,10000,20260912,21,10,1011390,1005540,,,4244478,0,36864,windows-qpc-cycletime,1,,,,,,,,,,,,,,,,,,,,,,,,,,,,,,,,,,,
string,sawtooth,timsort,1,10000,20260912,21,10,205490,203600,,,862344,0,135168,windows-qpc-cycletime,1,,,,,,,,,,,,,,,,,,,,,,,,,,,,,,,,,,,
string,sawtooth,pdqsort,0,10000,20260912,21,10,955200,948750,,,4009026,0,57344,windows-qpc-cycletime,1,,,,,,,,,,,,,,,,,,,,,,,,,,,,,,,,,,,
string,sawtooth,mergesort,1,10000,20260912,21,10,353110,349570,,,1481550,0,188416,windows-qpc-cycletime,1,,,,,,,,,,,,,,,,,,,,,,,,,,,,,,,,,,,
string,sawtooth,heapsort,0,10000,20260912,21,10,1603210,1596690,,,6724158,0,36864,windows-qpc-cycletime,1,,,,,,,,,,,,,,,,,,,,,,,,,,,,,,,,,,,
string,sawtooth,brainsort,1,10000,20260912,21,10,189410,186790,,,795060,0,303104,windows-qpc-cycletime,1,,,,,,,,,,,,,,,,,,,,,,,,,,,,,,,,,,,
string,sawtooth,std::sort,0,10000,20260912,21,10,942320,926160,,,3954048,0,40960,windows-qpc-cycletime,1,,,,,,,,,,,,,,,,,,,,,,,,,,,,,,,,,,,
string,sawtooth,std::stable_sort,1,10000,20260912,21,10,353230,343780,,,1477854,0,118784,windows-qpc-cycletime,1,,,,,,,,,,,,,,,,,,,,,,,,,,,,,,,,,,,
string,sawtooth,orlp::pdqsort,0,10000,20260912,21,10,921280,912350,,,3865470,0,40960,windows-qpc-cycletime,1,,,,,,,,,,,,,,,,,,,,,,,,,,,,,,,,,,,
string,sawtooth,orlp::pdqsort_branchless,0,10000,20260912,21,10,926190,915530,,,3884874,0,57344,windows-qpc-cycletime,1,,,,,,,,,,,,,,,,,,,,,,,,,,,,,,,,,,,
string,sawtooth,gfx::timsort,1,10000,20260912,21,10,192490,185070,,,807198,0,155648,windows-qpc-cycletime,1,,,,,,,,,,,,,,,,,,,,,,,,,,,,,,,,,,,
string,prefixed,introsort,0,10000,20260912,21,10,1253450,1250640,,,5260164,0,40960,windows-qpc-cycletime,1,,,,,,,,,,,,,,,,,,,,,,,,,,,,,,,,,,,
string,prefixed,timsort,1,10000,20260912,21,10,1165440,1159270,,,4888338,0,212992,windows-qpc-cycletime,1,,,,,,,,,,,,,,,,,,,,,,,,,,,,,,,,,,,
string,prefixed,pdqsort,0,10000,20260912,21,10,1274510,1269820,,,5348070,0,53248,windows-qpc-cycletime,1,,,,,,,,,,,,,,,,,,,,,,,,,,,,,,,,,,,
string,prefixed,mergesort,1,10000,20260912,21,10,1025020,1019270,,,4301598,0,188416,windows-qpc-cycletime,1,,,,,,,,,,,,,,,,,,,,,,,,,,,,,,,,,,,
string,prefixed,heapsort,0,10000,20260912,21,10,1669590,1665390,,,7006692,0,40960,windows-qpc-cycletime,1,,,,,,,,,,,,,,,,,,,,,,,,,,,,,,,,,,,
string,prefixed,brainsort,1,10000,20260912,21,10,97960,96820,,,411306,0,258048,windows-qpc-cycletime,1,,,,,,,,,,,,,,,,,,,,,,,,,,,,,,,,,,,
string,prefixed,std::sort,0,10000,20260912,21,10,1160180,1155840,,,4868430,0,45056,windows-qpc-cycletime,1,,,,,,,,,,,,,,,,,,,,,,,,,,,,,,,,,,,
string,prefixed,std::stable_sort,1,10000,20260912,21,10,1002980,999800,,,4208694,0,118784,windows-qpc-cycletime,1,,,,,,,,,,,,,,,,,,,,,,,,,,,,,,,,,,,
string,prefixed,orlp::pdqsort,0,10000,20260912,21,10,1243390,1239290,,,5216904,0,40960,windows-qpc-cycletime,1,,,,,,,,,,,,,,,,,,,,,,,,,,,,,,,,,,,
string,prefixed,orlp::pdqsort_branchless,0,10000,20260912,21,10,1087340,1079050,,,4558596,0,61440,windows-qpc-cycletime,1,,,,,,,,,,,,,,,,,,,,,,,,,,,,,,,,,,,
string,prefixed,gfx::timsort,1,10000,20260912,21,10,1101180,1097510,,,4621176,0,217088,windows-qpc-cycletime,1,,,,,,,,,,,,,,,,,,,,,,,,,,,,,,,,,,,
int32,random,introsort,0,100000,20260912,21,1,3804000,3786400,,,15965460,0,32768,windows-qpc-cycletime,1,,,,,,,,,,,,,,,,,,,,,,,,,,,,,,,,,,,
int32,random,timsort,1,100000,20260912,21,1,5382100,5236700,,,22590120,0,36864,windows-qpc-cycletime,1,,,,,,,,,,,,,,,,,,,,,,,,,,,,,,,,,,,
int32,random,pdqsort,0,100000,20260912,21,1,3854200,3834900,,,16170840,0,32768,windows-qpc-cycletime,1,,,,,,,,,,,,,,,,,,,,,,,,,,,,,,,,,,,
int32,random,mergesort,1,100000,20260912,21,1,4184200,4091300,,,17561040,0,32768,windows-qpc-cycletime,1,,,,,,,,,,,,,,,,,,,,,,,,,,,,,,,,,,,
int32,random,heapsort,0,100000,20260912,21,1,5801600,5773600,,,24339420,0,24576,windows-qpc-cycletime,1,,,,,,,,,,,,,,,,,,,,,,,,,,,,,,,,,,,
int32,random,brainsort,1,100000,20260912,21,1,470000,459200,,,1972740,0,94208,windows-qpc-cycletime,1,,,,,,,,,,,,,,,,,,,,,,,,,,,,,,,,,,,
int32,random,radix11,1,100000,20260912,21,1,788300,731100,,,3310020,0,40960,windows-qpc-cycletime,1,,,,,,,,,,,,,,,,,,,,,,,,,,,,,,,,,,,
int32,random,radix16,1,100000,20260912,21,1,770200,747200,,,3231060,0,430080,windows-qpc-cycletime,1,,,,,,,,,,,,,,,,,,,,,,,,,,,,,,,,,,,
int32,random,std::sort,0,100000,20260912,21,1,3569500,3539900,,,14959560,0,24576,windows-qpc-cycletime,1,,,,,,,,,,,,,,,,,,,,,,,,,,,,,,,,,,,
int32,random,std::stable_sort,1,100000,20260912,21,1,4035000,4015800,,,16922220,0,0,windows-qpc-cycletime,1,,,,,,,,,,,,,,,,,,,,,,,,,,,,,,,,,,,
int32,random,orlp::pdqsort,0,100000,20260912,21,1,3484900,3471100,,,14627340,0,24576,windows-qpc-cycletime,1,,,,,,,,,,,,,,,,,,,,,,,,,,,,,,,,,,,
int32,random,orlp::pdqsort_branchless,0,100000,20260912,21,1,1556500,1546600,,,6531840,0,0,windows-qpc-cycletime,1,,,,,,,,,,,,,,,,,,,,,,,,,,,,,,,,,,,
int32,random,gfx::timsort,1,100000,20260912,21,1,5644200,5628700,,,23671200,0,28672,windows-qpc-cycletime,1,,,,,,,,,,,,,,,,,,,,,,,,,,,,,,,,,,,
int32,sorted,introsort,0,100000,20260912,21,1,690800,682700,,,2898420,0,32768,windows-qpc-cycletime,1,,,,,,,,,,,,,,,,,,,,,,,,,,,,,,,,,,,
int32,sorted,timsort,1,100000,20260912,21,1,23100,22100,,,96180,0,32768,windows-qpc-cycletime,1,,,,,,,,,,,,,,,,,,,,,,,,,,,,,,,,,,,
int32,sorted,pdqsort,0,100000,20260912,21,1,46800,43000,,,195720,0,28672,windows-qpc-cycletime,1,,,,,,,,,,,,,,,,,,,,,,,,,,,,,,,,,,,
int32,sorted,mergesort,1,100000,20260912,21,1,799900,715100,,,3357900,0,32768,windows-qpc-cycletime,1,,,,,,,,,,,,,,,,,,,,,,,,,,,,,,,,,,,
int32,sorted,heapsort,0,100000,20260912,21,1,2863700,2851400,,,12014100,0,24576,windows-qpc-cycletime,1,,,,,,,,,,,,,,,,,,,,,,,,,,,,,,,,,,,
int32,sorted,brainsort,1,100000,20260912,21,1,17500,17100,,,72660,0,36864,windows-qpc-cycletime,1,,,,,,,,,,,,,,,,,,,,,,,,,,,,,,,,,,,
int32,sorted,radix11,1,100000,20260912,21,1,781800,748200,,,3282720,0,40960,windows-qpc-cycletime,1,,,,,,,,,,,,,,,,,,,,,,,,,,,,,,,,,,,
int32,sorted,radix16,1,100000,20260912,21,1,711100,690000,,,2982000,0,430080,windows-qpc-cycletime,1,,,,,,,,,,,,,,,,,,,,,,,,,,,,,,,,,,,
int32,sorted,std::sort,0,100000,20260912,21,1,608400,593600,,,2554440,0,28672,windows-qpc-cycletime,1,,,,,,,,,,,,,,,,,,,,,,,,,,,,,,,,,,,
int32,sorted,std::stable_sort,1,100000,20260912,21,1,516900,505800,,,2164260,0,0,windows-qpc-cycletime,1,,,,,,,,,,,,,,,,,,,,,,,,,,,,,,,,,,,
int32,sorted,orlp::pdqsort,0,100000,20260912,21,1,46500,44700,,,194460,0,28672,windows-qpc-cycletime,1,,,,,,,,,,,,,,,,,,,,,,,,,,,,,,,,,,,
int32,sorted,orlp::pdqsort_branchless,0,100000,20260912,21,1,45500,44200,,,190680,0,0,windows-qpc-cycletime,1,,,,,,,,,,,,,,,,,,,,,,,,,,,,,,,,,,,
int32,sorted,gfx::timsort,1,100000,20260912,21,1,43500,41900,,,182280,0,24576,windows-qpc-cycletime,1,,,,,,,,,,,,,,,,,,,,,,,,,,,,,,,,,,,
int32,reverse,introsort,0,100000,20260912,21,1,533100,525800,,,2236920,0,32768,windows-qpc-cycletime,1,,,,,,,,,,,,,,,,,,,,,,,,,,,,,,,,,,,
int32,reverse,timsort,1,100000,20260912,21,1,155900,106400,,,653940,0,36864,windows-qpc-cycletime,1,,,,,,,,,,,,,,,,,,,,,,,,,,,,,,,,,,,
int32,reverse,pdqsort,0,100000,20260912,21,1,79000,73800,,,331380,0,32768,windows-qpc-cycletime,1,,,,,,,,,,,,,,,,,,,,,,,,,,,,,,,,,,,
int32,reverse,mergesort,1,100000,20260912,21,1,935000,868700,,,3921540,0,32768,windows-qpc-cycletime,1,,,,,,,,,,,,,,,,,,,,,,,,,,,,,,,,,,,
int32,reverse,heapsort,0,100000,20260912,21,1,3444300,3426300,,,14453880,0,24576,windows-qpc-cycletime,1,,,,,,,,,,,,,,,,,,,,,,,,,,,,,,,,,,,
int32,reverse,brainsort,1,100000,20260912,21,1,35000,34300,,,146580,0,45056,windows-qpc-cycletime,1,,,,,,,,,,,,,,,,,,,,,,,,,,,,,,,,,,,
int32,reverse,radix11,1,100000,20260912,21,1,784800,744100,,,3294900,0,40960,windows-qpc-cycletime,1,,,,,,,,,,,,,,,,,,,,,,,,,,,,,,,,,,,
int32,reverse,radix16,1,100000,20260912,21,1,712600,697400,,,2983260,0,430080,windows-qpc-cycletime,1,,,,,,,,,,,,,,,,,,,,,,,,,,,,,,,,,,,
int32,reverse,std::sort,0,100000,20260912,21,1,440700,433300,,,1848840,0,24576,windows-qpc-cycletime,1,,,,,,,,,,,,,,,,,,,,,,,,,,,,,,,,,,,
int32,reverse,std::stable_sort,1,100000,20260912,21,1,809500,798700,,,3396960,0,0,windows-qpc-cycletime,1,,,,,,,,,,,,,,,,,,,,,,,,,,,,,,,,,,,
int32,reverse,orlp::pdqsort,0,100000,20260912,21,1,80000,72000,,,335160,0,28672,windows-qpc-cycletime,1,,,,,,,,,,,,,,,,,,,,,,,,,,,,,,,,,,,
int32,reverse,orlp::pdqsort_branchless,0,100000,20260912,21,1,101500,96700,,,425880,0,0,windows-qpc-cycletime,1,,,,,,,,,,,,,,,,,,,,,,,,,,,,,,,,,,,
int32,reverse,gfx::timsort,1,100000,20260912,21,1,163400,159500,,,685020,0,28672,windows-qpc-cycletime,1,,,,,,,,,,,,,,,,,,,,,,,,,,,,,,,,,,,
int32,nearly_sorted,introsort,0,100000,20260912,21,1,765600,758000,,,3214260,0,32768,windows-qpc-cycletime,1,,,,,,,,,,,,,,,,,,,,,,,,,,,,,,,,,,,
int32,nearly_sorted,timsort,1,100000,20260912,21,1,784400,753900,,,3293640,0,36864,windows-qpc-cycletime,1,,,,,,,,,,,,,,,,,,,,,,,,,,,,,,,,,,,
int32,nearly_sorted,pdqsort,0,100000,20260912,21,1,391100,388200,,,1641360,0,32768,windows-qpc-cycletime,1,,,,,,,,,,,,,,,,,,,,,,,,,,,,,,,,,,,
int32,nearly_sorted,mergesort,1,100000,20260912,21,1,892600,858300,,,3740940,0,32768,windows-qpc-cycletime,1,,,,,,,,,,,,,,,,,,,,,,,,,,,,,,,,,,,
int32,nearly_sorted,heapsort,0,100000,20260912,21,1,3107700,3087300,,,13038900,0,24576,windows-qpc-cycletime,1,,,,,,,,,,,,,,,,,,,,,,,,,,,,,,,,,,,
int32,nearly_sorted,brainsort,1,100000,20260912,21,1,315200,308400,,,1323000,0,49152,windows-qpc-cycletime,1,,,,,,,,,,,,,,,,,,,,,,,,,,,,,,,,,,,
int32,nearly_sorted,radix11,1,100000,20260912,21,1,789500,723700,,,3310020,0,40960,windows-qpc-cycletime,1,,,,,,,,,,,,,,,,,,,,,,,,,,,,,,,,,,,
int32,nearly_sorted,radix16,1,100000,20260912,21,1,716100,701800,,,3000900,0,430080,windows-qpc-cycletime,1,,,,,,,,,,,,,,,,,,,,,,,,,,,,,,,,,,,
int32,nearly_sorted,std::sort,0,100000,20260912,21,1,670300,660900,,,2809380,0,28672,windows-qpc-cycletime,1,,,,,,,,,,,,,,,,,,,,,,,,,,,,,,,,,,,
int32,nearly_sorted,std::stable_sort,1,100000,20260912,21,1,725400,711700,,,3046260,0,0,windows-qpc-cycletime,1,,,,,,,,,,,,,,,,,,,,,,,,,,,,,,,,,,,
int32,nearly_sorted,orlp::pdqsort,0,100000,20260912,21,1,372100,365800,,,1562400,0,28672,windows-qpc-cycletime,1,,,,,,,,,,,,,,,,,,,,,,,,,,,,,,,,,,,
int32,nearly_sorted,orlp::pdqsort_branchless,0,100000,20260912,21,1,470000,464600,,,1973580,0,0,windows-qpc-cycletime,1,,,,,,,,,,,,,,,,,,,,,,,,,,,,,,,,,,,
int32,nearly_sorted,gfx::timsort,1,100000,20260912,21,1,651900,642700,,,2736300,0,36864,windows-qpc-cycletime,1,,,,,,,,,,,,,,,,,,,,,,,,,,,,,,,,,,,
int32,few_unique,introsort,0,100000,20260912,21,1,2061100,2050500,,,8652420,0,32768,windows-qpc-cycletime,1,,,,,,,,,,,,,,,,,,,,,,,,,,,,,,,,,,,
int32,few_unique,timsort,1,100000,20260912,21,1,3838800,3706700,,,16101960,0,36864,windows-qpc-cycletime,1,,,,,,,,,,,,,,,,,,,,,,,,,,,,,,,,,,,
int32,few_unique,pdqsort,0,100000,20260912,21,1,1589400,1573300,,,6672960,0,32768,windows-qpc-cycletime,1,,,,,,,,,,,,,,,,,,,,,,,,,,,,,,,,,,,
int32,few_unique,mergesort,1,100000,20260912,21,1,2754000,2657200,,,11555040,0,32768,windows-qpc-cycletime,1,,,,,,,,,,,,,,,,,,,,,,,,,,,,,,,,,,,
int32,few_unique,heapsort,0,100000,20260912,21,1,5002700,4979700,,,20991600,0,24576,windows-qpc-cycletime,1,,,,,,,,,,,,,,,,,,,,,,,,,,,,,,,,,,,
int32,few_unique,brainsort,1,100000,20260912,21,1,306100,296200,,,1276380,0,86016,windows-qpc-cycletime,1,,,,,,,,,,,,,,,,,,,,,,,,,,,,,,,,,,,
int32,few_unique,radix11,1,100000,20260912,21,1,661100,610600,,,2775780,0,40960,windows-qpc-cycletime,1,,,,,,,,,,,,,,,,,,,,,,,,,,,,,,,,,,,
int32,few_unique,radix16,1,100000,20260912,21,1,676100,666200,,,2838780,0,430080,windows-qpc-cycletime,1,,,,,,,,,,,,,,,,,,,,,,,,,,,,,,,,,,,
int32,few_unique,std::sort,0,100000,20260912,21,1,1887500,1882800,,,7922460,0,24576,windows-qpc-cycletime,1,,,,,,,,,,,,,,,,,,,,,,,,,,,,,,,,,,,
int32,few_unique,std::stable_sort,1,100000,20260912,21,1,2584100,2567200,,,10846500,0,0,windows-qpc-cycletime,1,,,,,,,,,,,,,,,,,,,,,,,,,,,,,,,,,,,
int32,few_unique,orlp::pdqsort,0,100000,20260912,21,1,1446400,1438500,,,6069840,0,24576,windows-qpc-cycletime,1,,,,,,,,,,,,,,,,,,,,,,,,,,,,,,,,,,,
int32,few_unique,orlp::pdqsort_branchless,0,100000,20260912,21,1,430500,423500,,,1807680,0,0,windows-qpc-cycletime,1,,,,,,,,,,,,,,,,,,,,,,,,,,,,,,,,,,,
int32,few_unique,gfx::timsort,1,100000,20260912,21,1,4257000,4240400,,,17863020,0,28672,windows-qpc-cycletime,1,,,,,,,,,,,,,,,,,,,,,,,,,,,,,,,,,,,
int32,all_equal,introsort,0,100000,20260912,21,1,595200,571100,,,2493960,0,32768,windows-qpc-cycletime,1,,,,,,,,,,,,,,,,,,,,,,,,,,,,,,,,,,,
int32,all_equal,timsort,1,100000,20260912,21,1,22000,21600,,,91560,0,32768,windows-qpc-cycletime,1,,,,,,,,,,,,,,,,,,,,,,,,,,,,,,,,,,,
int32,all_equal,pdqsort,0,100000,20260912,21,1,43900,42200,,,183960,0,32768,windows-qpc-cycletime,1,,,,,,,,,,,,,,,,,,,,,,,,,,,,,,,,,,,
int32,all_equal,mergesort,1,100000,20260912,21,1,794500,701800,,,3335640,0,32768,windows-qpc-cycletime,1,,,,,,,,,,,,,,,,,,,,,,,,,,,,,,,,,,,
int32,all_equal,heapsort,0,100000,20260912,21,1,1217600,1189700,,,5111820,0,24576,windows-qpc-cycletime,1,,,,,,,,,,,,,,,,,,,,,,,,,,,,,,,,,,,
int32,all_equal,brainsort,1,100000,20260912,21,1,18100,16900,,,75600,0,36864,windows-qpc-cycletime,1,,,,,,,,,,,,,,,,,,,,,,,,,,,,,,,,,,,
int32,all_equal,radix11,1,100000,20260912,21,1,189900,179900,,,796740,0,40960,windows-qpc-cycletime,1,,,,,,,,,,,,,,,,,,,,,,,,,,,,,,,,,,,
int32,all_equal,radix16,1,100000,20260912,21,1,202100,196500,,,842100,0,425984,windows-qpc-cycletime,1,,,,,,,,,,,,,,,,,,,,,,,,,,,,,,,,,,,
int32,all_equal,std::sort,0,100000,20260912,21,1,553200,529600,,,2321340,0,24576,windows-qpc-cycletime,1,,,,,,,,,,,,,,,,,,,,,,,,,,,,,,,,,,,
int32,all_equal,std::stable_sort,1,100000,20260912,21,1,517100,508600,,,2163000,0,0,windows-qpc-cycletime,1,,,,,,,,,,,,,,,,,,,,,,,,,,,,,,,,,,,
int32,all_equal,orlp::pdqsort,0,100000,20260912,21,1,43900,41700,,,183960,0,24576,windows-qpc-cycletime,1,,,,,,,,,,,,,,,,,,,,,,,,,,,,,,,,,,,
int32,all_equal,orlp::pdqsort_branchless,0,100000,20260912,21,1,43300,42400,,,181440,0,0,windows-qpc-cycletime,1,,,,,,,,,,,,,,,,,,,,,,,,,,,,,,,,,,,
int32,all_equal,gfx::timsort,1,100000,20260912,21,1,44200,41600,,,184800,0,24576,windows-qpc-cycletime,1,,,,,,,,,,,,,,,,,,,,,,,,,,,,,,,,,,,
int32,runs,introsort,0,100000,20260912,21,1,1724700,1708400,,,7238280,0,32768,windows-qpc-cycletime,1,,,,,,,,,,,,,,,,,,,,,,,,,,,,,,,,,,,
int32,runs,timsort,1,100000,20260912,21,1,757700,695800,,,3175620,0,36864,windows-qpc-cycletime,1,,,,,,,,,,,,,,,,,,,,,,,,,,,,,,,,,,,
int32,runs,pdqsort,0,100000,20260912,21,1,1507500,1500700,,,6324780,0,32768,windows-qpc-cycletime,1,,,,,,,,,,,,,,,,,,,,,,,,,,,,,,,,,,,
int32,runs,mergesort,1,100000,20260912,21,1,1130100,1064000,,,4739280,0,32768,windows-qpc-cycletime,1,,,,,,,,,,,,,,,,,,,,,,,,,,,,,,,,,,,
int32,runs,heapsort,0,100000,20260912,21,1,4256200,4232800,,,17865540,0,24576,windows-qpc-cycletime,1,,,,,,,,,,,,,,,,,,,,,,,,,,,,,,,,,,,
int32,runs,brainsort,1,100000,20260912,21,1,510300,482900,,,2142000,0,98304,windows-qpc-cycletime,1,,,,,,,,,,,,,,,,,,,,,,,,,,,,,,,,,,,
int32,runs,radix11,1,100000,20260912,21,1,716400,625400,,,3008040,0,40960,windows-qpc-cycletime,1,,,,,,,,,,,,,,,,,,,,,,,,,,,,,,,,,,,
int32,runs,radix16,1,100000,20260912,21,1,554500,547000,,,2327640,0,430080,windows-qpc-cycletime,1,,,,,,,,,,,,,,,,,,,,,,,,,,,,,,,,,,,
int32,runs,std::sort,0,100000,20260912,21,1,1500300,1494400,,,6289920,0,28672,windows-qpc-cycletime,1,,,,,,,,,,,,,,,,,,,,,,,,,,,,,,,,,,,
int32,runs,std::stable_sort,1,100000,20260912,21,1,911500,904100,,,3821160,0,0,windows-qpc-cycletime,1,,,,,,,,,,,,,,,,,,,,,,,,,,,,,,,,,,,
int32,runs,orlp::pdqsort,0,100000,20260912,21,1,1325800,1320800,,,5563740,0,28672,windows-qpc-cycletime,1,,,,,,,,,,,,,,,,,,,,,,,,,,,,,,,,,,,
int32,runs,orlp::pdqsort_branchless,0,100000,20260912,21,1,1548600,1538100,,,6503700,0,0,windows-qpc-cycletime,1,,,,,,,,,,,,,,,,,,,,,,,,,,,,,,,,,,,
int32,runs,gfx::timsort,1,100000,20260912,21,1,664500,652100,,,2786280,0,32768,windows-qpc-cycletime,1,,,,,,,,,,,,,,,,,,,,,,,,,,,,,,,,,,,
int32,organ_pipe,introsort,0,100000,20260912,21,1,4290800,4258300,,,18007080,0,32768,windows-qpc-cycletime,1,,,,,,,,,,,,,,,,,,,,,,,,,,,,,,,,,,,
int32,organ_pipe,timsort,1,100000,20260912,21,1,178800,125700,,,749700,0,36864,windows-qpc-cycletime,1,,,,,,,,,,,,,,,,,,,,,,,,,,,,,,,,,,,
int32,organ_pipe,pdqsort,0,100000,20260912,21,1,1486300,1477300,,,6232800,0,32768,windows-qpc-cycletime,1,,,,,,,,,,,,,,,,,,,,,,,,,,,,,,,,,,,
int32,organ_pipe,mergesort,1,100000,20260912,21,1,870600,788000,,,3650640,0,32768,windows-qpc-cycletime,1,,,,,,,,,,,,,,,,,,,,,,,,,,,,,,,,,,,
int32,organ_pipe,heapsort,0,100000,20260912,21,1,3353000,3331800,,,14076720,0,24576,windows-qpc-cycletime,1,,,,,,,,,,,,,,,,,,,,,,,,,,,,,,,,,,,
int32,organ_pipe,brainsort,1,100000,20260912,21,1,113100,106700,,,474180,0,53248,windows-qpc-cycletime,1,,,,,,,,,,,,,,,,,,,,,,,,,,,,,,,,,,,
int32,organ_pipe,radix11,1,100000,20260912,21,1,619100,607200,,,2599800,0,40960,windows-qpc-cycletime,1,,,,,,,,,,,,,,,,,,,,,,,,,,,,,,,,,,,
int32,organ_pipe,radix16,1,100000,20260912,21,1,392500,381600,,,1645980,0,430080,windows-qpc-cycletime,1,,,,,,,,,,,,,,,,,,,,,,,,,,,,,,,,,,,
int32,organ_pipe,std::sort,0,100000,20260912,21,1,2823300,2777000,,,11848200,0,24576,windows-qpc-cycletime,1,,,,,,,,,,,,,,,,,,,,,,,,,,,,,,,,,,,
int32,organ_pipe,std::stable_sort,1,100000,20260912,21,1,674000,657300,,,2825340,0,0,windows-qpc-cycletime,1,,,,,,,,,,,,,,,,,,,,,,,,,,,,,,,,,,,
int32,organ_pipe,orlp::pdqsort,0,100000,20260912,21,1,1304000,1295500,,,5475540,0,28672,windows-qpc-cycletime,1,,,,,,,,,,,,,,,,,,,,,,,,,,,,,,,,,,,
int32,organ_pipe,orlp::pdqsort_branchless,0,100000,20260912,21,1,1615500,1600200,,,6780060,0,0,windows-qpc-cycletime,1,,,,,,,,,,,,,,,,,,,,,,,,,,,,,,,,,,,
int32,organ_pipe,gfx::timsort,1,100000,20260912,21,1,161500,155800,,,672000,0,24576,windows-qpc-cycletime,1,,,,,,,,,,,,,,,,,,,,,,,,,,,,,,,,,,,
int32,small_range,introsort,0,100000,20260912,21,1,1127400,1119200,,,4727940,0,32768,windows-qpc-cycletime,1,,,,,,,,,,,,,,,,,,,,,,,,,,,,,,,,,,,
int32,small_range,timsort,1,100000,20260912,21,1,2224100,2142300,,,9334500,0,36864,windows-qpc-cycletime,1,,,,,,,,,,,,,,,,,,,,,,,,,,,,,,,,,,,
int32,small_range,pdqsort,0,100000,20260912,21,1,527100,522000,,,2213400,0,32768,windows-qpc-cycletime,1,,,,,,,,,,,,,,,,,,,,,,,,,,,,,,,,,,,
int32,small_range,mergesort,1,100000,20260912,21,1,1602200,1567600,,,6720840,0,32768,windows-qpc-cycletime,1,,,,,,,,,,,,,,,,,,,,,,,,,,,,,,,,,,,
int32,small_range,heapsort,0,100000,20260912,21,1,2753600,2734600,,,11557140,0,24576,windows-qpc-cycletime,1,,,,,,,,,,,,,,,,,,,,,,,,,,,,,,,,,,,
int32,small_range,brainsort,1,100000,20260912,21,1,110900,105000,,,462420,0,73728,windows-qpc-cycletime,1,,,,,,,,,,,,,,,,,,,,,,,,,,,,,,,,,,,
int32,small_range,radix11,1,100000,20260912,21,1,435000,425100,,,1825740,0,40960,windows-qpc-cycletime,1,,,,,,,,,,,,,,,,,,,,,,,,,,,,,,,,,,,
int32,small_range,radix16,1,100000,20260912,21,1,499200,490500,,,2095380,0,430080,windows-qpc-cycletime,1,,,,,,,,,,,,,,,,,,,,,,,,,,,,,,,,,,,
int32,small_range,std::sort,0,100000,20260912,21,1,1032200,1014600,,,4328940,0,24576,windows-qpc-cycletime,1,,,,,,,,,,,,,,,,,,,,,,,,,,,,,,,,,,,
int32,small_range,std::stable_sort,1,100000,20260912,21,1,1425800,1412500,,,5981220,0,0,windows-qpc-cycletime,1,,,,,,,,,,,,,,,,,,,,,,,,,,,,,,,,,,,
int32,small_range,orlp::pdqsort,0,100000,20260912,21,1,487000,482900,,,2044140,0,24576,windows-qpc-cycletime,1,,,,,,,,,,,,,,,,,,,,,,,,,,,,,,,,,,,
int32,small_range,orlp::pdqsort_branchless,0,100000,20260912,21,1,130300,125600,,,546840,0,0,windows-qpc-cycletime,1,,,,,,,,,,,,,,,,,,,,,,,,,,,,,,,,,,,
int32,small_range,gfx::timsort,1,100000,20260912,21,1,2495500,2482100,,,10457580,0,28672,windows-qpc-cycletime,1,,,,,,,,,,,,,,,,,,,,,,,,,,,,,,,,,,,
int32,sawtooth,introsort,0,100000,20260912,21,1,1757600,1749300,,,7365960,0,32768,windows-qpc-cycletime,1,,,,,,,,,,,,,,,,,,,,,,,,,,,,,,,,,,,
int32,sawtooth,timsort,1,100000,20260912,21,1,659300,568000,,,2768220,0,36864,windows-qpc-cycletime,1,,,,,,,,,,,,,,,,,,,,,,,,,,,,,,,,,,,
int32,sawtooth,pdqsort,0,100000,20260912,21,1,1127500,1117700,,,4732980,0,32768,windows-qpc-cycletime,1,,,,,,,,,,,,,,,,,,,,,,,,,,,,,,,,,,,
int32,sawtooth,mergesort,1,100000,20260912,21,1,864400,779600,,,3624600,0,32768,windows-qpc-cycletime,1,,,,,,,,,,,,,,,,,,,,,,,,,,,,,,,,,,,
int32,sawtooth,heapsort,0,100000,20260912,21,1,5079700,5026800,,,21318360,0,24576,windows-qpc-cycletime,1,,,,,,,,,,,,,,,,,,,,,,,,,,,,,,,,,,,
int32,sawtooth,brainsort,1,100000,20260912,21,1,284600,276700,,,1194900,0,94208,windows-qpc-cycletime,1,,,,,,,,,,,,,,,,,,,,,,,,,,,,,,,,,,,
int32,sawtooth,radix11,1,100000,20260912,21,1,391600,384500,,,1643460,0,40960,windows-qpc-cycletime,1,,,,,,,,,,,,,,,,,,,,,,,,,,,,,,,,,,,
int32,sawtooth,radix16,1,100000,20260912,21,1,411500,398100,,,1716960,0,430080,windows-qpc-cycletime,1,,,,,,,,,,,,,,,,,,,,,,,,,,,,,,,,,,,
int32,sawtooth,std::sort,0,100000,20260912,21,1,1554500,1543000,,,6523020,0,24576,windows-qpc-cycletime,1,,,,,,,,,,,,,,,,,,,,,,,,,,,,,,,,,,,
int32,sawtooth,std::stable_sort,1,100000,20260912,21,1,644600,635500,,,2706900,0,0,windows-qpc-cycletime,1,,,,,,,,,,,,,,,,,,,,,,,,,,,,,,,,,,,
int32,sawtooth,orlp::pdqsort,0,100000,20260912,21,1,1037100,1028800,,,4351620,0,24576,windows-qpc-cycletime,1,,,,,,,,,,,,,,,,,,,,,,,,,,,,,,,,,,,
int32,sawtooth,orlp::pdqsort_branchless,0,100000,20260912,21,1,727100,717700,,,3045840,0,0,windows-qpc-cycletime,1,,,,,,,,,,,,,,,,,,,,,,,,,,,,,,,,,,,
int32,sawtooth,gfx::timsort,1,100000,20260912,21,1,535700,523200,,,2239440,0,32768,windows-qpc-cycletime,1,,,,,,,,,,,,,,,,,,,,,,,,,,,,,,,,,,,
int32,prefixed,introsort,0,100000,20260912,21,1,3783200,3759800,,,15878940,0,32768,windows-qpc-cycletime,1,,,,,,,,,,,,,,,,,,,,,,,,,,,,,,,,,,,
int32,prefixed,timsort,1,100000,20260912,21,1,5377100,5248400,,,22564080,0,36864,windows-qpc-cycletime,1,,,,,,,,,,,,,,,,,,,,,,,,,,,,,,,,,,,
int32,prefixed,pdqsort,0,100000,20260912,21,1,3829200,3813200,,,16073820,0,32768,windows-qpc-cycletime,1,,,,,,,,,,,,,,,,,,,,,,,,,,,,,,,,,,,
int32,prefixed,mergesort,1,100000,20260912,21,1,4179300,4063300,,,17529120,0,32768,windows-qpc-cycletime,1,,,,,,,,,,,,,,,,,,,,,,,,,,,,,,,,,,,
int32,prefixed,heapsort,0,100000,20260912,21,1,5786600,5765000,,,24288180,0,24576,windows-qpc-cycletime,1,,,,,,,,,,,,,,,,,,,,,,,,,,,,,,,,,,,
int32,prefixed,brainsort,1,100000,20260912,21,1,464800,440000,,,1950480,0,90112,windows-qpc-cycletime,1,,,,,,,,,,,,,,,,,,,,,,,,,,,,,,,,,,,
int32,prefixed,radix11,1,100000,20260912,21,1,630000,581100,,,2637600,0,40960,windows-qpc-cycletime,1,,,,,,,,,,,,,,,,,,,,,,,,,,,,,,,,,,,
int32,prefixed,radix16,1,100000,20260912,21,1,671000,659200,,,2804340,0,430080,windows-qpc-cycletime,1,,,,,,,,,,,,,,,,,,,,,,,,,,,,,,,,,,,
int32,prefixed,std::sort,0,100000,20260912,21,1,3569600,3535300,,,14978040,0,24576,windows-qpc-cycletime,1,,,,,,,,,,,,,,,,,,,,,,,,,,,,,,,,,,,
int32,prefixed,std::stable_sort,1,100000,20260912,21,1,4037000,4018500,,,16935240,0,0,windows-qpc-cycletime,1,,,,,,,,,,,,,,,,,,,,,,,,,,,,,,,,,,,
int32,prefixed,orlp::pdqsort,0,100000,20260912,21,1,3475400,3464800,,,14592900,0,24576,windows-qpc-cycletime,1,,,,,,,,,,,,,,,,,,,,,,,,,,,,,,,,,,,
int32,prefixed,orlp::pdqsort_branchless,0,100000,20260912,21,1,1564700,1547500,,,6564600,0,0,windows-qpc-cycletime,1,,,,,,,,,,,,,,,,,,,,,,,,,,,,,,,,,,,
int32,prefixed,gfx::timsort,1,100000,20260912,21,1,5624900,5586500,,,23582580,0,28672,windows-qpc-cycletime,1,,,,,,,,,,,,,,,,,,,,,,,,,,,,,,,,,,,
int32,sparse_bits,introsort,0,100000,20260912,21,1,2437400,2424200,,,10224060,0,32768,windows-qpc-cycletime,1,,,,,,,,,,,,,,,,,,,,,,,,,,,,,,,,,,,
int32,sparse_bits,timsort,1,100000,20260912,21,1,4153100,4013000,,,17424960,0,36864,windows-qpc-cycletime,1,,,,,,,,,,,,,,,,,,,,,,,,,,,,,,,,,,,
int32,sparse_bits,pdqsort,0,100000,20260912,21,1,1930800,1920600,,,8106840,0,32768,windows-qpc-cycletime,1,,,,,,,,,,,,,,,,,,,,,,,,,,,,,,,,,,,
int32,sparse_bits,mergesort,1,100000,20260912,21,1,3045400,2972500,,,12786480,0,32768,windows-qpc-cycletime,1,,,,,,,,,,,,,,,,,,,,,,,,,,,,,,,,,,,
int32,sparse_bits,heapsort,0,100000,20260912,21,1,5403400,5368300,,,22657740,0,24576,windows-qpc-cycletime,1,,,,,,,,,,,,,,,,,,,,,,,,,,,,,,,,,,,
int32,sparse_bits,brainsort,1,100000,20260912,21,1,387100,372300,,,1624980,0,90112,windows-qpc-cycletime,1,,,,,,,,,,,,,,,,,,,,,,,,,,,,,,,,,,,
int32,sparse_bits,radix11,1,100000,20260912,21,1,515700,507800,,,2164680,0,40960,windows-qpc-cycletime,1,,,,,,,,,,,,,,,,,,,,,,,,,,,,,,,,,,,
int32,sparse_bits,radix16,1,100000,20260912,21,1,1255000,1235500,,,5269320,0,430080,windows-qpc-cycletime,1,,,,,,,,,,,,,,,,,,,,,,,,,,,,,,,,,,,
int32,sparse_bits,std::sort,0,100000,20260912,21,1,2254800,2242800,,,9465120,0,24576,windows-qpc-cycletime,1,,,,,,,,,,,,,,,,,,,,,,,,,,,,,,,,,,,
int32,sparse_bits,std::stable_sort,1,100000,20260912,21,1,2872100,2848800,,,12050640,0,0,windows-qpc-cycletime,1,,,,,,,,,,,,,,,,,,,,,,,,,,,,,,,,,,,
int32,sparse_bits,orlp::pdqsort,0,100000,20260912,21,1,1777500,1766400,,,7460460,0,24576,windows-qpc-cycletime,1,,,,,,,,,,,,,,,,,,,,,,,,,,,,,,,,,,,
int32,sparse_bits,orlp::pdqsort_branchless,0,100000,20260912,21,1,520200,511500,,,2183580,0,0,windows-qpc-cycletime,1,,,,,,,,,,,,,,,,,,,,,,,,,,,,,,,,,,,
int32,sparse_bits,gfx::timsort,1,100000,20260912,21,1,4524000,4506500,,,18985260,0,28672,windows-qpc-cycletime,1,,,,,,,,,,,,,,,,,,,,,,,,,,,,,,,,,,,
double,random,introsort,0,100000,20260912,21,1,5311800,5289800,,,22283100,0,0,windows-qpc-cycletime,1,,,,,,,,,,,,,,,,,,,,,,,,,,,,,,,,,,,
double,random,timsort,1,100000,20260912,21,1,6968600,6937000,,,29232420,0,0,windows-qpc-cycletime,1,,,,,,,,,,,,,,,,,,,,,,,,,,,,,,,,,,,
double,random,pdqsort,0,100000,20260912,21,1,5574800,5536800,,,23386020,0,0,windows-qpc-cycletime,1,,,,,,,,,,,,,,,,,,,,,,,,,,,,,,,,,,,
double,random,mergesort,1,100000,20260912,21,1,6185400,6150900,,,25958940,0,45056,windows-qpc-cycletime,1,,,,,,,,,,,,,,,,,,,,,,,,,,,,,,,,,,,
double,random,heapsort,0,100000,20260912,21,1,8940300,8890200,,,37511040,0,0,windows-qpc-cycletime,1,,,,,,,,,,,,,,,,,,,,,,,,,,,,,,,,,,,
double,random,brainsort,1,100000,20260912,21,1,1148700,1104100,,,4816560,0,0,windows-qpc-cycletime,1,,,,,,,,,,,,,,,,,,,,,,,,,,,,,,,,,,,
double,random,radix11,1,100000,20260912,21,1,1486700,1440000,,,6224400,0,49152,windows-qpc-cycletime,1,,,,,,,,,,,,,,,,,,,,,,,,,,,,,,,,,,,
double,random,radix16,1,100000,20260912,21,1,1637200,1604000,,,6868260,0,1105920,windows-qpc-cycletime,1,,,,,,,,,,,,,,,,,,,,,,,,,,,,,,,,,,,
double,random,std::sort,0,100000,20260912,21,1,5235000,5209700,,,21964740,0,0,windows-qpc-cycletime,1,,,,,,,,,,,,,,,,,,,,,,,,,,,,,,,,,,,
double,random,std::stable_sort,1,100000,20260912,21,1,5896200,5855000,,,24746400,0,0,windows-qpc-cycletime,1,,,,,,,,,,,,,,,,,,,,,,,,,,,,,,,,,,,
double,random,orlp::pdqsort,0,100000,20260912,21,1,5087600,5076300,,,21339360,0,0,windows-qpc-cycletime,1,,,,,,,,,,,,,,,,,,,,,,,,,,,,,,,,,,,
double,random,orlp::pdqsort_branchless,0,100000,20260912,21,1,2027900,2004900,,,8510040,0,0,windows-qpc-cycletime,1,,,,,,,,,,,,,,,,,,,,,,,,,,,,,,,,,,,
double,random,gfx::timsort,1,100000,20260912,21,1,7093300,7065500,,,29763720,0,0,windows-qpc-cycletime,1,,,,,,,,,,,,,,,,,,,,,,,,,,,,,,,,,,,
double,sorted,introsort,0,100000,20260912,21,1,870800,861600,,,3654000,0,0,windows-qpc-cycletime,1,,,,,,,,,,,,,,,,,,,,,,,,,,,,,,,,,,,
double,sorted,timsort,1,100000,20260912,21,1,34700,32700,,,145320,0,0,windows-qpc-cycletime,1,,,,,,,,,,,,,,,,,,,,,,,,,,,,,,,,,,,
double,sorted,pdqsort,0,100000,20260912,21,1,62900,61300,,,262920,0,0,windows-qpc-cycletime,1,,,,,,,,,,,,,,,,,,,,,,,,,,,,,,,,,,,
double,sorted,mergesort,1,100000,20260912,21,1,867700,839300,,,3643920,0,45056,windows-qpc-cycletime,1,,,,,,,,,,,,,,,,,,,,,,,,,,,,,,,,,,,
double,sorted,heapsort,0,100000,20260912,21,1,4096400,4076800,,,17184300,0,0,windows-qpc-cycletime,1,,,,,,,,,,,,,,,,,,,,,,,,,,,,,,,,,,,
double,sorted,brainsort,1,100000,20260912,21,1,31900,31100,,,133560,0,0,windows-qpc-cycletime,1,,,,,,,,,,,,,,,,,,,,,,,,,,,,,,,,,,,
double,sorted,radix11,1,100000,20260912,21,1,1493800,1413600,,,6268080,0,49152,windows-qpc-cycletime,1,,,,,,,,,,,,,,,,,,,,,,,,,,,,,,,,,,,
double,sorted,radix16,1,100000,20260912,21,1,1640900,1603400,,,6888840,0,1105920,windows-qpc-cycletime,1,,,,,,,,,,,,,,,,,,,,,,,,,,,,,,,,,,,
double,sorted,std::sort,0,100000,20260912,21,1,628200,617900,,,2637600,0,0,windows-qpc-cycletime,1,,,,,,,,,,,,,,,,,,,,,,,,,,,,,,,,,,,
double,sorted,std::stable_sort,1,100000,20260912,21,1,763500,717700,,,3200820,0,0,windows-qpc-cycletime,1,,,,,,,,,,,,,,,,,,,,,,,,,,,,,,,,,,,
double,sorted,orlp::pdqsort,0,100000,20260912,21,1,53500,52700,,,224280,0,0,windows-qpc-cycletime,1,,,,,,,,,,,,,,,,,,,,,,,,,,,,,,,,,,,
double,sorted,orlp::pdqsort_branchless,0,100000,20260912,21,1,55100,53300,,,230580,0,0,windows-qpc-cycletime,1,,,,,,,,,,,,,,,,,,,,,,,,,,,,,,,,,,,
double,sorted,gfx::timsort,1,100000,20260912,21,1,44900,43100,,,187740,0,0,windows-qpc-cycletime,1,,,,,,,,,,,,,,,,,,,,,,,,,,,,,,,,,,,
double,reverse,introsort,0,100000,20260912,21,1,681100,673900,,,2858520,0,0,windows-qpc-cycletime,1,,,,,,,,,,,,,,,,,,,,,,,,,,,,,,,,,,,
double,reverse,timsort,1,100000,20260912,21,1,72800,69500,,,304500,0,0,windows-qpc-cycletime,1,,,,,,,,,,,,,,,,,,,,,,,,,,,,,,,,,,,
double,reverse,pdqsort,0,100000,20260912,21,1,116800,113000,,,489720,0,0,windows-qpc-cycletime,1,,,,,,,,,,,,,,,,,,,,,,,,,,,,,,,,,,,
double,reverse,mergesort,1,100000,20260912,21,1,1097000,1079200,,,4601100,0,45056,windows-qpc-cycletime,1,,,,,,,,,,,,,,,,,,,,,,,,,,,,,,,,,,,
double,reverse,heapsort,0,100000,20260912,21,1,4765300,4738900,,,20000820,0,0,windows-qpc-cycletime,1,,,,,,,,,,,,,,,,,,,,,,,,,,,,,,,,,,,
double,reverse,brainsort,1,100000,20260912,21,1,50800,48700,,,212520,0,0,windows-qpc-cycletime,1,,,,,,,,,,,,,,,,,,,,,,,,,,,,,,,,,,,
double,reverse,radix11,1,100000,20260912,21,1,1454600,1415300,,,6097140,0,49152,windows-qpc-cycletime,1,,,,,,,,,,,,,,,,,,,,,,,,,,,,,,,,,,,
double,reverse,radix16,1,100000,20260912,21,1,1645200,1615900,,,6894300,0,1105920,windows-qpc-cycletime,1,,,,,,,,,,,,,,,,,,,,,,,,,,,,,,,,,,,
double,reverse,std::sort,0,100000,20260912,21,1,551000,544400,,,2308740,0,0,windows-qpc-cycletime,1,,,,,,,,,,,,,,,,,,,,,,,,,,,,,,,,,,,
double,reverse,std::stable_sort,1,100000,20260912,21,1,1136100,1042300,,,4770780,0,0,windows-qpc-cycletime,1,,,,,,,,,,,,,,,,,,,,,,,,,,,,,,,,,,,
double,reverse,orlp::pdqsort,0,100000,20260912,21,1,86300,83500,,,361620,0,0,windows-qpc-cycletime,1,,,,,,,,,,,,,,,,,,,,,,,,,,,,,,,,,,,
double,reverse,orlp::pdqsort_branchless,0,100000,20260912,21,1,117800,115100,,,493920,0,0,windows-qpc-cycletime,1,,,,,,,,,,,,,,,,,,,,,,,,,,,,,,,,,,,
double,reverse,gfx::timsort,1,100000,20260912,21,1,54700,53200,,,228900,0,0,windows-qpc-cycletime,1,,,,,,,,,,,,,,,,,,,,,,,,,,,,,,,,,,,
double,nearly_sorted,introsort,0,100000,20260912,21,1,1006700,999200,,,4223100,0,0,windows-qpc-cycletime,1,,,,,,,,,,,,,,,,,,,,,,,,,,,,,,,,,,,
double,nearly_sorted,timsort,1,100000,20260912,21,1,825000,808600,,,3452820,0,0,windows-qpc-cycletime,1,,,,,,,,,,,,,,,,,,,,,,,,,,,,,,,,,,,
double,nearly_sorted,pdqsort,0,100000,20260912,21,1,576900,568200,,,2421720,0,0,windows-qpc-cycletime,1,,,,,,,,,,,,,,,,,,,,,,,,,,,,,,,,,,,
double,nearly_sorted,mergesort,1,100000,20260912,21,1,1054700,1021000,,,4377660,0,45056,windows-qpc-cycletime,1,,,,,,,,,,,,,,,,,,,,,,,,,,,,,,,,,,,
double,nearly_sorted,heapsort,0,100000,20260912,21,1,4415300,4399100,,,18527880,0,0,windows-qpc-cycletime,1,,,,,,,,,,,,,,,,,,,,,,,,,,,,,,,,,,,
double,nearly_sorted,brainsort,1,100000,20260912,21,1,329400,323500,,,1383060,0,0,windows-qpc-cycletime,1,,,,,,,,,,,,,,,,,,,,,,,,,,,,,,,,,,,
double,nearly_sorted,radix11,1,100000,20260912,21,1,1489000,1404900,,,6253380,0,49152,windows-qpc-cycletime,1,,,,,,,,,,,,,,,,,,,,,,,,,,,,,,,,,,,
double,nearly_sorted,radix16,1,100000,20260912,21,1,1629700,1606900,,,6838860,0,1105920,windows-qpc-cycletime,1,,,,,,,,,,,,,,,,,,,,,,,,,,,,,,,,,,,
double,nearly_sorted,std::sort,0,100000,20260912,21,1,730500,724600,,,3066840,0,0,windows-qpc-cycletime,1,,,,,,,,,,,,,,,,,,,,,,,,,,,,,,,,,,,
double,nearly_sorted,std::stable_sort,1,100000,20260912,21,1,894200,872800,,,3750180,0,0,windows-qpc-cycletime,1,,,,,,,,,,,,,,,,,,,,,,,,,,,,,,,,,,,
double,nearly_sorted,orlp::pdqsort,0,100000,20260912,21,1,414600,408500,,,1741320,0,0,windows-qpc-cycletime,1,,,,,,,,,,,,,,,,,,,,,,,,,,,,,,,,,,,
double,nearly_sorted,orlp::pdqsort_branchless,0,100000,20260912,21,1,540600,532600,,,2266740,0,0,windows-qpc-cycletime,1,,,,,,,,,,,,,,,,,,,,,,,,,,,,,,,,,,,
double,nearly_sorted,gfx::timsort,1,100000,20260912,21,1,957400,946400,,,4013940,0,0,windows-qpc-cycletime,1,,,,,,,,,,,,,,,,,,,,,,,,,,,,,,,,,,,
double,few_unique,introsort,0,100000,20260912,21,1,2709700,2701200,,,11368140,0,0,windows-qpc-cycletime,1,,,,,,,,,,,,,,,,,,,,,,,,,,,,,,,,,,,
double,few_unique,timsort,1,100000,20260912,21,1,4657300,4630600,,,19522440,0,0,windows-qpc-cycletime,1,,,,,,,,,,,,,,,,,,,,,,,,,,,,,,,,,,,
double,few_unique,pdqsort,0,100000,20260912,21,1,2309200,2284600,,,9691080,0,0,windows-qpc-cycletime,1,,,,,,,,,,,,,,,,,,,,,,,,,,,,,,,,,,,
double,few_unique,mergesort,1,100000,20260912,21,1,3917700,3906900,,,16434600,0,319488,windows-qpc-cycletime,1,,,,,,,,,,,,,,,,,,,,,,,,,,,,,,,,,,,
double,few_unique,heapsort,0,100000,20260912,21,1,7730000,7646000,,,32437440,0,0,windows-qpc-cycletime,1,,,,,,,,,,,,,,,,,,,,,,,,,,,,,,,,,,,
double,few_unique,brainsort,1,100000,20260912,21,1,471100,462700,,,1977780,0,0,windows-qpc-cycletime,1,,,,,,,,,,,,,,,,,,,,,,,,,,,,,,,,,,,
double,few_unique,radix11,1,100000,20260912,21,1,1494500,1378700,,,6268920,0,372736,windows-qpc-cycletime,1,,,,,,,,,,,,,,,,,,,,,,,,,,,,,,,,,,,
double,few_unique,radix16,1,100000,20260912,21,1,1410400,1368100,,,5885880,0,1380352,windows-qpc-cycletime,1,,,,,,,,,,,,,,,,,,,,,,,,,,,,,,,,,,,
double,few_unique,std::sort,0,100000,20260912,21,1,2590000,2578000,,,10865400,0,0,windows-qpc-cycletime,1,,,,,,,,,,,,,,,,,,,,,,,,,,,,,,,,,,,
double,few_unique,std::stable_sort,1,100000,20260912,21,1,3720800,3688400,,,15605100,0,0,windows-qpc-cycletime,1,,,,,,,,,,,,,,,,,,,,,,,,,,,,,,,,,,,
double,few_unique,orlp::pdqsort,0,100000,20260912,21,1,2085700,2076900,,,8756160,0,0,windows-qpc-cycletime,1,,,,,,,,,,,,,,,,,,,,,,,,,,,,,,,,,,,
double,few_unique,orlp::pdqsort_branchless,0,100000,20260912,21,1,506900,501200,,,2127300,0,0,windows-qpc-cycletime,1,,,,,,,,,,,,,,,,,,,,,,,,,,,,,,,,,,,
double,few_unique,gfx::timsort,1,100000,20260912,21,1,5095900,5054400,,,21385560,0,299008,windows-qpc-cycletime,1,,,,,,,,,,,,,,,,,,,,,,,,,,,,,,,,,,,
double,all_equal,introsort,0,100000,20260912,21,1,695200,680700,,,2919000,0,0,windows-qpc-cycletime,1,,,,,,,,,,,,,,,,,,,,,,,,,,,,,,,,,,,
double,all_equal,timsort,1,100000,20260912,21,1,34900,32600,,,145740,0,0,windows-qpc-cycletime,1,,,,,,,,,,,,,,,,,,,,,,,,,,,,,,,,,,,
double,all_equal,pdqsort,0,100000,20260912,21,1,65800,62500,,,275940,0,0,windows-qpc-cycletime,1,,,,,,,,,,,,,,,,,,,,,,,,,,,,,,,,,,,
double,all_equal,mergesort,1,100000,20260912,21,1,867100,849500,,,3639300,0,45056,windows-qpc-cycletime,1,,,,,,,,,,,,,,,,,,,,,,,,,,,,,,,,,,,
double,all_equal,heapsort,0,100000,20260912,21,1,1748000,1727800,,,7326480,0,0,windows-qpc-cycletime,1,,,,,,,,,,,,,,,,,,,,,,,,,,,,,,,,,,,
double,all_equal,brainsort,1,100000,20260912,21,1,32000,30600,,,133560,0,0,windows-qpc-cycletime,1,,,,,,,,,,,,,,,,,,,,,,,,,,,,,,,,,,,
double,all_equal,radix11,1,100000,20260912,21,1,353400,346000,,,1480080,0,0,windows-qpc-cycletime,1,,,,,,,,,,,,,,,,,,,,,,,,,,,,,,,,,,,
double,all_equal,radix16,1,100000,20260912,21,1,520400,511900,,,2181900,0,0,windows-qpc-cycletime,1,,,,,,,,,,,,,,,,,,,,,,,,,,,,,,,,,,,
double,all_equal,std::sort,0,100000,20260912,21,1,587700,573200,,,2461200,0,0,windows-qpc-cycletime,1,,,,,,,,,,,,,,,,,,,,,,,,,,,,,,,,,,,
double,all_equal,std::stable_sort,1,100000,20260912,21,1,734400,717600,,,3083640,0,0,windows-qpc-cycletime,1,,,,,,,,,,,,,,,,,,,,,,,,,,,,,,,,,,,
double,all_equal,orlp::pdqsort,0,100000,20260912,21,1,51600,48000,,,215460,0,0,windows-qpc-cycletime,1,,,,,,,,,,,,,,,,,,,,,,,,,,,,,,,,,,,
double,all_equal,orlp::pdqsort_branchless,0,100000,20260912,21,1,49500,48500,,,206640,0,0,windows-qpc-cycletime,1,,,,,,,,,,,,,,,,,,,,,,,,,,,,,,,,,,,
double,all_equal,gfx::timsort,1,100000,20260912,21,1,45600,43100,,,190680,0,0,windows-qpc-cycletime,1,,,,,,,,,,,,,,,,,,,,,,,,,,,,,,,,,,,
double,runs,introsort,0,100000,20260912,21,1,2421400,2397500,,,10158960,0,0,windows-qpc-cycletime,1,,,,,,,,,,,,,,,,,,,,,,,,,,,,,,,,,,,
double,runs,timsort,1,100000,20260912,21,1,906200,901100,,,3805200,0,0,windows-qpc-cycletime,1,,,,,,,,,,,,,,,,,,,,,,,,,,,,,,,,,,,
double,runs,pdqsort,0,100000,20260912,21,1,2183500,2165200,,,9156420,0,0,windows-qpc-cycletime,1,,,,,,,,,,,,,,,,,,,,,,,,,,,,,,,,,,,
double,runs,mergesort,1,100000,20260912,21,1,1435300,1412700,,,6020280,0,45056,windows-qpc-cycletime,1,,,,,,,,,,,,,,,,,,,,,,,,,,,,,,,,,,,
double,runs,heapsort,0,100000,20260912,21,1,6042700,5991400,,,25364220,0,0,windows-qpc-cycletime,1,,,,,,,,,,,,,,,,,,,,,,,,,,,,,,,,,,,
double,runs,brainsort,1,100000,20260912,21,1,1002900,972200,,,4202940,0,0,windows-qpc-cycletime,1,,,,,,,,,,,,,,,,,,,,,,,,,,,,,,,,,,,
double,runs,radix11,1,100000,20260912,21,1,1181500,1125600,,,4956420,0,49152,windows-qpc-cycletime,1,,,,,,,,,,,,,,,,,,,,,,,,,,,,,,,,,,,
double,runs,radix16,1,100000,20260912,21,1,1282600,1254800,,,5378940,0,1105920,windows-qpc-cycletime,1,,,,,,,,,,,,,,,,,,,,,,,,,,,,,,,,,,,
double,runs,std::sort,0,100000,20260912,21,1,2132000,2107900,,,8932560,0,0,windows-qpc-cycletime,1,,,,,,,,,,,,,,,,,,,,,,,,,,,,,,,,,,,
double,runs,std::stable_sort,1,100000,20260912,21,1,1364900,1279400,,,5725440,0,0,windows-qpc-cycletime,1,,,,,,,,,,,,,,,,,,,,,,,,,,,,,,,,,,,
double,runs,orlp::pdqsort,0,100000,20260912,21,1,1865600,1857400,,,7824180,0,0,windows-qpc-cycletime,1,,,,,,,,,,,,,,,,,,,,,,,,,,,,,,,,,,,
double,runs,orlp::pdqsort_branchless,0,100000,20260912,21,1,1984700,1969000,,,8326920,0,0,windows-qpc-cycletime,1,,,,,,,,,,,,,,,,,,,,,,,,,,,,,,,,,,,
double,runs,gfx::timsort,1,100000,20260912,21,1,961400,950200,,,4033260,0,0,windows-qpc-cycletime,1,,,,,,,,,,,,,,,,,,,,,,,,,,,,,,,,,,,
double,organ_pipe,introsort,0,100000,20260912,21,1,5753400,5705800,,,24137400,0,0,windows-qpc-cycletime,1,,,,,,,,,,,,,,,,,,,,,,,,,,,,,,,,,,,
double,organ_pipe,timsort,1,100000,20260912,21,1,159200,153500,,,667800,0,0,windows-qpc-cycletime,1,,,,,,,,,,,,,,,,,,,,,,,,,,,,,,,,,,,
double,organ_pipe,pdqsort,0,100000,20260912,21,1,2146200,2134200,,,9006480,0,0,windows-qpc-cycletime,1,,,,,,,,,,,,,,,,,,,,,,,,,,,,,,,,,,,
double,organ_pipe,mergesort,1,100000,20260912,21,1,985800,964900,,,4132380,0,45056,windows-qpc-cycletime,1,,,,,,,,,,,,,,,,,,,,,,,,,,,,,,,,,,,
double,organ_pipe,heapsort,0,100000,20260912,21,1,4717400,4670300,,,19792080,0,0,windows-qpc-cycletime,1,,,,,,,,,,,,,,,,,,,,,,,,,,,,,,,,,,,
double,organ_pipe,brainsort,1,100000,20260912,21,1,148600,143500,,,623280,0,0,windows-qpc-cycletime,1,,,,,,,,,,,,,,,,,,,,,,,,,,,,,,,,,,,
double,organ_pipe,radix11,1,100000,20260912,21,1,1161900,1092700,,,4866120,0,49152,windows-qpc-cycletime,1,,,,,,,,,,,,,,,,,,,,,,,,,,,,,,,,,,,
double,organ_pipe,radix16,1,100000,20260912,21,1,1236500,1210900,,,5188260,0,1105920,windows-qpc-cycletime,1,,,,,,,,,,,,,,,,,,,,,,,,,,,,,,,,,,,
double,organ_pipe,std::sort,0,100000,20260912,21,1,4078400,3999000,,,17111220,0,0,windows-qpc-cycletime,1,,,,,,,,,,,,,,,,,,,,,,,,,,,,,,,,,,,
double,organ_pipe,std::stable_sort,1,100000,20260912,21,1,948100,887700,,,3961860,0,0,windows-qpc-cycletime,1,,,,,,,,,,,,,,,,,,,,,,,,,,,,,,,,,,,
double,organ_pipe,orlp::pdqsort,0,100000,20260912,21,1,1746700,1735000,,,7328580,0,0,windows-qpc-cycletime,1,,,,,,,,,,,,,,,,,,,,,,,,,,,,,,,,,,,
double,organ_pipe,orlp::pdqsort_branchless,0,100000,20260912,21,1,2030200,2007100,,,8517600,0,0,windows-qpc-cycletime,1,,,,,,,,,,,,,,,,,,,,,,,,,,,,,,,,,,,
double,organ_pipe,gfx::timsort,1,100000,20260912,21,1,134200,131200,,,563220,0,0,windows-qpc-cycletime,1,,,,,,,,,,,,,,,,,,,,,,,,,,,,,,,,,,,
double,small_range,introsort,0,100000,20260912,21,1,1414800,1400600,,,5933340,0,0,windows-qpc-cycletime,1,,,,,,,,,,,,,,,,,,,,,,,,,,,,,,,,,,,
double,small_range,timsort,1,100000,20260912,21,1,2514000,2491100,,,10552920,0,0,windows-qpc-cycletime,1,,,,,,,,,,,,,,,,,,,,,,,,,,,,,,,,,,,
double,small_range,pdqsort,0,100000,20260912,21,1,774500,766400,,,3248700,0,0,windows-qpc-cycletime,1,,,,,,,,,,,,,,,,,,,,,,,,,,,,,,,,,,,
double,small_range,mergesort,1,100000,20260912,21,1,2145600,2133400,,,9005640,0,45056,windows-qpc-cycletime,1,,,,,,,,,,,,,,,,,,,,,,,,,,,,,,,,,,,
double,small_range,heapsort,0,100000,20260912,21,1,3907200,3880100,,,16399740,0,0,windows-qpc-cycletime,1,,,,,,,,,,,,,,,,,,,,,,,,,,,,,,,,,,,
double,small_range,brainsort,1,100000,20260912,21,1,473100,462100,,,1986180,0,110592,windows-qpc-cycletime,1,,,,,,,,,,,,,,,,,,,,,,,,,,,,,,,,,,,
double,small_range,radix11,1,100000,20260912,21,1,760900,738400,,,3193680,0,49152,windows-qpc-cycletime,1,,,,,,,,,,,,,,,,,,,,,,,,,,,,,,,,,,,
double,small_range,radix16,1,100000,20260912,21,1,887600,876700,,,3721200,0,1105920,windows-qpc-cycletime,1,,,,,,,,,,,,,,,,,,,,,,,,,,,,,,,,,,,
double,small_range,std::sort,0,100000,20260912,21,1,1314100,1303200,,,5513340,0,0,windows-qpc-cycletime,1,,,,,,,,,,,,,,,,,,,,,,,,,,,,,,,,,,,
double,small_range,std::stable_sort,1,100000,20260912,21,1,2008800,1981600,,,8429400,0,0,windows-qpc-cycletime,1,,,,,,,,,,,,,,,,,,,,,,,,,,,,,,,,,,,
double,small_range,orlp::pdqsort,0,100000,20260912,21,1,712000,706800,,,2988720,0,0,windows-qpc-cycletime,1,,,,,,,,,,,,,,,,,,,,,,,,,,,,,,,,,,,
double,small_range,orlp::pdqsort_branchless,0,100000,20260912,21,1,142900,141300,,,599760,0,0,windows-qpc-cycletime,1,,,,,,,,,,,,,,,,,,,,,,,,,,,,,,,,,,,
double,small_range,gfx::timsort,1,100000,20260912,21,1,2841100,2824100,,,11921700,0,0,windows-qpc-cycletime,1,,,,,,,,,,,,,,,,,,,,,,,,,,,,,,,,,,,
double,sawtooth,introsort,0,100000,20260912,21,1,2300000,2291200,,,9654120,0,0,windows-qpc-cycletime,1,,,,,,,,,,,,,,,,,,,,,,,,,,,,,,,,,,,
double,sawtooth,timsort,1,100000,20260912,21,1,640100,631400,,,2687580,0,0,windows-qpc-cycletime,1,,,,,,,,,,,,,,,,,,,,,,,,,,,,,,,,,,,
double,sawtooth,pdqsort,0,100000,20260912,21,1,1673500,1663900,,,7024080,0,0,windows-qpc-cycletime,1,,,,,,,,,,,,,,,,,,,,,,,,,,,,,,,,,,,
double,sawtooth,mergesort,1,100000,20260912,21,1,971400,948000,,,4074840,0,45056,windows-qpc-cycletime,1,,,,,,,,,,,,,,,,,,,,,,,,,,,,,,,,,,,
double,sawtooth,heapsort,0,100000,20260912,21,1,7492600,7460000,,,31447080,0,0,windows-qpc-cycletime,1,,,,,,,,,,,,,,,,,,,,,,,,,,,,,,,,,,,
double,sawtooth,brainsort,1,100000,20260912,21,1,743300,684500,,,3119340,0,122880,windows-qpc-cycletime,1,,,,,,,,,,,,,,,,,,,,,,,,,,,,,,,,,,,
double,sawtooth,radix11,1,100000,20260912,21,1,883200,869100,,,3701460,0,49152,windows-qpc-cycletime,1,,,,,,,,,,,,,,,,,,,,,,,,,,,,,,,,,,,
double,sawtooth,radix16,1,100000,20260912,21,1,1947700,1878000,,,8151360,0,1105920,windows-qpc-cycletime,1,,,,,,,,,,,,,,,,,,,,,,,,,,,,,,,,,,,
double,sawtooth,std::sort,0,100000,20260912,21,1,2063200,2047500,,,8661660,0,0,windows-qpc-cycletime,1,,,,,,,,,,,,,,,,,,,,,,,,,,,,,,,,,,,
double,sawtooth,std::stable_sort,1,100000,20260912,21,1,892300,873700,,,3735480,0,0,windows-qpc-cycletime,1,,,,,,,,,,,,,,,,,,,,,,,,,,,,,,,,,,,
double,sawtooth,orlp::pdqsort,0,100000,20260912,21,1,1453600,1447000,,,6099660,0,0,windows-qpc-cycletime,1,,,,,,,,,,,,,,,,,,,,,,,,,,,,,,,,,,,
double,sawtooth,orlp::pdqsort_branchless,0,100000,20260912,21,1,856700,850100,,,3592680,0,0,windows-qpc-cycletime,1,,,,,,,,,,,,,,,,,,,,,,,,,,,,,,,,,,,
double,sawtooth,gfx::timsort,1,100000,20260912,21,1,731100,711200,,,3059280,0,0,windows-qpc-cycletime,1,,,,,,,,,,,,,,,,,,,,,,,,,,,,,,,,,,,
double,prefixed,introsort,0,100000,20260912,21,1,5354500,5296800,,,22437660,0,0,windows-qpc-cycletime,1,,,,,,,,,,,,,,,,,,,,,,,,,,,,,,,,,,,
double,prefixed,timsort,1,100000,20260912,21,1,6956300,6939100,,,29197140,0,0,windows-qpc-cycletime,1,,,,,,,,,,,,,,,,,,,,,,,,,,,,,,,,,,,
double,prefixed,pdqsort,0,100000,20260912,21,1,5572400,5560200,,,23383920,0,0,windows-qpc-cycletime,1,,,,,,,,,,,,,,,,,,,,,,,,,,,,,,,,,,,
double,prefixed,mergesort,1,100000,20260912,21,1,6195000,6168700,,,25988760,0,45056,windows-qpc-cycletime,1,,,,,,,,,,,,,,,,,,,,,,,,,,,,,,,,,,,
double,prefixed,heapsort,0,100000,20260912,21,1,8963200,8922900,,,37601340,0,0,windows-qpc-cycletime,1,,,,,,,,,,,,,,,,,,,,,,,,,,,,,,,,,,,
double,prefixed,brainsort,1,100000,20260912,21,1,908500,893200,,,3809400,0,0,windows-qpc-cycletime,1,,,,,,,,,,,,,,,,,,,,,,,,,,,,,,,,,,,
double,prefixed,radix11,1,100000,20260912,21,1,1399400,1289900,,,5868660,0,49152,windows-qpc-cycletime,1,,,,,,,,,,,,,,,,,,,,,,,,,,,,,,,,,,,
double,prefixed,radix16,1,100000,20260912,21,1,1485700,1464200,,,6238680,0,1105920,windows-qpc-cycletime,1,,,,,,,,,,,,,,,,,,,,,,,,,,,,,,,,,,,
double,prefixed,std::sort,0,100000,20260912,21,1,5254400,5237900,,,22044540,0,0,windows-qpc-cycletime,1,,,,,,,,,,,,,,,,,,,,,,,,,,,,,,,,,,,
double,prefixed,std::stable_sort,1,100000,20260912,21,1,5905400,5884200,,,24776640,0,0,windows-qpc-cycletime,1,,,,,,,,,,,,,,,,,,,,,,,,,,,,,,,,,,,
double,prefixed,orlp::pdqsort,0,100000,20260912,21,1,5075100,5048800,,,21300720,0,0,windows-qpc-cycletime,1,,,,,,,,,,,,,,,,,,,,,,,,,,,,,,,,,,,
double,prefixed,orlp::pdqsort_branchless,0,100000,20260912,21,1,2029400,2010100,,,8517600,0,0,windows-qpc-cycletime,1,,,,,,,,,,,,,,,,,,,,,,,,,,,,,,,,,,,
double,prefixed,gfx::timsort,1,100000,20260912,21,1,7132200,7087200,,,29920800,0,0,windows-qpc-cycletime,1,,,,,,,,,,,,,,,,,,,,,,,,,,,,,,,,,,,
int64,random,introsort,0,100000,20260912,21,1,3746700,3721700,,,15719340,0,0,windows-qpc-cycletime,1,,,,,,,,,,,,,,,,,,,,,,,,,,,,,,,,,,,
int64,random,timsort,1,100000,20260912,21,1,5513000,5491100,,,23130240,0,0,windows-qpc-cycletime,1,,,,,,,,,,,,,,,,,,,,,,,,,,,,,,,,,,,
int64,random,pdqsort,0,100000,20260912,21,1,3840700,3821800,,,16114560,0,0,windows-qpc-cycletime,1,,,,,,,,,,,,,,,,,,,,,,,,,,,,,,,,,,,
int64,random,mergesort,1,100000,20260912,21,1,4494600,4477700,,,18850860,0,49152,windows-qpc-cycletime,1,,,,,,,,,,,,,,,,,,,,,,,,,,,,,,,,,,,
int64,random,heapsort,0,100000,20260912,21,1,6838800,6822300,,,28696080,0,0,windows-qpc-cycletime,1,,,,,,,,,,,,,,,,,,,,,,,,,,,,,,,,,,,
int64,random,brainsort,1,100000,20260912,21,1,962600,939500,,,4042080,0,0,windows-qpc-cycletime,1,,,,,,,,,,,,,,,,,,,,,,,,,,,,,,,,,,,
int64,random,radix11,1,100000,20260912,21,1,1377200,1296400,,,5776680,0,49152,windows-qpc-cycletime,1,,,,,,,,,,,,,,,,,,,,,,,,,,,,,,,,,,,
int64,random,radix16,1,100000,20260912,21,1,1616900,1586100,,,6783000,0,1105920,windows-qpc-cycletime,1,,,,,,,,,,,,,,,,,,,,,,,,,,,,,,,,,,,
int64,random,std::sort,0,100000,20260912,21,1,3628300,3615400,,,15227940,0,0,windows-qpc-cycletime,1,,,,,,,,,,,,,,,,,,,,,,,,,,,,,,,,,,,
int64,random,std::stable_sort,1,100000,20260912,21,1,4544300,4517200,,,19068420,0,0,windows-qpc-cycletime,1,,,,,,,,,,,,,,,,,,,,,,,,,,,,,,,,,,,
int64,random,orlp::pdqsort,0,100000,20260912,21,1,3543600,3522600,,,14862960,0,0,windows-qpc-cycletime,1,,,,,,,,,,,,,,,,,,,,,,,,,,,,,,,,,,,
int64,random,orlp::pdqsort_branchless,0,100000,20260912,21,1,1702600,1669100,,,7145040,0,0,windows-qpc-cycletime,1,,,,,,,,,,,,,,,,,,,,,,,,,,,,,,,,,,,
int64,random,gfx::timsort,1,100000,20260912,21,1,6007400,5981900,,,25202940,0,0,windows-qpc-cycletime,1,,,,,,,,,,,,,,,,,,,,,,,,,,,,,,,,,,,
int64,sorted,introsort,0,100000,20260912,21,1,836800,820500,,,3501120,0,0,windows-qpc-cycletime,1,,,,,,,,,,,,,,,,,,,,,,,,,,,,,,,,,,,
int64,sorted,timsort,1,100000,20260912,21,1,34900,33900,,,146160,0,0,windows-qpc-cycletime,1,,,,,,,,,,,,,,,,,,,,,,,,,,,,,,,,,,,
int64,sorted,pdqsort,0,100000,20260912,21,1,54600,53100,,,228900,0,0,windows-qpc-cycletime,1,,,,,,,,,,,,,,,,,,,,,,,,,,,,,,,,,,,
int64,sorted,mergesort,1,100000,20260912,21,1,847000,828300,,,3556140,0,49152,windows-qpc-cycletime,1,,,,,,,,,,,,,,,,,,,,,,,,,,,,,,,,,,,
int64,sorted,heapsort,0,100000,20260912,21,1,3637600,3606700,,,15273300,0,0,windows-qpc-cycletime,1,,,,,,,,,,,,,,,,,,,,,,,,,,,,,,,,,,,
int64,sorted,brainsort,1,100000,20260912,21,1,28800,28000,,,120120,0,0,windows-qpc-cycletime,1,,,,,,,,,,,,,,,,,,,,,,,,,,,,,,,,,,,
int64,sorted,radix11,1,100000,20260912,21,1,1402000,1311300,,,5887140,0,49152,windows-qpc-cycletime,1,,,,,,,,,,,,,,,,,,,,,,,,,,,,,,,,,,,
int64,sorted,radix16,1,100000,20260912,21,1,1594700,1560800,,,6683880,0,1105920,windows-qpc-cycletime,1,,,,,,,,,,,,,,,,,,,,,,,,,,,,,,,,,,,
int64,sorted,std::sort,0,100000,20260912,21,1,602400,583400,,,2517480,0,0,windows-qpc-cycletime,1,,,,,,,,,,,,,,,,,,,,,,,,,,,,,,,,,,,
int64,sorted,std::stable_sort,1,100000,20260912,21,1,712900,697800,,,2986200,0,0,windows-qpc-cycletime,1,,,,,,,,,,,,,,,,,,,,,,,,,,,,,,,,,,,
int64,sorted,orlp::pdqsort,0,100000,20260912,21,1,52300,50600,,,218820,0,0,windows-qpc-cycletime,1,,,,,,,,,,,,,,,,,,,,,,,,,,,,,,,,,,,
int64,sorted,orlp::pdqsort_branchless,0,100000,20260912,21,1,51200,48800,,,214200,0,0,windows-qpc-cycletime,1,,,,,,,,,,,,,,,,,,,,,,,,,,,,,,,,,,,
int64,sorted,gfx::timsort,1,100000,20260912,21,1,45100,43300,,,188580,0,0,windows-qpc-cycletime,1,,,,,,,,,,,,,,,,,,,,,,,,,,,,,,,,,,,
int64,reverse,introsort,0,100000,20260912,21,1,565300,559200,,,2369220,0,0,windows-qpc-cycletime,1,,,,,,,,,,,,,,,,,,,,,,,,,,,,,,,,,,,
int64,reverse,timsort,1,100000,20260912,21,1,69100,66200,,,289800,0,0,windows-qpc-cycletime,1,,,,,,,,,,,,,,,,,,,,,,,,,,,,,,,,,,,
int64,reverse,pdqsort,0,100000,20260912,21,1,103800,99500,,,435120,0,0,windows-qpc-cycletime,1,,,,,,,,,,,,,,,,,,,,,,,,,,,,,,,,,,,
int64,reverse,mergesort,1,100000,20260912,21,1,1038100,1021100,,,4352040,0,49152,windows-qpc-cycletime,1,,,,,,,,,,,,,,,,,,,,,,,,,,,,,,,,,,,
int64,reverse,heapsort,0,100000,20260912,21,1,4173900,4154800,,,17519880,0,0,windows-qpc-cycletime,1,,,,,,,,,,,,,,,,,,,,,,,,,,,,,,,,,,,
int64,reverse,brainsort,1,100000,20260912,21,1,48700,46700,,,203700,0,0,windows-qpc-cycletime,1,,,,,,,,,,,,,,,,,,,,,,,,,,,,,,,,,,,
int64,reverse,radix11,1,100000,20260912,21,1,1412600,1320500,,,5924940,0,49152,windows-qpc-cycletime,1,,,,,,,,,,,,,,,,,,,,,,,,,,,,,,,,,,,
int64,reverse,radix16,1,100000,20260912,21,1,1587800,1551100,,,6641040,0,1105920,windows-qpc-cycletime,1,,,,,,,,,,,,,,,,,,,,,,,,,,,,,,,,,,,
int64,reverse,std::sort,0,100000,20260912,21,1,531200,518700,,,2224740,0,0,windows-qpc-cycletime,1,,,,,,,,,,,,,,,,,,,,,,,,,,,,,,,,,,,
int64,reverse,std::stable_sort,1,100000,20260912,21,1,1081100,1042800,,,4538940,0,0,windows-qpc-cycletime,1,,,,,,,,,,,,,,,,,,,,,,,,,,,,,,,,,,,
int64,reverse,orlp::pdqsort,0,100000,20260912,21,1,92300,82800,,,386820,0,0,windows-qpc-cycletime,1,,,,,,,,,,,,,,,,,,,,,,,,,,,,,,,,,,,
int64,reverse,orlp::pdqsort_branchless,0,100000,20260912,21,1,115600,110000,,,484680,0,0,windows-qpc-cycletime,1,,,,,,,,,,,,,,,,,,,,,,,,,,,,,,,,,,,
int64,reverse,gfx::timsort,1,100000,20260912,21,1,71300,69100,,,298200,0,0,windows-qpc-cycletime,1,,,,,,,,,,,,,,,,,,,,,,,,,,,,,,,,,,,
int64,nearly_sorted,introsort,0,100000,20260912,21,1,899300,883600,,,3774540,0,0,windows-qpc-cycletime,1,,,,,,,,,,,,,,,,,,,,,,,,,,,,,,,,,,,
int64,nearly_sorted,timsort,1,100000,20260912,21,1,764500,754800,,,3205020,0,0,windows-qpc-cycletime,1,,,,,,,,,,,,,,,,,,,,,,,,,,,,,,,,,,,
int64,nearly_sorted,pdqsort,0,100000,20260912,21,1,435000,428300,,,1827000,0,0,windows-qpc-cycletime,1,,,,,,,,,,,,,,,,,,,,,,,,,,,,,,,,,,,
int64,nearly_sorted,mergesort,1,100000,20260912,21,1,948900,931500,,,3981180,0,49152,windows-qpc-cycletime,1,,,,,,,,,,,,,,,,,,,,,,,,,,,,,,,,,,,
int64,nearly_sorted,heapsort,0,100000,20260912,21,1,3872200,3838100,,,16248960,0,0,windows-qpc-cycletime,1,,,,,,,,,,,,,,,,,,,,,,,,,,,,,,,,,,,
int64,nearly_sorted,brainsort,1,100000,20260912,21,1,354500,350000,,,1484700,0,0,windows-qpc-cycletime,1,,,,,,,,,,,,,,,,,,,,,,,,,,,,,,,,,,,
int64,nearly_sorted,radix11,1,100000,20260912,21,1,1416600,1321400,,,5941740,0,49152,windows-qpc-cycletime,1,,,,,,,,,,,,,,,,,,,,,,,,,,,,,,,,,,,
int64,nearly_sorted,radix16,1,100000,20260912,21,1,1594000,1560400,,,6679680,0,1105920,windows-qpc-cycletime,1,,,,,,,,,,,,,,,,,,,,,,,,,,,,,,,,,,,
int64,nearly_sorted,std::sort,0,100000,20260912,21,1,666500,657800,,,2798460,0,0,windows-qpc-cycletime,1,,,,,,,,,,,,,,,,,,,,,,,,,,,,,,,,,,,
int64,nearly_sorted,std::stable_sort,1,100000,20260912,21,1,851600,836800,,,3575880,0,0,windows-qpc-cycletime,1,,,,,,,,,,,,,,,,,,,,,,,,,,,,,,,,,,,
int64,nearly_sorted,orlp::pdqsort,0,100000,20260912,21,1,379700,373700,,,1592220,0,0,windows-qpc-cycletime,1,,,,,,,,,,,,,,,,,,,,,,,,,,,,,,,,,,,
int64,nearly_sorted,orlp::pdqsort_branchless,0,100000,20260912,21,1,481100,474500,,,2019780,0,0,windows-qpc-cycletime,1,,,,,,,,,,,,,,,,,,,,,,,,,,,,,,,,,,,
int64,nearly_sorted,gfx::timsort,1,100000,20260912,21,1,933700,922400,,,3916500,0,0,windows-qpc-cycletime,1,,,,,,,,,,,,,,,,,,,,,,,,,,,,,,,,,,,
int64,few_unique,introsort,0,100000,20260912,21,1,2172800,2161400,,,9116940,0,0,windows-qpc-cycletime,1,,,,,,,,,,,,,,,,,,,,,,,,,,,,,,,,,,,
int64,few_unique,timsort,1,100000,20260912,21,1,3942000,3922300,,,16533300,0,0,windows-qpc-cycletime,1,,,,,,,,,,,,,,,,,,,,,,,,,,,,,,,,,,,
int64,few_unique,pdqsort,0,100000,20260912,21,1,1587400,1570200,,,6661200,0,0,windows-qpc-cycletime,1,,,,,,,,,,,,,,,,,,,,,,,,,,,,,,,,,,,
int64,few_unique,mergesort,1,100000,20260912,21,1,2952000,2930600,,,12384120,0,323584,windows-qpc-cycletime,1,,,,,,,,,,,,,,,,,,,,,,,,,,,,,,,,,,,
int64,few_unique,heapsort,0,100000,20260912,21,1,5977400,5942700,,,25094580,0,0,windows-qpc-cycletime,1,,,,,,,,,,,,,,,,,,,,,,,,,,,,,,,,,,,
int64,few_unique,brainsort,1,100000,20260912,21,1,420200,414100,,,1764000,0,0,windows-qpc-cycletime,1,,,,,,,,,,,,,,,,,,,,,,,,,,,,,,,,,,,
int64,few_unique,radix11,1,100000,20260912,21,1,1364500,1280200,,,5729640,0,372736,windows-qpc-cycletime,1,,,,,,,,,,,,,,,,,,,,,,,,,,,,,,,,,,,
int64,few_unique,radix16,1,100000,20260912,21,1,1333600,1300200,,,5594400,0,1380352,windows-qpc-cycletime,1,,,,,,,,,,,,,,,,,,,,,,,,,,,,,,,,,,,
int64,few_unique,std::sort,0,100000,20260912,21,1,1994300,1986700,,,8368920,0,0,windows-qpc-cycletime,1,,,,,,,,,,,,,,,,,,,,,,,,,,,,,,,,,,,
int64,few_unique,std::stable_sort,1,100000,20260912,21,1,2939600,2911300,,,12340020,0,0,windows-qpc-cycletime,1,,,,,,,,,,,,,,,,,,,,,,,,,,,,,,,,,,,
int64,few_unique,orlp::pdqsort,0,100000,20260912,21,1,1428400,1410800,,,5986680,0,0,windows-qpc-cycletime,1,,,,,,,,,,,,,,,,,,,,,,,,,,,,,,,,,,,
int64,few_unique,orlp::pdqsort_branchless,0,100000,20260912,21,1,458700,448500,,,1926120,0,0,windows-qpc-cycletime,1,,,,,,,,,,,,,,,,,,,,,,,,,,,,,,,,,,,
int64,few_unique,gfx::timsort,1,100000,20260912,21,1,4517900,4495700,,,18953340,0,0,windows-qpc-cycletime,1,,,,,,,,,,,,,,,,,,,,,,,,,,,,,,,,,,,
int64,all_equal,introsort,0,100000,20260912,21,1,605700,580600,,,2537640,0,0,windows-qpc-cycletime,1,,,,,,,,,,,,,,,,,,,,,,,,,,,,,,,,,,,
int64,all_equal,timsort,1,100000,20260912,21,1,35500,33500,,,148680,0,0,windows-qpc-cycletime,1,,,,,,,,,,,,,,,,,,,,,,,,,,,,,,,,,,,
int64,all_equal,pdqsort,0,100000,20260912,21,1,48900,47300,,,204120,0,0,windows-qpc-cycletime,1,,,,,,,,,,,,,,,,,,,,,,,,,,,,,,,,,,,
int64,all_equal,mergesort,1,100000,20260912,21,1,847400,834700,,,3548160,0,49152,windows-qpc-cycletime,1,,,,,,,,,,,,,,,,,,,,,,,,,,,,,,,,,,,
int64,all_equal,heapsort,0,100000,20260912,21,1,1692600,1666400,,,7103460,0,0,windows-qpc-cycletime,1,,,,,,,,,,,,,,,,,,,,,,,,,,,,,,,,,,,
int64,all_equal,brainsort,1,100000,20260912,21,1,29300,27900,,,122220,0,0,windows-qpc-cycletime,1,,,,,,,,,,,,,,,,,,,,,,,,,,,,,,,,,,,
int64,all_equal,radix11,1,100000,20260912,21,1,335000,327600,,,1406580,0,0,windows-qpc-cycletime,1,,,,,,,,,,,,,,,,,,,,,,,,,,,,,,,,,,,
int64,all_equal,radix16,1,100000,20260912,21,1,616200,592900,,,2581320,0,0,windows-qpc-cycletime,1,,,,,,,,,,,,,,,,,,,,,,,,,,,,,,,,,,,
int64,all_equal,std::sort,0,100000,20260912,21,1,560800,545200,,,2354940,0,0,windows-qpc-cycletime,1,,,,,,,,,,,,,,,,,,,,,,,,,,,,,,,,,,,
int64,all_equal,std::stable_sort,1,100000,20260912,21,1,666300,653700,,,2793000,0,0,windows-qpc-cycletime,1,,,,,,,,,,,,,,,,,,,,,,,,,,,,,,,,,,,
int64,all_equal,orlp::pdqsort,0,100000,20260912,21,1,48800,47500,,,204120,0,0,windows-qpc-cycletime,1,,,,,,,,,,,,,,,,,,,,,,,,,,,,,,,,,,,
int64,all_equal,orlp::pdqsort_branchless,0,100000,20260912,21,1,48400,47500,,,202440,0,0,windows-qpc-cycletime,1,,,,,,,,,,,,,,,,,,,,,,,,,,,,,,,,,,,
int64,all_equal,gfx::timsort,1,100000,20260912,21,1,44500,42200,,,186060,0,0,windows-qpc-cycletime,1,,,,,,,,,,,,,,,,,,,,,,,,,,,,,,,,,,,
int64,runs,introsort,0,100000,20260912,21,1,1812700,1801900,,,7607880,0,0,windows-qpc-cycletime,1,,,,,,,,,,,,,,,,,,,,,,,,,,,,,,,,,,,
int64,runs,timsort,1,100000,20260912,21,1,738400,720400,,,3097080,0,0,windows-qpc-cycletime,1,,,,,,,,,,,,,,,,,,,,,,,,,,,,,,,,,,,
int64,runs,pdqsort,0,100000,20260912,21,1,1601700,1593600,,,6719160,0,0,windows-qpc-cycletime,1,,,,,,,,,,,,,,,,,,,,,,,,,,,,,,,,,,,
int64,runs,mergesort,1,100000,20260912,21,1,1264000,1220800,,,5303340,0,49152,windows-qpc-cycletime,1,,,,,,,,,,,,,,,,,,,,,,,,,,,,,,,,,,,
int64,runs,heapsort,0,100000,20260912,21,1,5067400,5038200,,,21261240,0,0,windows-qpc-cycletime,1,,,,,,,,,,,,,,,,,,,,,,,,,,,,,,,,,,,
int64,runs,brainsort,1,100000,20260912,21,1,797700,688900,,,3349500,0,0,windows-qpc-cycletime,1,,,,,,,,,,,,,,,,,,,,,,,,,,,,,,,,,,,
int64,runs,radix11,1,100000,20260912,21,1,1272700,1164200,,,5344500,0,49152,windows-qpc-cycletime,1,,,,,,,,,,,,,,,,,,,,,,,,,,,,,,,,,,,
int64,runs,radix16,1,100000,20260912,21,1,1141700,1120800,,,4788420,0,1105920,windows-qpc-cycletime,1,,,,,,,,,,,,,,,,,,,,,,,,,,,,,,,,,,,
int64,runs,std::sort,0,100000,20260912,21,1,1563200,1549900,,,6544860,0,0,windows-qpc-cycletime,1,,,,,,,,,,,,,,,,,,,,,,,,,,,,,,,,,,,
int64,runs,std::stable_sort,1,100000,20260912,21,1,1164400,1114800,,,4882080,0,0,windows-qpc-cycletime,1,,,,,,,,,,,,,,,,,,,,,,,,,,,,,,,,,,,
int64,runs,orlp::pdqsort,0,100000,20260912,21,1,1425900,1419000,,,5984160,0,0,windows-qpc-cycletime,1,,,,,,,,,,,,,,,,,,,,,,,,,,,,,,,,,,,
int64,runs,orlp::pdqsort_branchless,0,100000,20260912,21,1,1659500,1639000,,,6964440,0,0,windows-qpc-cycletime,1,,,,,,,,,,,,,,,,,,,,,,,,,,,,,,,,,,,
int64,runs,gfx::timsort,1,100000,20260912,21,1,852800,843400,,,3573780,0,0,windows-qpc-cycletime,1,,,,,,,,,,,,,,,,,,,,,,,,,,,,,,,,,,,
int64,organ_pipe,introsort,0,100000,20260912,21,1,4809900,4746800,,,20183100,0,0,windows-qpc-cycletime,1,,,,,,,,,,,,,,,,,,,,,,,,,,,,,,,,,,,
int64,organ_pipe,timsort,1,100000,20260912,21,1,150500,142100,,,631260,0,0,windows-qpc-cycletime,1,,,,,,,,,,,,,,,,,,,,,,,,,,,,,,,,,,,
int64,organ_pipe,pdqsort,0,100000,20260912,21,1,1617700,1605900,,,6787200,0,0,windows-qpc-cycletime,1,,,,,,,,,,,,,,,,,,,,,,,,,,,,,,,,,,,
int64,organ_pipe,mergesort,1,100000,20260912,21,1,961000,934200,,,4031160,0,49152,windows-qpc-cycletime,1,,,,,,,,,,,,,,,,,,,,,,,,,,,,,,,,,,,
int64,organ_pipe,heapsort,0,100000,20260912,21,1,4189000,4159200,,,17581620,0,0,windows-qpc-cycletime,1,,,,,,,,,,,,,,,,,,,,,,,,,,,,,,,,,,,
int64,organ_pipe,brainsort,1,100000,20260912,21,1,126700,122700,,,531720,0,0,windows-qpc-cycletime,1,,,,,,,,,,,,,,,,,,,,,,,,,,,,,,,,,,,
int64,organ_pipe,radix11,1,100000,20260912,21,1,815500,800900,,,3424680,0,49152,windows-qpc-cycletime,1,,,,,,,,,,,,,,,,,,,,,,,,,,,,,,,,,,,
int64,organ_pipe,radix16,1,100000,20260912,21,1,885600,866900,,,3716580,0,1105920,windows-qpc-cycletime,1,,,,,,,,,,,,,,,,,,,,,,,,,,,,,,,,,,,
int64,organ_pipe,std::sort,0,100000,20260912,21,1,3221400,3178300,,,13513080,0,0,windows-qpc-cycletime,1,,,,,,,,,,,,,,,,,,,,,,,,,,,,,,,,,,,
int64,organ_pipe,std::stable_sort,1,100000,20260912,21,1,909500,887800,,,3818640,0,0,windows-qpc-cycletime,1,,,,,,,,,,,,,,,,,,,,,,,,,,,,,,,,,,,
int64,organ_pipe,orlp::pdqsort,0,100000,20260912,21,1,1395900,1386700,,,5857320,0,0,windows-qpc-cycletime,1,,,,,,,,,,,,,,,,,,,,,,,,,,,,,,,,,,,
int64,organ_pipe,orlp::pdqsort_branchless,0,100000,20260912,21,1,1725100,1706900,,,7238280,0,0,windows-qpc-cycletime,1,,,,,,,,,,,,,,,,,,,,,,,,,,,,,,,,,,,
int64,organ_pipe,gfx::timsort,1,100000,20260912,21,1,137900,134800,,,576660,0,0,windows-qpc-cycletime,1,,,,,,,,,,,,,,,,,,,,,,,,,,,,,,,,,,,
int64,small_range,introsort,0,100000,20260912,21,1,1194000,1187700,,,5007660,0,0,windows-qpc-cycletime,1,,,,,,,,,,,,,,,,,,,,,,,,,,,,,,,,,,,
int64,small_range,timsort,1,100000,20260912,21,1,2268900,2252900,,,9523080,0,0,windows-qpc-cycletime,1,,,,,,,,,,,,,,,,,,,,,,,,,,,,,,,,,,,
int64,small_range,pdqsort,0,100000,20260912,21,1,549700,545800,,,2306640,0,0,windows-qpc-cycletime,1,,,,,,,,,,,,,,,,,,,,,,,,,,,,,,,,,,,
int64,small_range,mergesort,1,100000,20260912,21,1,1733300,1713500,,,7265160,0,49152,windows-qpc-cycletime,1,,,,,,,,,,,,,,,,,,,,,,,,,,,,,,,,,,,
int64,small_range,heapsort,0,100000,20260912,21,1,3420300,3396700,,,14333340,0,0,windows-qpc-cycletime,1,,,,,,,,,,,,,,,,,,,,,,,,,,,,,,,,,,,
int64,small_range,brainsort,1,100000,20260912,21,1,429700,409600,,,1803480,0,106496,windows-qpc-cycletime,1,,,,,,,,,,,,,,,,,,,,,,,,,,,,,,,,,,,
int64,small_range,radix11,1,100000,20260912,21,1,673100,656000,,,2826180,0,49152,windows-qpc-cycletime,1,,,,,,,,,,,,,,,,,,,,,,,,,,,,,,,,,,,
int64,small_range,radix16,1,100000,20260912,21,1,950200,926900,,,3983280,0,1105920,windows-qpc-cycletime,1,,,,,,,,,,,,,,,,,,,,,,,,,,,,,,,,,,,
int64,small_range,std::sort,0,100000,20260912,21,1,1036200,1028900,,,4347000,0,0,windows-qpc-cycletime,1,,,,,,,,,,,,,,,,,,,,,,,,,,,,,,,,,,,
int64,small_range,std::stable_sort,1,100000,20260912,21,1,1707700,1691600,,,7166040,0,0,windows-qpc-cycletime,1,,,,,,,,,,,,,,,,,,,,,,,,,,,,,,,,,,,
int64,small_range,orlp::pdqsort,0,100000,20260912,21,1,508400,503300,,,2134020,0,0,windows-qpc-cycletime,1,,,,,,,,,,,,,,,,,,,,,,,,,,,,,,,,,,,
int64,small_range,orlp::pdqsort_branchless,0,100000,20260912,21,1,136500,133300,,,572460,0,0,windows-qpc-cycletime,1,,,,,,,,,,,,,,,,,,,,,,,,,,,,,,,,,,,
int64,small_range,gfx::timsort,1,100000,20260912,21,1,2617600,2589400,,,10983840,0,0,windows-qpc-cycletime,1,,,,,,,,,,,,,,,,,,,,,,,,,,,,,,,,,,,
int64,sawtooth,introsort,0,100000,20260912,21,1,1782500,1770800,,,7484820,0,0,windows-qpc-cycletime,1,,,,,,,,,,,,,,,,,,,,,,,,,,,,,,,,,,,
int64,sawtooth,timsort,1,100000,20260912,21,1,604700,592800,,,2539320,0,0,windows-qpc-cycletime,1,,,,,,,,,,,,,,,,,,,,,,,,,,,,,,,,,,,
int64,sawtooth,pdqsort,0,100000,20260912,21,1,1191800,1177700,,,4998000,0,0,windows-qpc-cycletime,1,,,,,,,,,,,,,,,,,,,,,,,,,,,,,,,,,,,
int64,sawtooth,mergesort,1,100000,20260912,21,1,947500,933200,,,3978240,0,49152,windows-qpc-cycletime,1,,,,,,,,,,,,,,,,,,,,,,,,,,,,,,,,,,,
int64,sawtooth,heapsort,0,100000,20260912,21,1,6010900,5968000,,,25231500,0,0,windows-qpc-cycletime,1,,,,,,,,,,,,,,,,,,,,,,,,,,,,,,,,,,,
int64,sawtooth,brainsort,1,100000,20260912,21,1,391200,383100,,,1640520,0,118784,windows-qpc-cycletime,1,,,,,,,,,,,,,,,,,,,,,,,,,,,,,,,,,,,
int64,sawtooth,radix11,1,100000,20260912,21,1,627800,614000,,,2635920,0,49152,windows-qpc-cycletime,1,,,,,,,,,,,,,,,,,,,,,,,,,,,,,,,,,,,
int64,sawtooth,radix16,1,100000,20260912,21,1,919000,893200,,,3858540,0,1105920,windows-qpc-cycletime,1,,,,,,,,,,,,,,,,,,,,,,,,,,,,,,,,,,,
int64,sawtooth,std::sort,0,100000,20260912,21,1,1560700,1553300,,,6549900,0,0,windows-qpc-cycletime,1,,,,,,,,,,,,,,,,,,,,,,,,,,,,,,,,,,,
int64,sawtooth,std::stable_sort,1,100000,20260912,21,1,797000,784000,,,3342360,0,0,windows-qpc-cycletime,1,,,,,,,,,,,,,,,,,,,,,,,,,,,,,,,,,,,
int64,sawtooth,orlp::pdqsort,0,100000,20260912,21,1,1064600,1056900,,,4464180,0,0,windows-qpc-cycletime,1,,,,,,,,,,,,,,,,,,,,,,,,,,,,,,,,,,,
int64,sawtooth,orlp::pdqsort_branchless,0,100000,20260912,21,1,765400,750100,,,3213840,0,0,windows-qpc-cycletime,1,,,,,,,,,,,,,,,,,,,,,,,,,,,,,,,,,,,
int64,sawtooth,gfx::timsort,1,100000,20260912,21,1,719200,695700,,,3014340,0,0,windows-qpc-cycletime,1,,,,,,,,,,,,,,,,,,,,,,,,,,,,,,,,,,,
int64,prefixed,introsort,0,100000,20260912,21,1,3817600,3795400,,,16017960,0,0,windows-qpc-cycletime,1,,,,,,,,,,,,,,,,,,,,,,,,,,,,,,,,,,,
int64,prefixed,timsort,1,100000,20260912,21,1,5494300,5480500,,,23062620,0,0,windows-qpc-cycletime,1,,,,,,,,,,,,,,,,,,,,,,,,,,,,,,,,,,,
int64,prefixed,pdqsort,0,100000,20260912,21,1,3876500,3864500,,,16268700,0,0,windows-qpc-cycletime,1,,,,,,,,,,,,,,,,,,,,,,,,,,,,,,,,,,,
int64,prefixed,mergesort,1,100000,20260912,21,1,4491100,4469600,,,18842460,0,49152,windows-qpc-cycletime,1,,,,,,,,,,,,,,,,,,,,,,,,,,,,,,,,,,,
int64,prefixed,heapsort,0,100000,20260912,21,1,6839300,6814700,,,28695240,0,0,windows-qpc-cycletime,1,,,,,,,,,,,,,,,,,,,,,,,,,,,,,,,,,,,
int64,prefixed,brainsort,1,100000,20260912,21,1,761600,644300,,,3170580,0,110592,windows-qpc-cycletime,1,,,,,,,,,,,,,,,,,,,,,,,,,,,,,,,,,,,
int64,prefixed,radix11,1,100000,20260912,21,1,954400,858500,,,4006800,0,49152,windows-qpc-cycletime,1,,,,,,,,,,,,,,,,,,,,,,,,,,,,,,,,,,,
int64,prefixed,radix16,1,100000,20260912,21,1,1190200,1177300,,,4993380,0,1105920,windows-qpc-cycletime,1,,,,,,,,,,,,,,,,,,,,,,,,,,,,,,,,,,,
int64,prefixed,std::sort,0,100000,20260912,21,1,3696500,3681800,,,15502200,0,0,windows-qpc-cycletime,1,,,,,,,,,,,,,,,,,,,,,,,,,,,,,,,,,,,
int64,prefixed,std::stable_sort,1,100000,20260912,21,1,4559700,4538200,,,19131420,0,0,windows-qpc-cycletime,1,,,,,,,,,,,,,,,,,,,,,,,,,,,,,,,,,,,
int64,prefixed,orlp::pdqsort,0,100000,20260912,21,1,3578000,3566100,,,15012480,0,0,windows-qpc-cycletime,1,,,,,,,,,,,,,,,,,,,,,,,,,,,,,,,,,,,
int64,prefixed,orlp::pdqsort_branchless,0,100000,20260912,21,1,1675400,1661700,,,7028700,0,0,windows-qpc-cycletime,1,,,,,,,,,,,,,,,,,,,,,,,,,,,,,,,,,,,
int64,prefixed,gfx::timsort,1,100000,20260912,21,1,6008400,5978800,,,25206300,0,0,windows-qpc-cycletime,1,,,,,,,,,,,,,,,,,,,,,,,,,,,,,,,,,,,
string,random,introsort,0,100000,20260912,21,1,14806900,14764100,,,62130180,0,0,windows-qpc-cycletime,1,,,,,,,,,,,,,,,,,,,,,,,,,,,,,,,,,,,
string,random,timsort,1,100000,20260912,21,1,14307400,14279600,,,60040260,0,0,windows-qpc-cycletime,1,,,,,,,,,,,,,,,,,,,,,,,,,,,,,,,,,,,
string,random,pdqsort,0,100000,20260912,21,1,13276000,13244000,,,55692420,0,0,windows-qpc-cycletime,1,,,,,,,,,,,,,,,,,,,,,,,,,,,,,,,,,,,
string,random,mergesort,1,100000,20260912,21,1,12617900,12581500,,,52904040,0,45056,windows-qpc-cycletime,1,,,,,,,,,,,,,,,,,,,,,,,,,,,,,,,,,,,
string,random,heapsort,0,100000,20260912,21,1,19816500,19710300,,,83149080,0,0,windows-qpc-cycletime,1,,,,,,,,,,,,,,,,,,,,,,,,,,,,,,,,,,,
string,random,brainsort,1,100000,20260912,21,1,3178800,3156100,,,13330800,0,0,windows-qpc-cycletime,1,,,,,,,,,,,,,,,,,,,,,,,,,,,,,,,,,,,
string,random,std::sort,0,100000,20260912,21,1,13515000,13478900,,,56717640,0,0,windows-qpc-cycletime,1,,,,,,,,,,,,,,,,,,,,,,,,,,,,,,,,,,,
string,random,std::stable_sort,1,100000,20260912,21,1,11933600,11883400,,,50080380,0,0,windows-qpc-cycletime,1,,,,,,,,,,,,,,,,,,,,,,,,,,,,,,,,,,,
string,random,orlp::pdqsort,0,100000,20260912,21,1,12941700,12897400,,,54303900,0,0,windows-qpc-cycletime,1,,,,,,,,,,,,,,,,,,,,,,,,,,,,,,,,,,,
string,random,orlp::pdqsort_branchless,0,100000,20260912,21,1,11178700,11147700,,,46920720,0,0,windows-qpc-cycletime,1,,,,,,,,,,,,,,,,,,,,,,,,,,,,,,,,,,,
string,random,gfx::timsort,1,100000,20260912,21,1,13505800,13485100,,,56659680,0,0,windows-qpc-cycletime,1,,,,,,,,,,,,,,,,,,,,,,,,,,,,,,,,,,,
string,sorted,introsort,0,100000,20260912,21,1,8722500,8701900,,,36601740,0,0,windows-qpc-cycletime,1,,,,,,,,,,,,,,,,,,,,,,,,,,,,,,,,,,,
string,sorted,timsort,1,100000,20260912,21,1,587500,582600,,,2462040,0,0,windows-qpc-cycletime,1,,,,,,,,,,,,,,,,,,,,,,,,,,,,,,,,,,,
string,sorted,pdqsort,0,100000,20260912,21,1,1202900,1199900,,,5048820,0,0,windows-qpc-cycletime,1,,,,,,,,,,,,,,,,,,,,,,,,,,,,,,,,,,,
string,sorted,mergesort,1,100000,20260912,21,1,3784300,3752100,,,15883140,0,45056,windows-qpc-cycletime,1,,,,,,,,,,,,,,,,,,,,,,,,,,,,,,,,,,,
string,sorted,heapsort,0,100000,20260912,21,1,11560700,11480000,,,48495300,0,0,windows-qpc-cycletime,1,,,,,,,,,,,,,,,,,,,,,,,,,,,,,,,,,,,
string,sorted,brainsort,1,100000,20260912,21,1,728200,716800,,,3058020,0,0,windows-qpc-cycletime,1,,,,,,,,,,,,,,,,,,,,,,,,,,,,,,,,,,,
string,sorted,std::sort,0,100000,20260912,21,1,8033700,7993100,,,33710040,0,0,windows-qpc-cycletime,1,,,,,,,,,,,,,,,,,,,,,,,,,,,,,,,,,,,
string,sorted,std::stable_sort,1,100000,20260912,21,1,3872500,3837900,,,16251060,0,0,windows-qpc-cycletime,1,,,,,,,,,,,,,,,,,,,,,,,,,,,,,,,,,,,
string,sorted,orlp::pdqsort,0,100000,20260912,21,1,1112500,1105500,,,4666620,0,0,windows-qpc-cycletime,1,,,,,,,,,,,,,,,,,,,,,,,,,,,,,,,,,,,
string,sorted,orlp::pdqsort_branchless,0,100000,20260912,21,1,1187500,1179900,,,4980360,0,0,windows-qpc-cycletime,1,,,,,,,,,,,,,,,,,,,,,,,,,,,,,,,,,,,
string,sorted,gfx::timsort,1,100000,20260912,21,1,702600,695700,,,2948400,0,0,windows-qpc-cycletime,1,,,,,,,,,,,,,,,,,,,,,,,,,,,,,,,,,,,
string,reverse,introsort,0,100000,20260912,21,1,6233500,6202000,,,26160960,0,0,windows-qpc-cycletime,1,,,,,,,,,,,,,,,,,,,,,,,,,,,,,,,,,,,
string,reverse,timsort,1,100000,20260912,21,1,1837600,1817100,,,7712040,0,0,windows-qpc-cycletime,1,,,,,,,,,,,,,,,,,,,,,,,,,,,,,,,,,,,
string,reverse,pdqsort,0,100000,20260912,21,1,1168000,1160900,,,4905180,0,0,windows-qpc-cycletime,1,,,,,,,,,,,,,,,,,,,,,,,,,,,,,,,,,,,
string,reverse,mergesort,1,100000,20260912,21,1,6300800,6272500,,,26421360,0,45056,windows-qpc-cycletime,1,,,,,,,,,,,,,,,,,,,,,,,,,,,,,,,,,,,
string,reverse,heapsort,0,100000,20260912,21,1,13478700,13414900,,,56558880,0,0,windows-qpc-cycletime,1,,,,,,,,,,,,,,,,,,,,,,,,,,,,,,,,,,,
string,reverse,brainsort,1,100000,20260912,21,1,1405500,1389700,,,5898060,0,0,windows-qpc-cycletime,1,,,,,,,,,,,,,,,,,,,,,,,,,,,,,,,,,,,
string,reverse,std::sort,0,100000,20260912,21,1,5927400,5891400,,,24865260,0,0,windows-qpc-cycletime,1,,,,,,,,,,,,,,,,,,,,,,,,,,,,,,,,,,,
string,reverse,std::stable_sort,1,100000,20260912,21,1,3934100,3920600,,,16503900,0,0,windows-qpc-cycletime,1,,,,,,,,,,,,,,,,,,,,,,,,,,,,,,,,,,,
string,reverse,orlp::pdqsort,0,100000,20260912,21,1,1115500,1107500,,,4679640,0,0,windows-qpc-cycletime,1,,,,,,,,,,,,,,,,,,,,,,,,,,,,,,,,,,,
string,reverse,orlp::pdqsort_branchless,0,100000,20260912,21,1,1407600,1399600,,,5909400,0,0,windows-qpc-cycletime,1,,,,,,,,,,,,,,,,,,,,,,,,,,,,,,,,,,,
string,reverse,gfx::timsort,1,100000,20260912,21,1,2611700,2584900,,,10957380,0,0,windows-qpc-cycletime,1,,,,,,,,,,,,,,,,,,,,,,,,,,,,,,,,,,,
string,nearly_sorted,introsort,0,100000,20260912,21,1,8889700,8839000,,,37312800,0,0,windows-qpc-cycletime,1,,,,,,,,,,,,,,,,,,,,,,,,,,,,,,,,,,,
string,nearly_sorted,timsort,1,100000,20260912,21,1,2204500,2178700,,,9240840,0,0,windows-qpc-cycletime,1,,,,,,,,,,,,,,,,,,,,,,,,,,,,,,,,,,,
string,nearly_sorted,pdqsort,0,100000,20260912,21,1,5225700,5197500,,,21932820,0,0,windows-qpc-cycletime,1,,,,,,,,,,,,,,,,,,,,,,,,,,,,,,,,,,,
string,nearly_sorted,mergesort,1,100000,20260912,21,1,5870500,5804300,,,24589740,0,45056,windows-qpc-cycletime,1,,,,,,,,,,,,,,,,,,,,,,,,,,,,,,,,,,,
string,nearly_sorted,heapsort,0,100000,20260912,21,1,12551800,12488700,,,52670520,0,0,windows-qpc-cycletime,1,,,,,,,,,,,,,,,,,,,,,,,,,,,,,,,,,,,
string,nearly_sorted,brainsort,1,100000,20260912,21,1,2332700,2320400,,,9788100,0,0,windows-qpc-cycletime,1,,,,,,,,,,,,,,,,,,,,,,,,,,,,,,,,,,,
string,nearly_sorted,std::sort,0,100000,20260912,21,1,8176000,8129400,,,34276620,0,0,windows-qpc-cycletime,1,,,,,,,,,,,,,,,,,,,,,,,,,,,,,,,,,,,
string,nearly_sorted,std::stable_sort,1,100000,20260912,21,1,5841600,5814000,,,24512040,0,0,windows-qpc-cycletime,1,,,,,,,,,,,,,,,,,,,,,,,,,,,,,,,,,,,
string,nearly_sorted,orlp::pdqsort,0,100000,20260912,21,1,5173400,5101100,,,21712320,0,0,windows-qpc-cycletime,1,,,,,,,,,,,,,,,,,,,,,,,,,,,,,,,,,,,
string,nearly_sorted,orlp::pdqsort_branchless,0,100000,20260912,21,1,5513600,5498500,,,23123100,0,0,windows-qpc-cycletime,1,,,,,,,,,,,,,,,,,,,,,,,,,,,,,,,,,,,
string,nearly_sorted,gfx::timsort,1,100000,20260912,21,1,2745800,2725000,,,11522280,0,0,windows-qpc-cycletime,1,,,,,,,,,,,,,,,,,,,,,,,,,,,,,,,,,,,
string,few_unique,introsort,0,100000,20260912,21,1,9969200,9860800,,,41818140,0,0,windows-qpc-cycletime,1,,,,,,,,,,,,,,,,,,,,,,,,,,,,,,,,,,,
string,few_unique,timsort,1,100000,20260912,21,1,10112600,10044700,,,42433440,0,0,windows-qpc-cycletime,1,,,,,,,,,,,,,,,,,,,,,,,,,,,,,,,,,,,
string,few_unique,pdqsort,0,100000,20260912,21,1,5300300,5266600,,,22239840,0,0,windows-qpc-cycletime,1,,,,,,,,,,,,,,,,,,,,,,,,,,,,,,,,,,,
string,few_unique,mergesort,1,100000,20260912,21,1,9312800,9104500,,,39083100,0,40960,windows-qpc-cycletime,1,,,,,,,,,,,,,,,,,,,,,,,,,,,,,,,,,,,
string,few_unique,heapsort,0,100000,20260912,21,1,15735700,15650700,,,66034920,0,0,windows-qpc-cycletime,1,,,,,,,,,,,,,,,,,,,,,,,,,,,,,,,,,,,
string,few_unique,brainsort,1,100000,20260912,21,1,1757500,1741700,,,7380660,0,0,windows-qpc-cycletime,1,,,,,,,,,,,,,,,,,,,,,,,,,,,,,,,,,,,
string,few_unique,std::sort,0,100000,20260912,21,1,9147400,9108800,,,38386740,0,0,windows-qpc-cycletime,1,,,,,,,,,,,,,,,,,,,,,,,,,,,,,,,,,,,
string,few_unique,std::stable_sort,1,100000,20260912,21,1,8769900,8721100,,,36773520,0,0,windows-qpc-cycletime,1,,,,,,,,,,,,,,,,,,,,,,,,,,,,,,,,,,,
string,few_unique,orlp::pdqsort,0,100000,20260912,21,1,5231200,5216800,,,21946260,0,0,windows-qpc-cycletime,1,,,,,,,,,,,,,,,,,,,,,,,,,,,,,,,,,,,
string,few_unique,orlp::pdqsort_branchless,0,100000,20260912,21,1,4881100,4857900,,,20471640,0,0,windows-qpc-cycletime,1,,,,,,,,,,,,,,,,,,,,,,,,,,,,,,,,,,,
string,few_unique,gfx::timsort,1,100000,20260912,21,1,10545900,10480100,,,44262960,0,0,windows-qpc-cycletime,1,,,,,,,,,,,,,,,,,,,,,,,,,,,,,,,,,,,
string,all_equal,introsort,0,100000,20260912,21,1,6013900,5892400,,,25246200,0,0,windows-qpc-cycletime,1,,,,,,,,,,,,,,,,,,,,,,,,,,,,,,,,,,,
string,all_equal,timsort,1,100000,20260912,21,1,329500,326900,,,1379700,0,0,windows-qpc-cycletime,1,,,,,,,,,,,,,,,,,,,,,,,,,,,,,,,,,,,
string,all_equal,pdqsort,0,100000,20260912,21,1,778900,774800,,,3270120,0,0,windows-qpc-cycletime,1,,,,,,,,,,,,,,,,,,,,,,,,,,,,,,,,,,,
string,all_equal,mergesort,1,100000,20260912,21,1,3437500,3376100,,,14427000,0,0,windows-qpc-cycletime,1,,,,,,,,,,,,,,,,,,,,,,,,,,,,,,,,,,,
string,all_equal,heapsort,0,100000,20260912,21,1,9287200,9236600,,,38952480,0,0,windows-qpc-cycletime,1,,,,,,,,,,,,,,,,,,,,,,,,,,,,,,,,,,,
string,all_equal,brainsort,1,100000,20260912,21,1,448800,445900,,,1883280,0,0,windows-qpc-cycletime,1,,,,,,,,,,,,,,,,,,,,,,,,,,,,,,,,,,,
string,all_equal,std::sort,0,100000,20260912,21,1,5556700,5393500,,,23272620,0,0,windows-qpc-cycletime,1,,,,,,,,,,,,,,,,,,,,,,,,,,,,,,,,,,,
string,all_equal,std::stable_sort,1,100000,20260912,21,1,3425300,3267900,,,14364420,0,0,windows-qpc-cycletime,1,,,,,,,,,,,,,,,,,,,,,,,,,,,,,,,,,,,
string,all_equal,orlp::pdqsort,0,100000,20260912,21,1,683900,676700,,,2858520,0,0,windows-qpc-cycletime,1,,,,,,,,,,,,,,,,,,,,,,,,,,,,,,,,,,,
string,all_equal,orlp::pdqsort_branchless,0,100000,20260912,21,1,764700,758100,,,3204180,0,0,windows-qpc-cycletime,1,,,,,,,,,,,,,,,,,,,,,,,,,,,,,,,,,,,
string,all_equal,gfx::timsort,1,100000,20260912,21,1,415800,409500,,,1745520,0,0,windows-qpc-cycletime,1,,,,,,,,,,,,,,,,,,,,,,,,,,,,,,,,,,,
string,runs,introsort,0,100000,20260912,21,1,11800500,11756700,,,49490280,0,0,windows-qpc-cycletime,1,,,,,,,,,,,,,,,,,,,,,,,,,,,,,,,,,,,
string,runs,timsort,1,100000,20260912,21,1,2691600,2571100,,,11287080,0,0,windows-qpc-cycletime,1,,,,,,,,,,,,,,,,,,,,,,,,,,,,,,,,,,,
string,runs,pdqsort,0,100000,20260912,21,1,11890700,11822000,,,49866600,0,0,windows-qpc-cycletime,1,,,,,,,,,,,,,,,,,,,,,,,,,,,,,,,,,,,
string,runs,mergesort,1,100000,20260912,21,1,5354000,5282400,,,22443120,0,0,windows-qpc-cycletime,1,,,,,,,,,,,,,,,,,,,,,,,,,,,,,,,,,,,
string,runs,heapsort,0,100000,20260912,21,1,19215800,19041900,,,80635380,0,0,windows-qpc-cycletime,1,,,,,,,,,,,,,,,,,,,,,,,,,,,,,,,,,,,
string,runs,brainsort,1,100000,20260912,21,1,2666800,2555900,,,11184600,0,0,windows-qpc-cycletime,1,,,,,,,,,,,,,,,,,,,,,,,,,,,,,,,,,,,
string,runs,std::sort,0,100000,20260912,21,1,11242600,11201500,,,47184060,0,0,windows-qpc-cycletime,1,,,,,,,,,,,,,,,,,,,,,,,,,,,,,,,,,,,
string,runs,std::stable_sort,1,100000,20260912,21,1,5574000,5555500,,,23391060,0,0,windows-qpc-cycletime,1,,,,,,,,,,,,,,,,,,,,,,,,,,,,,,,,,,,
string,runs,orlp::pdqsort,0,100000,20260912,21,1,11375100,11313000,,,47731740,0,0,windows-qpc-cycletime,1,,,,,,,,,,,,,,,,,,,,,,,,,,,,,,,,,,,
string,runs,orlp::pdqsort_branchless,0,100000,20260912,21,1,11819700,11604000,,,49588560,0,0,windows-qpc-cycletime,1,,,,,,,,,,,,,,,,,,,,,,,,,,,,,,,,,,,
string,runs,gfx::timsort,1,100000,20260912,21,1,2613900,2584700,,,10953600,0,0,windows-qpc-cycletime,1,,,,,,,,,,,,,,,,,,,,,,,,,,,,,,,,,,,
string,organ_pipe,introsort,0,100000,20260912,21,1,22936900,22853600,,,96236280,0,0,windows-qpc-cycletime,1,,,,,,,,,,,,,,,,,,,,,,,,,,,,,,,,,,,
string,organ_pipe,timsort,1,100000,20260912,21,1,945500,856700,,,3962700,0,0,windows-qpc-cycletime,1,,,,,,,,,,,,,,,,,,,,,,,,,,,,,,,,,,,
string,organ_pipe,pdqsort,0,100000,20260912,21,1,13317500,12879200,,,55855800,0,0,windows-qpc-cycletime,1,,,,,,,,,,,,,,,,,,,,,,,,,,,,,,,,,,,
string,organ_pipe,mergesort,1,100000,20260912,21,1,4622200,4548900,,,19377960,0,0,windows-qpc-cycletime,1,,,,,,,,,,,,,,,,,,,,,,,,,,,,,,,,,,,
string,organ_pipe,heapsort,0,100000,20260912,21,1,13976100,13895200,,,58640400,0,0,windows-qpc-cycletime,1,,,,,,,,,,,,,,,,,,,,,,,,,,,,,,,,,,,
string,organ_pipe,brainsort,1,100000,20260912,21,1,922300,909900,,,3866520,0,0,windows-qpc-cycletime,1,,,,,,,,,,,,,,,,,,,,,,,,,,,,,,,,,,,
string,organ_pipe,std::sort,0,100000,20260912,21,1,20690700,20596600,,,86816100,0,0,windows-qpc-cycletime,1,,,,,,,,,,,,,,,,,,,,,,,,,,,,,,,,,,,
string,organ_pipe,std::stable_sort,1,100000,20260912,21,1,3467500,3388400,,,14554680,0,0,windows-qpc-cycletime,1,,,,,,,,,,,,,,,,,,,,,,,,,,,,,,,,,,,
string,organ_pipe,orlp::pdqsort,0,100000,20260912,21,1,12517300,12413900,,,52513860,0,0,windows-qpc-cycletime,1,,,,,,,,,,,,,,,,,,,,,,,,,,,,,,,,,,,
string,organ_pipe,orlp::pdqsort_branchless,0,100000,20260912,21,1,13085100,13006300,,,54915420,0,0,windows-qpc-cycletime,1,,,,,,,,,,,,,,,,,,,,,,,,,,,,,,,,,,,
string,organ_pipe,gfx::timsort,1,100000,20260912,21,1,855400,835700,,,3576720,0,0,windows-qpc-cycletime,1,,,,,,,,,,,,,,,,,,,,,,,,,,,,,,,,,,,
string,small_range,introsort,0,100000,20260912,21,1,10260200,10232900,,,43064280,0,0,windows-qpc-cycletime,1,,,,,,,,,,,,,,,,,,,,,,,,,,,,,,,,,,,
string,small_range,timsort,1,100000,20260912,21,1,5952400,5809700,,,24984120,0,0,windows-qpc-cycletime,1,,,,,,,,,,,,,,,,,,,,,,,,,,,,,,,,,,,
string,small_range,pdqsort,0,100000,20260912,21,1,2796600,2773400,,,11740260,0,0,windows-qpc-cycletime,1,,,,,,,,,,,,,,,,,,,,,,,,,,,,,,,,,,,
string,small_range,mergesort,1,100000,20260912,21,1,8786300,8668000,,,36851220,0,0,windows-qpc-cycletime,1,,,,,,,,,,,,,,,,,,,,,,,,,,,,,,,,,,,
string,small_range,heapsort,0,100000,20260912,21,1,15539300,15481000,,,65145360,0,0,windows-qpc-cycletime,1,,,,,,,,,,,,,,,,,,,,,,,,,,,,,,,,,,,
string,small_range,brainsort,1,100000,20260912,21,1,990200,978800,,,4158000,0,0,windows-qpc-cycletime,1,,,,,,,,,,,,,,,,,,,,,,,,,,,,,,,,,,,
string,small_range,std::sort,0,100000,20260912,21,1,9587800,9537900,,,40228020,0,0,windows-qpc-cycletime,1,,,,,,,,,,,,,,,,,,,,,,,,,,,,,,,,,,,
string,small_range,std::stable_sort,1,100000,20260912,21,1,8995500,8964700,,,37731540,0,0,windows-qpc-cycletime,1,,,,,,,,,,,,,,,,,,,,,,,,,,,,,,,,,,,
string,small_range,orlp::pdqsort,0,100000,20260912,21,1,2710100,2675500,,,11366040,0,0,windows-qpc-cycletime,1,,,,,,,,,,,,,,,,,,,,,,,,,,,,,,,,,,,
string,small_range,orlp::pdqsort_branchless,0,100000,20260912,21,1,2504600,2485200,,,10511760,0,0,windows-qpc-cycletime,1,,,,,,,,,,,,,,,,,,,,,,,,,,,,,,,,,,,
string,small_range,gfx::timsort,1,100000,20260912,21,1,5811700,5765300,,,24375120,0,0,windows-qpc-cycletime,1,,,,,,,,,,,,,,,,,,,,,,,,,,,,,,,,,,,
string,sawtooth,introsort,0,100000,20260912,21,1,10144800,10015800,,,42559440,0,0,windows-qpc-cycletime,1,,,,,,,,,,,,,,,,,,,,,,,,,,,,,,,,,,,
string,sawtooth,timsort,1,100000,20260912,21,1,2985800,2796400,,,12529440,0,0,windows-qpc-cycletime,1,,,,,,,,,,,,,,,,,,,,,,,,,,,,,,,,,,,
string,sawtooth,pdqsort,0,100000,20260912,21,1,8084200,8027300,,,33930120,0,0,windows-qpc-cycletime,1,,,,,,,,,,,,,,,,,,,,,,,,,,,,,,,,,,,
string,sawtooth,mergesort,1,100000,20260912,21,1,5068800,4991200,,,21257880,0,0,windows-qpc-cycletime,1,,,,,,,,,,,,,,,,,,,,,,,,,,,,,,,,,,,
string,sawtooth,heapsort,0,100000,20260912,21,1,18852700,18735500,,,79118760,0,0,windows-qpc-cycletime,1,,,,,,,,,,,,,,,,,,,,,,,,,,,,,,,,,,,
string,sawtooth,brainsort,1,100000,20260912,21,1,1535600,1503600,,,6448260,0,0,windows-qpc-cycletime,1,,,,,,,,,,,,,,,,,,,,,,,,,,,,,,,,,,,
string,sawtooth,std::sort,0,100000,20260912,21,1,9449300,9334700,,,39652200,0,0,windows-qpc-cycletime,1,,,,,,,,,,,,,,,,,,,,,,,,,,,,,,,,,,,
string,sawtooth,std::stable_sort,1,100000,20260912,21,1,5006100,4905100,,,20978160,0,0,windows-qpc-cycletime,1,,,,,,,,,,,,,,,,,,,,,,,,,,,,,,,,,,,
string,sawtooth,orlp::pdqsort,0,100000,20260912,21,1,7854800,7798300,,,32960760,0,0,windows-qpc-cycletime,1,,,,,,,,,,,,,,,,,,,,,,,,,,,,,,,,,,,
string,sawtooth,orlp::pdqsort_branchless,0,100000,20260912,21,1,8513200,8303500,,,35728980,0,0,windows-qpc-cycletime,1,,,,,,,,,,,,,,,,,,,,,,,,,,,,,,,,,,,
string,sawtooth,gfx::timsort,1,100000,20260912,21,1,2865700,2803400,,,12023340,0,0,windows-qpc-cycletime,1,,,,,,,,,,,,,,,,,,,,,,,,,,,,,,,,,,,
string,prefixed,introsort,0,100000,20260912,21,1,17096900,16991900,,,71707860,0,0,windows-qpc-cycletime,1,,,,,,,,,,,,,,,,,,,,,,,,,,,,,,,,,,,
string,prefixed,timsort,1,100000,20260912,21,1,15701200,15663400,,,65887080,0,0,windows-qpc-cycletime,1,,,,,,,,,,,,,,,,,,,,,,,,,,,,,,,,,,,
string,prefixed,pdqsort,0,100000,20260912,21,1,16871800,16792800,,,70783440,0,0,windows-qpc-cycletime,1,,,,,,,,,,,,,,,,,,,,,,,,,,,,,,,,,,,
string,prefixed,mergesort,1,100000,20260912,21,1,14013500,13967000,,,58799160,0,0,windows-qpc-cycletime,1,,,,,,,,,,,,,,,,,,,,,,,,,,,,,,,,,,,
string,prefixed,heapsort,0,100000,20260912,21,1,24413300,24262900,,,102455640,0,0,windows-qpc-cycletime,1,,,,,,,,,,,,,,,,,,,,,,,,,,,,,,,,,,,
string,prefixed,brainsort,1,100000,20260912,21,1,2510400,2299200,,,10538640,0,0,windows-qpc-cycletime,1,,,,,,,,,,,,,,,,,,,,,,,,,,,,,,,,,,,
string,prefixed,std::sort,0,100000,20260912,21,1,15951200,15860900,,,66914400,0,0,windows-qpc-cycletime,1,,,,,,,,,,,,,,,,,,,,,,,,,,,,,,,,,,,
string,prefixed,std::stable_sort,1,100000,20260912,21,1,13726600,13630800,,,57599220,0,0,windows-qpc-cycletime,1,,,,,,,,,,,,,,,,,,,,,,,,,,,,,,,,,,,
string,prefixed,orlp::pdqsort,0,100000,20260912,21,1,16453500,16374200,,,69007260,0,0,windows-qpc-cycletime,1,,,,,,,,,,,,,,,,,,,,,,,,,,,,,,,,,,,
string,prefixed,orlp::pdqsort_branchless,0,100000,20260912,21,1,14049800,13992900,,,58956660,0,0,windows-qpc-cycletime,1,,,,,,,,,,,,,,,,,,,,,,,,,,,,,,,,,,,
string,prefixed,gfx::timsort,1,100000,20260912,21,1,14949600,14889200,,,62740440,0,0,windows-qpc-cycletime,1,,,,,,,,,,,,,,,,,,,,,,,,,,,,,,,,,,,
int32,random,introsort,0,1000000,20260912,3,1,45250100,45041700,,,189829500,0,0,windows-qpc-cycletime,1,,,,,,,,,,,,,,,,,,,,,,,,,,,,,,,,,,,
int32,random,timsort,1,1000000,20260912,3,1,64377100,64015400,,,270108300,0,0,windows-qpc-cycletime,1,,,,,,,,,,,,,,,,,,,,,,,,,,,,,,,,,,,
int32,random,pdqsort,0,1000000,20260912,3,1,46381200,45990100,,,194535180,0,0,windows-qpc-cycletime,1,,,,,,,,,,,,,,,,,,,,,,,,,,,,,,,,,,,
int32,random,mergesort,1,1000000,20260912,3,1,50952400,50106300,,,213820740,0,315392,windows-qpc-cycletime,1,,,,,,,,,,,,,,,,,,,,,,,,,,,,,,,,,,,
int32,random,heapsort,0,1000000,20260912,3,1,77546200,77443000,,,325287060,0,0,windows-qpc-cycletime,1,,,,,,,,,,,,,,,,,,,,,,,,,,,,,,,,,,,
int32,random,brainsort,1,1000000,20260912,3,1,4423400,4377200,,,18562320,0,0,windows-qpc-cycletime,1,,,,,,,,,,,,,,,,,,,,,,,,,,,,,,,,,,,
int32,random,radix11,1,1000000,20260912,3,1,8366100,8343100,,,35114940,0,348160,windows-qpc-cycletime,1,,,,,,,,,,,,,,,,,,,,,,,,,,,,,,,,,,,
int32,random,radix16,1,1000000,20260912,3,1,6905900,6795500,,,28921200,0,847872,windows-qpc-cycletime,1,,,,,,,,,,,,,,,,,,,,,,,,,,,,,,,,,,,
int32,random,std::sort,0,1000000,20260912,3,1,42889400,42528400,,,179947740,0,0,windows-qpc-cycletime,1,,,,,,,,,,,,,,,,,,,,,,,,,,,,,,,,,,,
int32,random,std::stable_sort,1,1000000,20260912,3,1,50137100,49720000,,,210195720,0,0,windows-qpc-cycletime,1,,,,,,,,,,,,,,,,,,,,,,,,,,,,,,,,,,,
int32,random,orlp::pdqsort,0,1000000,20260912,3,1,42121000,42077900,,,176724660,0,0,windows-qpc-cycletime,1,,,,,,,,,,,,,,,,,,,,,,,,,,,,,,,,,,,
int32,random,orlp::pdqsort_branchless,0,1000000,20260912,3,1,17464500,17452600,,,73268160,0,0,windows-qpc-cycletime,1,,,,,,,,,,,,,,,,,,,,,,,,,,,,,,,,,,,
int32,random,gfx::timsort,1,1000000,20260912,3,1,66792700,66575700,,,280236600,0,851968,windows-qpc-cycletime,1,,,,,,,,,,,,,,,,,,,,,,,,,,,,,,,,,,,
int32,sorted,introsort,0,1000000,20260912,3,1,8124100,8098900,,,34092660,0,0,windows-qpc-cycletime,1,,,,,,,,,,,,,,,,,,,,,,,,,,,,,,,,,,,
int32,sorted,timsort,1,1000000,20260912,3,1,215800,213500,,,905520,0,0,windows-qpc-cycletime,1,,,,,,,,,,,,,,,,,,,,,,,,,,,,,,,,,,,
int32,sorted,pdqsort,0,1000000,20260912,3,1,429800,422900,,,1803900,0,0,windows-qpc-cycletime,1,,,,,,,,,,,,,,,,,,,,,,,,,,,,,,,,,,,
int32,sorted,mergesort,1,1000000,20260912,3,1,8981300,8932900,,,37674840,0,315392,windows-qpc-cycletime,1,,,,,,,,,,,,,,,,,,,,,,,,,,,,,,,,,,,
int32,sorted,heapsort,0,1000000,20260912,3,1,30389200,30377000,,,127476720,0,0,windows-qpc-cycletime,1,,,,,,,,,,,,,,,,,,,,,,,,,,,,,,,,,,,
int32,sorted,brainsort,1,1000000,20260912,3,1,173800,165400,,,729120,0,0,windows-qpc-cycletime,1,,,,,,,,,,,,,,,,,,,,,,,,,,,,,,,,,,,
int32,sorted,radix11,1,1000000,20260912,3,1,8465300,8436600,,,35519400,0,348160,windows-qpc-cycletime,1,,,,,,,,,,,,,,,,,,,,,,,,,,,,,,,,,,,
int32,sorted,radix16,1,1000000,20260912,3,1,7150600,6983000,,,29922480,0,847872,windows-qpc-cycletime,1,,,,,,,,,,,,,,,,,,,,,,,,,,,,,,,,,,,
int32,sorted,std::sort,0,1000000,20260912,3,1,6888200,6887200,,,28908600,0,0,windows-qpc-cycletime,1,,,,,,,,,,,,,,,,,,,,,,,,,,,,,,,,,,,
int32,sorted,std::stable_sort,1,1000000,20260912,3,1,6548700,6501200,,,27481860,0,0,windows-qpc-cycletime,1,,,,,,,,,,,,,,,,,,,,,,,,,,,,,,,,,,,
int32,sorted,orlp::pdqsort,0,1000000,20260912,3,1,436700,424000,,,1832880,0,0,windows-qpc-cycletime,1,,,,,,,,,,,,,,,,,,,,,,,,,,,,,,,,,,,
int32,sorted,orlp::pdqsort_branchless,0,1000000,20260912,3,1,451500,432800,,,1895880,0,0,windows-qpc-cycletime,1,,,,,,,,,,,,,,,,,,,,,,,,,,,,,,,,,,,
int32,sorted,gfx::timsort,1,1000000,20260912,3,1,447800,411600,,,1879500,0,0,windows-qpc-cycletime,1,,,,,,,,,,,,,,,,,,,,,,,,,,,,,,,,,,,
int32,reverse,introsort,0,1000000,20260912,3,1,6229000,6205600,,,26105100,0,0,windows-qpc-cycletime,1,,,,,,,,,,,,,,,,,,,,,,,,,,,,,,,,,,,
int32,reverse,timsort,1,1000000,20260912,3,1,4396300,4271700,,,18448500,0,0,windows-qpc-cycletime,1,,,,,,,,,,,,,,,,,,,,,,,,,,,,,,,,,,,
int32,reverse,pdqsort,0,1000000,20260912,3,1,790900,745000,,,3320100,0,0,windows-qpc-cycletime,1,,,,,,,,,,,,,,,,,,,,,,,,,,,,,,,,,,,
int32,reverse,mergesort,1,1000000,20260912,3,1,10841400,10821900,,,45458700,0,315392,windows-qpc-cycletime,1,,,,,,,,,,,,,,,,,,,,,,,,,,,,,,,,,,,
int32,reverse,heapsort,0,1000000,20260912,3,1,35751400,35717000,,,150036600,0,0,windows-qpc-cycletime,1,,,,,,,,,,,,,,,,,,,,,,,,,,,,,,,,,,,
int32,reverse,brainsort,1,1000000,20260912,3,1,684300,677400,,,2873220,0,0,windows-qpc-cycletime,1,,,,,,,,,,,,,,,,,,,,,,,,,,,,,,,,,,,
int32,reverse,radix11,1,1000000,20260912,3,1,9056800,9047100,,,38006220,0,348160,windows-qpc-cycletime,1,,,,,,,,,,,,,,,,,,,,,,,,,,,,,,,,,,,
int32,reverse,radix16,1,1000000,20260912,3,1,7087000,7045200,,,29745240,0,847872,windows-qpc-cycletime,1,,,,,,,,,,,,,,,,,,,,,,,,,,,,,,,,,,,
int32,reverse,std::sort,0,1000000,20260912,3,1,4905000,4860000,,,20586300,0,0,windows-qpc-cycletime,1,,,,,,,,,,,,,,,,,,,,,,,,,,,,,,,,,,,
int32,reverse,std::stable_sort,1,1000000,20260912,3,1,9741300,9682800,,,40836180,0,0,windows-qpc-cycletime,1,,,,,,,,,,,,,,,,,,,,,,,,,,,,,,,,,,,
int32,reverse,orlp::pdqsort,0,1000000,20260912,3,1,782100,770700,,,3283560,0,0,windows-qpc-cycletime,1,,,,,,,,,,,,,,,,,,,,,,,,,,,,,,,,,,,
int32,reverse,orlp::pdqsort_branchless,0,1000000,20260912,3,1,991300,986900,,,4160100,0,0,windows-qpc-cycletime,1,,,,,,,,,,,,,,,,,,,,,,,,,,,,,,,,,,,
int32,reverse,gfx::timsort,1,1000000,20260912,3,1,3998000,3982500,,,16775220,0,0,windows-qpc-cycletime,1,,,,,,,,,,,,,,,,,,,,,,,,,,,,,,,,,,,
int32,nearly_sorted,introsort,0,1000000,20260912,3,1,9230400,9196400,,,38724420,0,0,windows-qpc-cycletime,1,,,,,,,,,,,,,,,,,,,,,,,,,,,,,,,,,,,
int32,nearly_sorted,timsort,1,1000000,20260912,3,1,9927000,9884700,,,41653500,0,0,windows-qpc-cycletime,1,,,,,,,,,,,,,,,,,,,,,,,,,,,,,,,,,,,
int32,nearly_sorted,pdqsort,0,1000000,20260912,3,1,4960000,4959200,,,20821080,0,0,windows-qpc-cycletime,1,,,,,,,,,,,,,,,,,,,,,,,,,,,,,,,,,,,
int32,nearly_sorted,mergesort,1,1000000,20260912,3,1,10539100,10525300,,,44221380,0,315392,windows-qpc-cycletime,1,,,,,,,,,,,,,,,,,,,,,,,,,,,,,,,,,,,
int32,nearly_sorted,heapsort,0,1000000,20260912,3,1,33476400,33397000,,,140483280,0,0,windows-qpc-cycletime,1,,,,,,,,,,,,,,,,,,,,,,,,,,,,,,,,,,,
int32,nearly_sorted,brainsort,1,1000000,20260912,3,1,4201200,4082000,,,17624880,0,0,windows-qpc-cycletime,1,,,,,,,,,,,,,,,,,,,,,,,,,,,,,,,,,,,
int32,nearly_sorted,radix11,1,1000000,20260912,3,1,8677600,8623200,,,36310680,0,348160,windows-qpc-cycletime,1,,,,,,,,,,,,,,,,,,,,,,,,,,,,,,,,,,,
int32,nearly_sorted,radix16,1,1000000,20260912,3,1,6762500,6738600,,,28374360,0,847872,windows-qpc-cycletime,1,,,,,,,,,,,,,,,,,,,,,,,,,,,,,,,,,,,
int32,nearly_sorted,std::sort,0,1000000,20260912,3,1,7798300,7777300,,,32725560,0,0,windows-qpc-cycletime,1,,,,,,,,,,,,,,,,,,,,,,,,,,,,,,,,,,,
int32,nearly_sorted,std::stable_sort,1,1000000,20260912,3,1,9124100,9106900,,,38270820,0,0,windows-qpc-cycletime,1,,,,,,,,,,,,,,,,,,,,,,,,,,,,,,,,,,,
int32,nearly_sorted,orlp::pdqsort,0,1000000,20260912,3,1,4730800,4722700,,,19840380,0,0,windows-qpc-cycletime,1,,,,,,,,,,,,,,,,,,,,,,,,,,,,,,,,,,,
int32,nearly_sorted,orlp::pdqsort_branchless,0,1000000,20260912,3,1,6038600,6036900,,,25342800,0,0,windows-qpc-cycletime,1,,,,,,,,,,,,,,,,,,,,,,,,,,,,,,,,,,,
int32,nearly_sorted,gfx::timsort,1,1000000,20260912,3,1,7992700,7901200,,,33528600,0,0,windows-qpc-cycletime,1,,,,,,,,,,,,,,,,,,,,,,,,,,,,,,,,,,,
int32,few_unique,introsort,0,1000000,20260912,3,1,22210400,22069100,,,93201360,0,0,windows-qpc-cycletime,1,,,,,,,,,,,,,,,,,,,,,,,,,,,,,,,,,,,
int32,few_unique,timsort,1,1000000,20260912,3,1,40760200,40755300,,,170982840,0,0,windows-qpc-cycletime,1,,,,,,,,,,,,,,,,,,,,,,,,,,,,,,,,,,,
int32,few_unique,pdqsort,0,1000000,20260912,3,1,15656200,15653300,,,65696400,0,0,windows-qpc-cycletime,1,,,,,,,,,,,,,,,,,,,,,,,,,,,,,,,,,,,
int32,few_unique,mergesort,1,1000000,20260912,3,1,28980800,28897500,,,121581180,0,315392,windows-qpc-cycletime,1,,,,,,,,,,,,,,,,,,,,,,,,,,,,,,,,,,,
int32,few_unique,heapsort,0,1000000,20260912,3,1,51084700,50672500,,,214372620,0,0,windows-qpc-cycletime,1,,,,,,,,,,,,,,,,,,,,,,,,,,,,,,,,,,,
int32,few_unique,brainsort,1,1000000,20260912,3,1,2779300,2766100,,,11656260,0,0,windows-qpc-cycletime,1,,,,,,,,,,,,,,,,,,,,,,,,,,,,,,,,,,,
int32,few_unique,radix11,1,1000000,20260912,3,1,7588400,7567200,,,31743600,0,348160,windows-qpc-cycletime,1,,,,,,,,,,,,,,,,,,,,,,,,,,,,,,,,,,,
int32,few_unique,radix16,1,1000000,20260912,3,1,5635100,5575800,,,23633820,0,847872,windows-qpc-cycletime,1,,,,,,,,,,,,,,,,,,,,,,,,,,,,,,,,,,,
int32,few_unique,std::sort,0,1000000,20260912,3,1,20418800,20391700,,,85696800,0,0,windows-qpc-cycletime,1,,,,,,,,,,,,,,,,,,,,,,,,,,,,,,,,,,,
int32,few_unique,std::stable_sort,1,1000000,20260912,3,1,28185500,28118800,,,118264860,0,0,windows-qpc-cycletime,1,,,,,,,,,,,,,,,,,,,,,,,,,,,,,,,,,,,
int32,few_unique,orlp::pdqsort,0,1000000,20260912,3,1,14580400,14506200,,,61194840,0,0,windows-qpc-cycletime,1,,,,,,,,,,,,,,,,,,,,,,,,,,,,,,,,,,,
int32,few_unique,orlp::pdqsort_branchless,0,1000000,20260912,3,1,4579000,4577100,,,19215840,0,0,windows-qpc-cycletime,1,,,,,,,,,,,,,,,,,,,,,,,,,,,,,,,,,,,
int32,few_unique,gfx::timsort,1,1000000,20260912,3,1,43928600,43748400,,,184338000,0,0,windows-qpc-cycletime,1,,,,,,,,,,,,,,,,,,,,,,,,,,,,,,,,,,,
int32,all_equal,introsort,0,1000000,20260912,3,1,6782500,6735100,,,28465920,0,0,windows-qpc-cycletime,1,,,,,,,,,,,,,,,,,,,,,,,,,,,,,,,,,,,
int32,all_equal,timsort,1,1000000,20260912,3,1,216500,211800,,,908460,0,0,windows-qpc-cycletime,1,,,,,,,,,,,,,,,,,,,,,,,,,,,,,,,,,,,
int32,all_equal,pdqsort,0,1000000,20260912,3,1,430700,424400,,,1807680,0,0,windows-qpc-cycletime,1,,,,,,,,,,,,,,,,,,,,,,,,,,,,,,,,,,,
int32,all_equal,mergesort,1,1000000,20260912,3,1,8971600,8943700,,,37638300,0,315392,windows-qpc-cycletime,1,,,,,,,,,,,,,,,,,,,,,,,,,,,,,,,,,,,
int32,all_equal,heapsort,0,1000000,20260912,3,1,33323300,33264000,,,139687380,0,0,windows-qpc-cycletime,1,,,,,,,,,,,,,,,,,,,,,,,,,,,,,,,,,,,
int32,all_equal,brainsort,1,1000000,20260912,3,1,164600,162300,,,690480,0,0,windows-qpc-cycletime,1,,,,,,,,,,,,,,,,,,,,,,,,,,,,,,,,,,,
int32,all_equal,radix11,1,1000000,20260912,3,1,1769100,1766500,,,7410900,0,0,windows-qpc-cycletime,1,,,,,,,,,,,,,,,,,,,,,,,,,,,,,,,,,,,
int32,all_equal,radix16,1,1000000,20260912,3,1,798900,704400,,,3353280,0,0,windows-qpc-cycletime,1,,,,,,,,,,,,,,,,,,,,,,,,,,,,,,,,,,,
int32,all_equal,std::sort,0,1000000,20260912,3,1,6280800,6270000,,,26359200,0,0,windows-qpc-cycletime,1,,,,,,,,,,,,,,,,,,,,,,,,,,,,,,,,,,,
int32,all_equal,std::stable_sort,1,1000000,20260912,3,1,6537100,6488900,,,27429360,0,0,windows-qpc-cycletime,1,,,,,,,,,,,,,,,,,,,,,,,,,,,,,,,,,,,
int32,all_equal,orlp::pdqsort,0,1000000,20260912,3,1,433200,417700,,,1818180,0,0,windows-qpc-cycletime,1,,,,,,,,,,,,,,,,,,,,,,,,,,,,,,,,,,,
int32,all_equal,orlp::pdqsort_branchless,0,1000000,20260912,3,1,427400,425800,,,1794240,0,0,windows-qpc-cycletime,1,,,,,,,,,,,,,,,,,,,,,,,,,,,,,,,,,,,
int32,all_equal,gfx::timsort,1,1000000,20260912,3,1,448000,415800,,,1875720,0,0,windows-qpc-cycletime,1,,,,,,,,,,,,,,,,,,,,,,,,,,,,,,,,,,,
int32,runs,introsort,0,1000000,20260912,3,1,23609000,23447300,,,99073800,0,0,windows-qpc-cycletime,1,,,,,,,,,,,,,,,,,,,,,,,,,,,,,,,,,,,
int32,runs,timsort,1,1000000,20260912,3,1,16072700,16013000,,,67441080,0,0,windows-qpc-cycletime,1,,,,,,,,,,,,,,,,,,,,,,,,,,,,,,,,,,,
int32,runs,pdqsort,0,1000000,20260912,3,1,20642800,20582700,,,86586360,0,0,windows-qpc-cycletime,1,,,,,,,,,,,,,,,,,,,,,,,,,,,,,,,,,,,
int32,runs,mergesort,1,1000000,20260912,3,1,18625500,18528200,,,78144360,0,315392,windows-qpc-cycletime,1,,,,,,,,,,,,,,,,,,,,,,,,,,,,,,,,,,,
int32,runs,heapsort,0,1000000,20260912,3,1,57592200,57426900,,,241626000,0,0,windows-qpc-cycletime,1,,,,,,,,,,,,,,,,,,,,,,,,,,,,,,,,,,,
int32,runs,brainsort,1,1000000,20260912,3,1,5059500,4967600,,,21195720,0,409600,windows-qpc-cycletime,1,,,,,,,,,,,,,,,,,,,,,,,,,,,,,,,,,,,
int32,runs,radix11,1,1000000,20260912,3,1,8038600,7952500,,,33722220,0,348160,windows-qpc-cycletime,1,,,,,,,,,,,,,,,,,,,,,,,,,,,,,,,,,,,
int32,runs,radix16,1,1000000,20260912,3,1,4866900,4821500,,,20330520,0,847872,windows-qpc-cycletime,1,,,,,,,,,,,,,,,,,,,,,,,,,,,,,,,,,,,
int32,runs,std::sort,0,1000000,20260912,3,1,21428300,21384500,,,89927880,0,0,windows-qpc-cycletime,1,,,,,,,,,,,,,,,,,,,,,,,,,,,,,,,,,,,
int32,runs,std::stable_sort,1,1000000,20260912,3,1,16388100,16356300,,,68752740,0,0,windows-qpc-cycletime,1,,,,,,,,,,,,,,,,,,,,,,,,,,,,,,,,,,,
int32,runs,orlp::pdqsort,0,1000000,20260912,3,1,18832800,18720100,,,79007040,0,0,windows-qpc-cycletime,1,,,,,,,,,,,,,,,,,,,,,,,,,,,,,,,,,,,
int32,runs,orlp::pdqsort_branchless,0,1000000,20260912,3,1,16682900,16598400,,,70019880,0,0,windows-qpc-cycletime,1,,,,,,,,,,,,,,,,,,,,,,,,,,,,,,,,,,,
int32,runs,gfx::timsort,1,1000000,20260912,3,1,14270400,14118900,,,59867640,0,561152,windows-qpc-cycletime,1,,,,,,,,,,,,,,,,,,,,,,,,,,,,,,,,,,,
int32,organ_pipe,introsort,0,1000000,20260912,3,1,46990800,46938200,,,197107680,0,0,windows-qpc-cycletime,1,,,,,,,,,,,,,,,,,,,,,,,,,,,,,,,,,,,
int32,organ_pipe,timsort,1,1000000,20260912,3,1,1659500,1644700,,,6961080,0,0,windows-qpc-cycletime,1,,,,,,,,,,,,,,,,,,,,,,,,,,,,,,,,,,,
int32,organ_pipe,pdqsort,0,1000000,20260912,3,1,16617100,16495800,,,69746460,0,0,windows-qpc-cycletime,1,,,,,,,,,,,,,,,,,,,,,,,,,,,,,,,,,,,
int32,organ_pipe,mergesort,1,1000000,20260912,3,1,9962200,9944500,,,41782860,0,315392,windows-qpc-cycletime,1,,,,,,,,,,,,,,,,,,,,,,,,,,,,,,,,,,,
int32,organ_pipe,heapsort,0,1000000,20260912,3,1,35987600,35778800,,,151034520,0,0,windows-qpc-cycletime,1,,,,,,,,,,,,,,,,,,,,,,,,,,,,,,,,,,,
int32,organ_pipe,brainsort,1,1000000,20260912,3,1,1487400,1469400,,,6177780,0,0,windows-qpc-cycletime,1,,,,,,,,,,,,,,,,,,,,,,,,,,,,,,,,,,,
int32,organ_pipe,radix11,1,1000000,20260912,3,1,7158800,6811200,,,28570080,0,348160,windows-qpc-cycletime,1,,,,,,,,,,,,,,,,,,,,,,,,,,,,,,,,,,,
int32,organ_pipe,radix16,1,1000000,20260912,3,1,3598300,3576500,,,15054480,0,847872,windows-qpc-cycletime,1,,,,,,,,,,,,,,,,,,,,,,,,,,,,,,,,,,,
int32,organ_pipe,std::sort,0,1000000,20260912,3,1,33980700,33946200,,,142557660,0,0,windows-qpc-cycletime,1,,,,,,,,,,,,,,,,,,,,,,,,,,,,,,,,,,,
int32,organ_pipe,std::stable_sort,1,1000000,20260912,3,1,8372200,8359100,,,35130900,0,0,windows-qpc-cycletime,1,,,,,,,,,,,,,,,,,,,,,,,,,,,,,,,,,,,
int32,organ_pipe,orlp::pdqsort,0,1000000,20260912,3,1,14765000,14740300,,,61908000,0,0,windows-qpc-cycletime,1,,,,,,,,,,,,,,,,,,,,,,,,,,,,,,,,,,,
int32,organ_pipe,orlp::pdqsort_branchless,0,1000000,20260912,3,1,18569400,18548500,,,77928900,0,0,windows-qpc-cycletime,1,,,,,,,,,,,,,,,,,,,,,,,,,,,,,,,,,,,
int32,organ_pipe,gfx::timsort,1,1000000,20260912,3,1,1509900,1418300,,,6333600,0,0,windows-qpc-cycletime,1,,,,,,,,,,,,,,,,,,,,,,,,,,,,,,,,,,,
int32,small_range,introsort,0,1000000,20260912,3,1,13122400,13001300,,,55064100,0,0,windows-qpc-cycletime,1,,,,,,,,,,,,,,,,,,,,,,,,,,,,,,,,,,,
int32,small_range,timsort,1,1000000,20260912,3,1,23701400,23678500,,,99458940,0,0,windows-qpc-cycletime,1,,,,,,,,,,,,,,,,,,,,,,,,,,,,,,,,,,,
int32,small_range,pdqsort,0,1000000,20260912,3,1,4598900,4573800,,,19254480,0,0,windows-qpc-cycletime,1,,,,,,,,,,,,,,,,,,,,,,,,,,,,,,,,,,,
int32,small_range,mergesort,1,1000000,20260912,3,1,17196700,17157200,,,72119040,0,315392,windows-qpc-cycletime,1,,,,,,,,,,,,,,,,,,,,,,,,,,,,,,,,,,,
int32,small_range,heapsort,0,1000000,20260912,3,1,29669000,29320800,,,124419120,0,0,windows-qpc-cycletime,1,,,,,,,,,,,,,,,,,,,,,,,,,,,,,,,,,,,
int32,small_range,brainsort,1,1000000,20260912,3,1,1387200,1344700,,,5819100,0,0,windows-qpc-cycletime,1,,,,,,,,,,,,,,,,,,,,,,,,,,,,,,,,,,,
int32,small_range,radix11,1,1000000,20260912,3,1,3861200,3834400,,,16163280,0,348160,windows-qpc-cycletime,1,,,,,,,,,,,,,,,,,,,,,,,,,,,,,,,,,,,
int32,small_range,radix16,1,1000000,20260912,3,1,2903500,2786100,,,12159000,0,847872,windows-qpc-cycletime,1,,,,,,,,,,,,,,,,,,,,,,,,,,,,,,,,,,,
int32,small_range,std::sort,0,1000000,20260912,3,1,12019100,11969300,,,50443680,0,0,windows-qpc-cycletime,1,,,,,,,,,,,,,,,,,,,,,,,,,,,,,,,,,,,
int32,small_range,std::stable_sort,1,1000000,20260912,3,1,16405400,16300600,,,68857740,0,0,windows-qpc-cycletime,1,,,,,,,,,,,,,,,,,,,,,,,,,,,,,,,,,,,
int32,small_range,orlp::pdqsort,0,1000000,20260912,3,1,4480000,4475200,,,18793740,0,0,windows-qpc-cycletime,1,,,,,,,,,,,,,,,,,,,,,,,,,,,,,,,,,,,
int32,small_range,orlp::pdqsort_branchless,0,1000000,20260912,3,1,2330100,2318600,,,9772140,0,0,windows-qpc-cycletime,1,,,,,,,,,,,,,,,,,,,,,,,,,,,,,,,,,,,
int32,small_range,gfx::timsort,1,1000000,20260912,3,1,26142000,25985100,,,109672500,0,0,windows-qpc-cycletime,1,,,,,,,,,,,,,,,,,,,,,,,,,,,,,,,,,,,
int32,sawtooth,introsort,0,1000000,20260912,3,1,18963800,18913200,,,79576980,0,0,windows-qpc-cycletime,1,,,,,,,,,,,,,,,,,,,,,,,,,,,,,,,,,,,
int32,sawtooth,timsort,1,1000000,20260912,3,1,8073300,8050900,,,33833940,0,0,windows-qpc-cycletime,1,,,,,,,,,,,,,,,,,,,,,,,,,,,,,,,,,,,
int32,sawtooth,pdqsort,0,1000000,20260912,3,1,10854200,10779900,,,45538920,0,0,windows-qpc-cycletime,1,,,,,,,,,,,,,,,,,,,,,,,,,,,,,,,,,,,
int32,sawtooth,mergesort,1,1000000,20260912,3,1,9944700,9925100,,,41717760,0,315392,windows-qpc-cycletime,1,,,,,,,,,,,,,,,,,,,,,,,,,,,,,,,,,,,
int32,sawtooth,heapsort,0,1000000,20260912,3,1,58151500,57882600,,,244019580,0,0,windows-qpc-cycletime,1,,,,,,,,,,,,,,,,,,,,,,,,,,,,,,,,,,,
int32,sawtooth,brainsort,1,1000000,20260912,3,1,3754400,3651500,,,15754620,0,389120,windows-qpc-cycletime,1,,,,,,,,,,,,,,,,,,,,,,,,,,,,,,,,,,,
int32,sawtooth,radix11,1,1000000,20260912,3,1,4749500,4702600,,,19921020,0,348160,windows-qpc-cycletime,1,,,,,,,,,,,,,,,,,,,,,,,,,,,,,,,,,,,
int32,sawtooth,radix16,1,1000000,20260912,3,1,3717700,3701800,,,15601740,0,847872,windows-qpc-cycletime,1,,,,,,,,,,,,,,,,,,,,,,,,,,,,,,,,,,,
int32,sawtooth,std::sort,0,1000000,20260912,3,1,16548000,16500200,,,69436080,0,0,windows-qpc-cycletime,1,,,,,,,,,,,,,,,,,,,,,,,,,,,,,,,,,,,
int32,sawtooth,std::stable_sort,1,1000000,20260912,3,1,8126200,8107500,,,34073340,0,0,windows-qpc-cycletime,1,,,,,,,,,,,,,,,,,,,,,,,,,,,,,,,,,,,
int32,sawtooth,orlp::pdqsort,0,1000000,20260912,3,1,10070000,10046100,,,42255360,0,0,windows-qpc-cycletime,1,,,,,,,,,,,,,,,,,,,,,,,,,,,,,,,,,,,
int32,sawtooth,orlp::pdqsort_branchless,0,1000000,20260912,3,1,7477800,7417600,,,31342080,0,0,windows-qpc-cycletime,1,,,,,,,,,,,,,,,,,,,,,,,,,,,,,,,,,,,
int32,sawtooth,gfx::timsort,1,1000000,20260912,3,1,6038800,6033700,,,25328520,0,0,windows-qpc-cycletime,1,,,,,,,,,,,,,,,,,,,,,,,,,,,,,,,,,,,
int32,prefixed,introsort,0,1000000,20260912,3,1,44427000,44039300,,,186382560,0,0,windows-qpc-cycletime,1,,,,,,,,,,,,,,,,,,,,,,,,,,,,,,,,,,,
int32,prefixed,timsort,1,1000000,20260912,3,1,64056600,63921600,,,268769340,0,0,windows-qpc-cycletime,1,,,,,,,,,,,,,,,,,,,,,,,,,,,,,,,,,,,
int32,prefixed,pdqsort,0,1000000,20260912,3,1,45437500,45095100,,,190674120,0,0,windows-qpc-cycletime,1,,,,,,,,,,,,,,,,,,,,,,,,,,,,,,,,,,,
int32,prefixed,mergesort,1,1000000,20260912,3,1,50221400,50072700,,,210736260,0,315392,windows-qpc-cycletime,1,,,,,,,,,,,,,,,,,,,,,,,,,,,,,,,,,,,
int32,prefixed,heapsort,0,1000000,20260912,3,1,77929100,77224700,,,326987640,0,0,windows-qpc-cycletime,1,,,,,,,,,,,,,,,,,,,,,,,,,,,,,,,,,,,
int32,prefixed,brainsort,1,1000000,20260912,3,1,5211700,4727600,,,21871500,0,376832,windows-qpc-cycletime,1,,,,,,,,,,,,,,,,,,,,,,,,,,,,,,,,,,,
int32,prefixed,radix11,1,1000000,20260912,3,1,6975300,6974400,,,29273580,0,348160,windows-qpc-cycletime,1,,,,,,,,,,,,,,,,,,,,,,,,,,,,,,,,,,,
int32,prefixed,radix16,1,1000000,20260912,3,1,6172900,6133100,,,25892160,0,847872,windows-qpc-cycletime,1,,,,,,,,,,,,,,,,,,,,,,,,,,,,,,,,,,,
int32,prefixed,std::sort,0,1000000,20260912,3,1,41718600,41453400,,,175050960,0,0,windows-qpc-cycletime,1,,,,,,,,,,,,,,,,,,,,,,,,,,,,,,,,,,,
int32,prefixed,std::stable_sort,1,1000000,20260912,3,1,50029000,49767200,,,209930280,0,0,windows-qpc-cycletime,1,,,,,,,,,,,,,,,,,,,,,,,,,,,,,,,,,,,
int32,prefixed,orlp::pdqsort,0,1000000,20260912,3,1,41603400,41209600,,,174567540,0,0,windows-qpc-cycletime,1,,,,,,,,,,,,,,,,,,,,,,,,,,,,,,,,,,,
int32,prefixed,orlp::pdqsort_branchless,0,1000000,20260912,3,1,17423100,17388700,,,73117800,0,0,windows-qpc-cycletime,1,,,,,,,,,,,,,,,,,,,,,,,,,,,,,,,,,,,
int32,prefixed,gfx::timsort,1,1000000,20260912,3,1,65986300,65950400,,,276885420,0,0,windows-qpc-cycletime,1,,,,,,,,,,,,,,,,,,,,,,,,,,,,,,,,,,,
int32,sparse_bits,introsort,0,1000000,20260912,3,1,24854600,24819100,,,104230560,0,0,windows-qpc-cycletime,1,,,,,,,,,,,,,,,,,,,,,,,,,,,,,,,,,,,
int32,sparse_bits,timsort,1,1000000,20260912,3,1,44092200,44049000,,,185047380,0,0,windows-qpc-cycletime,1,,,,,,,,,,,,,,,,,,,,,,,,,,,,,,,,,,,
int32,sparse_bits,pdqsort,0,1000000,20260912,3,1,19027300,18945000,,,79842840,0,0,windows-qpc-cycletime,1,,,,,,,,,,,,,,,,,,,,,,,,,,,,,,,,,,,
int32,sparse_bits,mergesort,1,1000000,20260912,3,1,32093200,31912500,,,134647380,0,315392,windows-qpc-cycletime,1,,,,,,,,,,,,,,,,,,,,,,,,,,,,,,,,,,,
int32,sparse_bits,heapsort,0,1000000,20260912,3,1,59030800,58933500,,,247673160,0,0,windows-qpc-cycletime,1,,,,,,,,,,,,,,,,,,,,,,,,,,,,,,,,,,,
int32,sparse_bits,brainsort,1,1000000,20260912,3,1,4164600,3950600,,,17473680,0,376832,windows-qpc-cycletime,1,,,,,,,,,,,,,,,,,,,,,,,,,,,,,,,,,,,
int32,sparse_bits,radix11,1,1000000,20260912,3,1,4402300,4322000,,,18471600,0,348160,windows-qpc-cycletime,1,,,,,,,,,,,,,,,,,,,,,,,,,,,,,,,,,,,
int32,sparse_bits,radix16,1,1000000,20260912,3,1,10906100,10899000,,,45777900,0,847872,windows-qpc-cycletime,1,,,,,,,,,,,,,,,,,,,,,,,,,,,,,,,,,,,
int32,sparse_bits,std::sort,0,1000000,20260912,3,1,23127400,22988600,,,97011180,0,0,windows-qpc-cycletime,1,,,,,,,,,,,,,,,,,,,,,,,,,,,,,,,,,,,
int32,sparse_bits,std::stable_sort,1,1000000,20260912,3,1,31225800,31224200,,,131044620,0,0,windows-qpc-cycletime,1,,,,,,,,,,,,,,,,,,,,,,,,,,,,,,,,,,,
int32,sparse_bits,orlp::pdqsort,0,1000000,20260912,3,1,17788400,17710700,,,74489940,0,0,windows-qpc-cycletime,1,,,,,,,,,,,,,,,,,,,,,,,,,,,,,,,,,,,
int32,sparse_bits,orlp::pdqsort_branchless,0,1000000,20260912,3,1,5146600,5134200,,,21590940,0,0,windows-qpc-cycletime,1,,,,,,,,,,,,,,,,,,,,,,,,,,,,,,,,,,,
int32,sparse_bits,gfx::timsort,1,1000000,20260912,3,1,47951300,47851900,,,201228720,0,270336,windows-qpc-cycletime,1,,,,,,,,,,,,,,,,,,,,,,,,,,,,,,,,,,,
double,random,introsort,0,1000000,20260912,3,1,63124000,63096800,,,264796980,0,0,windows-qpc-cycletime,1,,,,,,,,,,,,,,,,,,,,,,,,,,,,,,,,,,,
double,random,timsort,1,1000000,20260912,3,1,86262000,85758100,,,361804800,0,0,windows-qpc-cycletime,1,,,,,,,,,,,,,,,,,,,,,,,,,,,,,,,,,,,
double,random,pdqsort,0,1000000,20260912,3,1,67686200,66523200,,,283978380,0,0,windows-qpc-cycletime,1,,,,,,,,,,,,,,,,,,,,,,,,,,,,,,,,,,,
double,random,mergesort,1,1000000,20260912,3,1,75080000,74033200,,,314891220,0,319488,windows-qpc-cycletime,1,,,,,,,,,,,,,,,,,,,,,,,,,,,,,,,,,,,
double,random,heapsort,0,1000000,20260912,3,1,122846000,121687800,,,515294220,0,0,windows-qpc-cycletime,1,,,,,,,,,,,,,,,,,,,,,,,,,,,,,,,,,,,
double,random,brainsort,1,1000000,20260912,3,1,10445200,10427300,,,43758540,0,0,windows-qpc-cycletime,1,,,,,,,,,,,,,,,,,,,,,,,,,,,,,,,,,,,
double,random,radix11,1,1000000,20260912,3,1,16236700,16142500,,,68131560,0,376832,windows-qpc-cycletime,1,,,,,,,,,,,,,,,,,,,,,,,,,,,,,,,,,,,
double,random,radix16,1,1000000,20260912,3,1,16089100,15957500,,,67486440,0,1380352,windows-qpc-cycletime,1,,,,,,,,,,,,,,,,,,,,,,,,,,,,,,,,,,,
double,random,std::sort,0,1000000,20260912,3,1,62433600,61937400,,,261969120,0,0,windows-qpc-cycletime,1,,,,,,,,,,,,,,,,,,,,,,,,,,,,,,,,,,,
double,random,std::stable_sort,1,1000000,20260912,3,1,71472300,71318800,,,299803560,0,0,windows-qpc-cycletime,1,,,,,,,,,,,,,,,,,,,,,,,,,,,,,,,,,,,
double,random,orlp::pdqsort,0,1000000,20260912,3,1,61928600,60815400,,,259834680,0,0,windows-qpc-cycletime,1,,,,,,,,,,,,,,,,,,,,,,,,,,,,,,,,,,,
double,random,orlp::pdqsort_branchless,0,1000000,20260912,3,1,22445600,22377500,,,94095960,0,0,windows-qpc-cycletime,1,,,,,,,,,,,,,,,,,,,,,,,,,,,,,,,,,,,
double,random,gfx::timsort,1,1000000,20260912,3,1,85264200,84372600,,,357707280,0,0,windows-qpc-cycletime,1,,,,,,,,,,,,,,,,,,,,,,,,,,,,,,,,,,,
double,sorted,introsort,0,1000000,20260912,3,1,10368300,10367600,,,43515360,0,0,windows-qpc-cycletime,1,,,,,,,,,,,,,,,,,,,,,,,,,,,,,,,,,,,
double,sorted,timsort,1,1000000,20260912,3,1,348500,324500,,,1462440,0,0,windows-qpc-cycletime,1,,,,,,,,,,,,,,,,,,,,,,,,,,,,,,,,,,,
double,sorted,pdqsort,0,1000000,20260912,3,1,613000,612900,,,2573340,0,0,windows-qpc-cycletime,1,,,,,,,,,,,,,,,,,,,,,,,,,,,,,,,,,,,
double,sorted,mergesort,1,1000000,20260912,3,1,9982300,9956700,,,41892480,0,319488,windows-qpc-cycletime,1,,,,,,,,,,,,,,,,,,,,,,,,,,,,,,,,,,,
double,sorted,heapsort,0,1000000,20260912,3,1,44590200,44458000,,,187116720,0,0,windows-qpc-cycletime,1,,,,,,,,,,,,,,,,,,,,,,,,,,,,,,,,,,,
double,sorted,brainsort,1,1000000,20260912,3,1,366200,349100,,,1536360,0,0,windows-qpc-cycletime,1,,,,,,,,,,,,,,,,,,,,,,,,,,,,,,,,,,,
double,sorted,radix11,1,1000000,20260912,3,1,15712100,15602500,,,65894220,0,376832,windows-qpc-cycletime,1,,,,,,,,,,,,,,,,,,,,,,,,,,,,,,,,,,,
double,sorted,radix16,1,1000000,20260912,3,1,15840700,15330000,,,66436860,0,1380352,windows-qpc-cycletime,1,,,,,,,,,,,,,,,,,,,,,,,,,,,,,,,,,,,
double,sorted,std::sort,0,1000000,20260912,3,1,7425600,7413300,,,31153500,0,0,windows-qpc-cycletime,1,,,,,,,,,,,,,,,,,,,,,,,,,,,,,,,,,,,
double,sorted,std::stable_sort,1,1000000,20260912,3,1,9692600,9664800,,,40637940,0,0,windows-qpc-cycletime,1,,,,,,,,,,,,,,,,,,,,,,,,,,,,,,,,,,,
double,sorted,orlp::pdqsort,0,1000000,20260912,3,1,537300,524600,,,2254980,0,0,windows-qpc-cycletime,1,,,,,,,,,,,,,,,,,,,,,,,,,,,,,,,,,,,
double,sorted,orlp::pdqsort_branchless,0,1000000,20260912,3,1,537300,534100,,,2255400,0,0,windows-qpc-cycletime,1,,,,,,,,,,,,,,,,,,,,,,,,,,,,,,,,,,,
double,sorted,gfx::timsort,1,1000000,20260912,3,1,447300,441700,,,1877400,0,0,windows-qpc-cycletime,1,,,,,,,,,,,,,,,,,,,,,,,,,,,,,,,,,,,
double,reverse,introsort,0,1000000,20260912,3,1,7962600,7959500,,,33423180,0,0,windows-qpc-cycletime,1,,,,,,,,,,,,,,,,,,,,,,,,,,,,,,,,,,,
double,reverse,timsort,1,1000000,20260912,3,1,722600,707100,,,3033660,0,0,windows-qpc-cycletime,1,,,,,,,,,,,,,,,,,,,,,,,,,,,,,,,,,,,
double,reverse,pdqsort,0,1000000,20260912,3,1,1183600,1138700,,,4963140,0,0,windows-qpc-cycletime,1,,,,,,,,,,,,,,,,,,,,,,,,,,,,,,,,,,,
double,reverse,mergesort,1,1000000,20260912,3,1,12827600,12814600,,,53799480,0,319488,windows-qpc-cycletime,1,,,,,,,,,,,,,,,,,,,,,,,,,,,,,,,,,,,
double,reverse,heapsort,0,1000000,20260912,3,1,50644200,50435000,,,212422980,0,0,windows-qpc-cycletime,1,,,,,,,,,,,,,,,,,,,,,,,,,,,,,,,,,,,
double,reverse,brainsort,1,1000000,20260912,3,1,507300,505800,,,2123520,0,0,windows-qpc-cycletime,1,,,,,,,,,,,,,,,,,,,,,,,,,,,,,,,,,,,
double,reverse,radix11,1,1000000,20260912,3,1,15515000,15380600,,,65098740,0,376832,windows-qpc-cycletime,1,,,,,,,,,,,,,,,,,,,,,,,,,,,,,,,,,,,
double,reverse,radix16,1,1000000,20260912,3,1,16057700,15487900,,,67344900,0,1380352,windows-qpc-cycletime,1,,,,,,,,,,,,,,,,,,,,,,,,,,,,,,,,,,,
double,reverse,std::sort,0,1000000,20260912,3,1,6298800,6270500,,,26428920,0,0,windows-qpc-cycletime,1,,,,,,,,,,,,,,,,,,,,,,,,,,,,,,,,,,,
double,reverse,std::stable_sort,1,1000000,20260912,3,1,13025400,13020800,,,54642840,0,0,windows-qpc-cycletime,1,,,,,,,,,,,,,,,,,,,,,,,,,,,,,,,,,,,
double,reverse,orlp::pdqsort,0,1000000,20260912,3,1,1030300,896000,,,4323900,0,0,windows-qpc-cycletime,1,,,,,,,,,,,,,,,,,,,,,,,,,,,,,,,,,,,
double,reverse,orlp::pdqsort_branchless,0,1000000,20260912,3,1,1178300,1160900,,,4948020,0,0,windows-qpc-cycletime,1,,,,,,,,,,,,,,,,,,,,,,,,,,,,,,,,,,,
double,reverse,gfx::timsort,1,1000000,20260912,3,1,561700,541500,,,2351580,0,0,windows-qpc-cycletime,1,,,,,,,,,,,,,,,,,,,,,,,,,,,,,,,,,,,
double,nearly_sorted,introsort,0,1000000,20260912,3,1,12135600,12131400,,,50923320,0,0,windows-qpc-cycletime,1,,,,,,,,,,,,,,,,,,,,,,,,,,,,,,,,,,,
double,nearly_sorted,timsort,1,1000000,20260912,3,1,12740600,12679800,,,53469780,0,0,windows-qpc-cycletime,1,,,,,,,,,,,,,,,,,,,,,,,,,,,,,,,,,,,
double,nearly_sorted,pdqsort,0,1000000,20260912,3,1,7401000,7374000,,,31047660,0,0,windows-qpc-cycletime,1,,,,,,,,,,,,,,,,,,,,,,,,,,,,,,,,,,,
double,nearly_sorted,mergesort,1,1000000,20260912,3,1,12532000,12490900,,,52591560,0,319488,windows-qpc-cycletime,1,,,,,,,,,,,,,,,,,,,,,,,,,,,,,,,,,,,
double,nearly_sorted,heapsort,0,1000000,20260912,3,1,48337800,48284100,,,202638660,0,0,windows-qpc-cycletime,1,,,,,,,,,,,,,,,,,,,,,,,,,,,,,,,,,,,
double,nearly_sorted,brainsort,1,1000000,20260912,3,1,4481700,4459300,,,18799200,0,0,windows-qpc-cycletime,1,,,,,,,,,,,,,,,,,,,,,,,,,,,,,,,,,,,
double,nearly_sorted,radix11,1,1000000,20260912,3,1,15956600,15758200,,,66921540,0,376832,windows-qpc-cycletime,1,,,,,,,,,,,,,,,,,,,,,,,,,,,,,,,,,,,
double,nearly_sorted,radix16,1,1000000,20260912,3,1,15870300,15499100,,,66564540,0,1380352,windows-qpc-cycletime,1,,,,,,,,,,,,,,,,,,,,,,,,,,,,,,,,,,,
double,nearly_sorted,std::sort,0,1000000,20260912,3,1,8699200,8660900,,,36472800,0,0,windows-qpc-cycletime,1,,,,,,,,,,,,,,,,,,,,,,,,,,,,,,,,,,,
double,nearly_sorted,std::stable_sort,1,1000000,20260912,3,1,11627800,11584900,,,48791400,0,0,windows-qpc-cycletime,1,,,,,,,,,,,,,,,,,,,,,,,,,,,,,,,,,,,
double,nearly_sorted,orlp::pdqsort,0,1000000,20260912,3,1,5321800,5306200,,,22328880,0,0,windows-qpc-cycletime,1,,,,,,,,,,,,,,,,,,,,,,,,,,,,,,,,,,,
double,nearly_sorted,orlp::pdqsort_branchless,0,1000000,20260912,3,1,6984200,6962100,,,29273580,0,0,windows-qpc-cycletime,1,,,,,,,,,,,,,,,,,,,,,,,,,,,,,,,,,,,
double,nearly_sorted,gfx::timsort,1,1000000,20260912,3,1,12346100,12343100,,,51801540,0,0,windows-qpc-cycletime,1,,,,,,,,,,,,,,,,,,,,,,,,,,,,,,,,,,,
double,few_unique,introsort,0,1000000,20260912,3,1,28969500,28935100,,,121560180,0,0,windows-qpc-cycletime,1,,,,,,,,,,,,,,,,,,,,,,,,,,,,,,,,,,,
double,few_unique,timsort,1,1000000,20260912,3,1,51012300,50955500,,,214036200,0,0,windows-qpc-cycletime,1,,,,,,,,,,,,,,,,,,,,,,,,,,,,,,,,,,,
double,few_unique,pdqsort,0,1000000,20260912,3,1,22728400,22651800,,,95382420,0,0,windows-qpc-cycletime,1,,,,,,,,,,,,,,,,,,,,,,,,,,,,,,,,,,,
double,few_unique,mergesort,1,1000000,20260912,3,1,40201500,40045500,,,168569100,0,319488,windows-qpc-cycletime,1,,,,,,,,,,,,,,,,,,,,,,,,,,,,,,,,,,,
double,few_unique,heapsort,0,1000000,20260912,3,1,73595700,72837900,,,308825580,0,0,windows-qpc-cycletime,1,,,,,,,,,,,,,,,,,,,,,,,,,,,,,,,,,,,
double,few_unique,brainsort,1,1000000,20260912,3,1,4244700,4235000,,,17774400,0,0,windows-qpc-cycletime,1,,,,,,,,,,,,,,,,,,,,,,,,,,,,,,,,,,,
double,few_unique,radix11,1,1000000,20260912,3,1,14357400,14206300,,,60199020,0,376832,windows-qpc-cycletime,1,,,,,,,,,,,,,,,,,,,,,,,,,,,,,,,,,,,
double,few_unique,radix16,1,1000000,20260912,3,1,12030000,11785600,,,50455860,0,1380352,windows-qpc-cycletime,1,,,,,,,,,,,,,,,,,,,,,,,,,,,,,,,,,,,
double,few_unique,std::sort,0,1000000,20260912,3,1,27845000,27554100,,,116816700,0,0,windows-qpc-cycletime,1,,,,,,,,,,,,,,,,,,,,,,,,,,,,,,,,,,,
double,few_unique,std::stable_sort,1,1000000,20260912,3,1,38880500,38876400,,,163148580,0,0,windows-qpc-cycletime,1,,,,,,,,,,,,,,,,,,,,,,,,,,,,,,,,,,,
double,few_unique,orlp::pdqsort,0,1000000,20260912,3,1,20854700,20752500,,,87508680,0,0,windows-qpc-cycletime,1,,,,,,,,,,,,,,,,,,,,,,,,,,,,,,,,,,,
double,few_unique,orlp::pdqsort_branchless,0,1000000,20260912,3,1,5391400,5370000,,,22626240,0,0,windows-qpc-cycletime,1,,,,,,,,,,,,,,,,,,,,,,,,,,,,,,,,,,,
double,few_unique,gfx::timsort,1,1000000,20260912,3,1,52306400,52149000,,,219459240,0,0,windows-qpc-cycletime,1,,,,,,,,,,,,,,,,,,,,,,,,,,,,,,,,,,,
double,all_equal,introsort,0,1000000,20260912,3,1,8173100,8112700,,,34295940,0,0,windows-qpc-cycletime,1,,,,,,,,,,,,,,,,,,,,,,,,,,,,,,,,,,,
double,all_equal,timsort,1,1000000,20260912,3,1,338100,326600,,,1419180,0,0,windows-qpc-cycletime,1,,,,,,,,,,,,,,,,,,,,,,,,,,,,,,,,,,,
double,all_equal,pdqsort,0,1000000,20260912,3,1,641900,633400,,,2687160,0,0,windows-qpc-cycletime,1,,,,,,,,,,,,,,,,,,,,,,,,,,,,,,,,,,,
double,all_equal,mergesort,1,1000000,20260912,3,1,9953600,9933700,,,41727420,0,319488,windows-qpc-cycletime,1,,,,,,,,,,,,,,,,,,,,,,,,,,,,,,,,,,,
double,all_equal,heapsort,0,1000000,20260912,3,1,52718300,52457900,,,221232900,0,0,windows-qpc-cycletime,1,,,,,,,,,,,,,,,,,,,,,,,,,,,,,,,,,,,
double,all_equal,brainsort,1,1000000,20260912,3,1,335600,313900,,,1400280,0,0,windows-qpc-cycletime,1,,,,,,,,,,,,,,,,,,,,,,,,,,,,,,,,,,,
double,all_equal,radix11,1,1000000,20260912,3,1,3476600,3473600,,,14586600,0,0,windows-qpc-cycletime,1,,,,,,,,,,,,,,,,,,,,,,,,,,,,,,,,,,,
double,all_equal,radix16,1,1000000,20260912,3,1,2962200,2945400,,,12434100,0,0,windows-qpc-cycletime,1,,,,,,,,,,,,,,,,,,,,,,,,,,,,,,,,,,,
double,all_equal,std::sort,0,1000000,20260912,3,1,7074500,7059300,,,29653260,0,0,windows-qpc-cycletime,1,,,,,,,,,,,,,,,,,,,,,,,,,,,,,,,,,,,
double,all_equal,std::stable_sort,1,1000000,20260912,3,1,9748800,9677900,,,40912200,0,0,windows-qpc-cycletime,1,,,,,,,,,,,,,,,,,,,,,,,,,,,,,,,,,,,
double,all_equal,orlp::pdqsort,0,1000000,20260912,3,1,494200,469900,,,2073960,0,0,windows-qpc-cycletime,1,,,,,,,,,,,,,,,,,,,,,,,,,,,,,,,,,,,
double,all_equal,orlp::pdqsort_branchless,0,1000000,20260912,3,1,478900,477500,,,2003400,0,0,windows-qpc-cycletime,1,,,,,,,,,,,,,,,,,,,,,,,,,,,,,,,,,,,
double,all_equal,gfx::timsort,1,1000000,20260912,3,1,457200,454300,,,1919400,0,0,windows-qpc-cycletime,1,,,,,,,,,,,,,,,,,,,,,,,,,,,,,,,,,,,
double,runs,introsort,0,1000000,20260912,3,1,32525600,32297900,,,136482360,0,0,windows-qpc-cycletime,1,,,,,,,,,,,,,,,,,,,,,,,,,,,,,,,,,,,
double,runs,timsort,1,1000000,20260912,3,1,22522700,22505000,,,94448340,0,0,windows-qpc-cycletime,1,,,,,,,,,,,,,,,,,,,,,,,,,,,,,,,,,,,
double,runs,pdqsort,0,1000000,20260912,3,1,30598300,30337000,,,128325120,0,0,windows-qpc-cycletime,1,,,,,,,,,,,,,,,,,,,,,,,,,,,,,,,,,,,
double,runs,mergesort,1,1000000,20260912,3,1,25264500,25242800,,,105996660,0,319488,windows-qpc-cycletime,1,,,,,,,,,,,,,,,,,,,,,,,,,,,,,,,,,,,
double,runs,heapsort,0,1000000,20260912,3,1,84612600,84212000,,,355046580,0,0,windows-qpc-cycletime,1,,,,,,,,,,,,,,,,,,,,,,,,,,,,,,,,,,,
double,runs,brainsort,1,1000000,20260912,3,1,10538400,10518300,,,44211300,0,548864,windows-qpc-cycletime,1,,,,,,,,,,,,,,,,,,,,,,,,,,,,,,,,,,,
double,runs,radix11,1,1000000,20260912,3,1,11902200,11340900,,,49937580,0,376832,windows-qpc-cycletime,1,,,,,,,,,,,,,,,,,,,,,,,,,,,,,,,,,,,
double,runs,radix16,1,1000000,20260912,3,1,11801100,11761600,,,49474740,0,1380352,windows-qpc-cycletime,1,,,,,,,,,,,,,,,,,,,,,,,,,,,,,,,,,,,
double,runs,std::sort,0,1000000,20260912,3,1,29694900,29604100,,,124607700,0,0,windows-qpc-cycletime,1,,,,,,,,,,,,,,,,,,,,,,,,,,,,,,,,,,,
double,runs,std::stable_sort,1,1000000,20260912,3,1,23846400,23793100,,,99914640,0,0,windows-qpc-cycletime,1,,,,,,,,,,,,,,,,,,,,,,,,,,,,,,,,,,,
double,runs,orlp::pdqsort,0,1000000,20260912,3,1,26444000,26443500,,,110949720,0,0,windows-qpc-cycletime,1,,,,,,,,,,,,,,,,,,,,,,,,,,,,,,,,,,,
double,runs,orlp::pdqsort_branchless,0,1000000,20260912,3,1,20898200,20886700,,,87696840,0,0,windows-qpc-cycletime,1,,,,,,,,,,,,,,,,,,,,,,,,,,,,,,,,,,,
double,runs,gfx::timsort,1,1000000,20260912,3,1,20608700,20456800,,,86474640,0,0,windows-qpc-cycletime,1,,,,,,,,,,,,,,,,,,,,,,,,,,,,,,,,,,,
double,organ_pipe,introsort,0,1000000,20260912,3,1,62959300,62916400,,,264159840,0,0,windows-qpc-cycletime,1,,,,,,,,,,,,,,,,,,,,,,,,,,,,,,,,,,,
double,organ_pipe,timsort,1,1000000,20260912,3,1,2361800,2304100,,,9907800,0,0,windows-qpc-cycletime,1,,,,,,,,,,,,,,,,,,,,,,,,,,,,,,,,,,,
double,organ_pipe,pdqsort,0,1000000,20260912,3,1,24328000,24308600,,,102086880,0,0,windows-qpc-cycletime,1,,,,,,,,,,,,,,,,,,,,,,,,,,,,,,,,,,,
double,organ_pipe,mergesort,1,1000000,20260912,3,1,11528400,11483000,,,48369300,0,319488,windows-qpc-cycletime,1,,,,,,,,,,,,,,,,,,,,,,,,,,,,,,,,,,,
double,organ_pipe,heapsort,0,1000000,20260912,3,1,51120800,50862200,,,214536420,0,0,windows-qpc-cycletime,1,,,,,,,,,,,,,,,,,,,,,,,,,,,,,,,,,,,
double,organ_pipe,brainsort,1,1000000,20260912,3,1,2230900,2154400,,,9360540,0,0,windows-qpc-cycletime,1,,,,,,,,,,,,,,,,,,,,,,,,,,,,,,,,,,,
double,organ_pipe,radix11,1,1000000,20260912,3,1,11606300,11604400,,,48691440,0,376832,windows-qpc-cycletime,1,,,,,,,,,,,,,,,,,,,,,,,,,,,,,,,,,,,
double,organ_pipe,radix16,1,1000000,20260912,3,1,10547600,10484000,,,44210460,0,1380352,windows-qpc-cycletime,1,,,,,,,,,,,,,,,,,,,,,,,,,,,,,,,,,,,
double,organ_pipe,std::sort,0,1000000,20260912,3,1,48962700,48802200,,,205429140,0,0,windows-qpc-cycletime,1,,,,,,,,,,,,,,,,,,,,,,,,,,,,,,,,,,,
double,organ_pipe,std::stable_sort,1,1000000,20260912,3,1,11423100,11419500,,,47924100,0,0,windows-qpc-cycletime,1,,,,,,,,,,,,,,,,,,,,,,,,,,,,,,,,,,,
double,organ_pipe,orlp::pdqsort,0,1000000,20260912,3,1,19304300,19171100,,,80999100,0,0,windows-qpc-cycletime,1,,,,,,,,,,,,,,,,,,,,,,,,,,,,,,,,,,,
double,organ_pipe,orlp::pdqsort_branchless,0,1000000,20260912,3,1,22924700,22905800,,,96177060,0,0,windows-qpc-cycletime,1,,,,,,,,,,,,,,,,,,,,,,,,,,,,,,,,,,,
double,organ_pipe,gfx::timsort,1,1000000,20260912,3,1,1884300,1863200,,,7906920,0,0,windows-qpc-cycletime,1,,,,,,,,,,,,,,,,,,,,,,,,,,,,,,,,,,,
double,small_range,introsort,0,1000000,20260912,3,1,16634800,16622000,,,69782580,0,0,windows-qpc-cycletime,1,,,,,,,,,,,,,,,,,,,,,,,,,,,,,,,,,,,
double,small_range,timsort,1,1000000,20260912,3,1,28214800,27999200,,,118402620,0,0,windows-qpc-cycletime,1,,,,,,,,,,,,,,,,,,,,,,,,,,,,,,,,,,,
double,small_range,pdqsort,0,1000000,20260912,3,1,6876800,6871200,,,28857780,0,0,windows-qpc-cycletime,1,,,,,,,,,,,,,,,,,,,,,,,,,,,,,,,,,,,
double,small_range,mergesort,1,1000000,20260912,3,1,22385900,22379600,,,93937620,0,319488,windows-qpc-cycletime,1,,,,,,,,,,,,,,,,,,,,,,,,,,,,,,,,,,,
double,small_range,heapsort,0,1000000,20260912,3,1,43951700,43813500,,,184456020,0,0,windows-qpc-cycletime,1,,,,,,,,,,,,,,,,,,,,,,,,,,,,,,,,,,,
double,small_range,brainsort,1,1000000,20260912,3,1,4073500,4042800,,,17093580,0,397312,windows-qpc-cycletime,1,,,,,,,,,,,,,,,,,,,,,,,,,,,,,,,,,,,
double,small_range,radix11,1,1000000,20260912,3,1,7165000,7156900,,,30062760,0,376832,windows-qpc-cycletime,1,,,,,,,,,,,,,,,,,,,,,,,,,,,,,,,,,,,
double,small_range,radix16,1,1000000,20260912,3,1,6171400,6148100,,,25901820,0,1380352,windows-qpc-cycletime,1,,,,,,,,,,,,,,,,,,,,,,,,,,,,,,,,,,,
double,small_range,std::sort,0,1000000,20260912,3,1,15490900,15437400,,,64893360,0,0,windows-qpc-cycletime,1,,,,,,,,,,,,,,,,,,,,,,,,,,,,,,,,,,,
double,small_range,std::stable_sort,1,1000000,20260912,3,1,21297900,21108200,,,88925760,0,0,windows-qpc-cycletime,1,,,,,,,,,,,,,,,,,,,,,,,,,,,,,,,,,,,
double,small_range,orlp::pdqsort,0,1000000,20260912,3,1,6243300,6225400,,,26167680,0,0,windows-qpc-cycletime,1,,,,,,,,,,,,,,,,,,,,,,,,,,,,,,,,,,,
double,small_range,orlp::pdqsort_branchless,0,1000000,20260912,3,1,2902800,2889100,,,12184200,0,0,windows-qpc-cycletime,1,,,,,,,,,,,,,,,,,,,,,,,,,,,,,,,,,,,
double,small_range,gfx::timsort,1,1000000,20260912,3,1,30698700,30621900,,,128824920,0,0,windows-qpc-cycletime,1,,,,,,,,,,,,,,,,,,,,,,,,,,,,,,,,,,,
double,sawtooth,introsort,0,1000000,20260912,3,1,24043400,24002500,,,100838220,0,0,windows-qpc-cycletime,1,,,,,,,,,,,,,,,,,,,,,,,,,,,,,,,,,,,
double,sawtooth,timsort,1,1000000,20260912,3,1,10360100,10307400,,,43438920,0,0,windows-qpc-cycletime,1,,,,,,,,,,,,,,,,,,,,,,,,,,,,,,,,,,,
double,sawtooth,pdqsort,0,1000000,20260912,3,1,16152200,16127900,,,67780440,0,0,windows-qpc-cycletime,1,,,,,,,,,,,,,,,,,,,,,,,,,,,,,,,,,,,
double,sawtooth,mergesort,1,1000000,20260912,3,1,11311400,11247400,,,47459160,0,319488,windows-qpc-cycletime,1,,,,,,,,,,,,,,,,,,,,,,,,,,,,,,,,,,,
double,sawtooth,heapsort,0,1000000,20260912,3,1,93741700,93533400,,,393374520,0,0,windows-qpc-cycletime,1,,,,,,,,,,,,,,,,,,,,,,,,,,,,,,,,,,,
double,sawtooth,brainsort,1,1000000,20260912,3,1,7252100,7239700,,,30422280,0,401408,windows-qpc-cycletime,1,,,,,,,,,,,,,,,,,,,,,,,,,,,,,,,,,,,
double,sawtooth,radix11,1,1000000,20260912,3,1,8649800,8646200,,,36293460,0,376832,windows-qpc-cycletime,1,,,,,,,,,,,,,,,,,,,,,,,,,,,,,,,,,,,
double,sawtooth,radix16,1,1000000,20260912,3,1,16137300,15553000,,,67719540,0,1380352,windows-qpc-cycletime,1,,,,,,,,,,,,,,,,,,,,,,,,,,,,,,,,,,,
double,sawtooth,std::sort,0,1000000,20260912,3,1,21100400,21097200,,,88538100,0,0,windows-qpc-cycletime,1,,,,,,,,,,,,,,,,,,,,,,,,,,,,,,,,,,,
double,sawtooth,std::stable_sort,1,1000000,20260912,3,1,10721200,10647000,,,44950920,0,0,windows-qpc-cycletime,1,,,,,,,,,,,,,,,,,,,,,,,,,,,,,,,,,,,
double,sawtooth,orlp::pdqsort,0,1000000,20260912,3,1,13713000,13656300,,,57439200,0,0,windows-qpc-cycletime,1,,,,,,,,,,,,,,,,,,,,,,,,,,,,,,,,,,,
double,sawtooth,orlp::pdqsort_branchless,0,1000000,20260912,3,1,8825300,8772600,,,37033920,0,0,windows-qpc-cycletime,1,,,,,,,,,,,,,,,,,,,,,,,,,,,,,,,,,,,
double,sawtooth,gfx::timsort,1,1000000,20260912,3,1,8978800,8966500,,,37680300,0,0,windows-qpc-cycletime,1,,,,,,,,,,,,,,,,,,,,,,,,,,,,,,,,,,,
double,prefixed,introsort,0,1000000,20260912,3,1,63215400,63174800,,,265287120,0,0,windows-qpc-cycletime,1,,,,,,,,,,,,,,,,,,,,,,,,,,,,,,,,,,,
double,prefixed,timsort,1,1000000,20260912,3,1,85970100,85563500,,,360535980,0,0,windows-qpc-cycletime,1,,,,,,,,,,,,,,,,,,,,,,,,,,,,,,,,,,,
double,prefixed,pdqsort,0,1000000,20260912,3,1,67269400,66997100,,,282302580,0,0,windows-qpc-cycletime,1,,,,,,,,,,,,,,,,,,,,,,,,,,,,,,,,,,,
double,prefixed,mergesort,1,1000000,20260912,3,1,74217700,74188700,,,311463180,0,319488,windows-qpc-cycletime,1,,,,,,,,,,,,,,,,,,,,,,,,,,,,,,,,,,,
double,prefixed,heapsort,0,1000000,20260912,3,1,121379300,121155300,,,509376840,0,0,windows-qpc-cycletime,1,,,,,,,,,,,,,,,,,,,,,,,,,,,,,,,,,,,
double,prefixed,brainsort,1,1000000,20260912,3,1,8608800,8577400,,,36120000,0,0,windows-qpc-cycletime,1,,,,,,,,,,,,,,,,,,,,,,,,,,,,,,,,,,,
double,prefixed,radix11,1,1000000,20260912,3,1,15469800,15220300,,,64880340,0,376832,windows-qpc-cycletime,1,,,,,,,,,,,,,,,,,,,,,,,,,,,,,,,,,,,
double,prefixed,radix16,1,1000000,20260912,3,1,13880900,13722800,,,58247700,0,1380352,windows-qpc-cycletime,1,,,,,,,,,,,,,,,,,,,,,,,,,,,,,,,,,,,
double,prefixed,std::sort,0,1000000,20260912,3,1,62120400,61846300,,,260662500,0,0,windows-qpc-cycletime,1,,,,,,,,,,,,,,,,,,,,,,,,,,,,,,,,,,,
double,prefixed,std::stable_sort,1,1000000,20260912,3,1,70813400,70534200,,,296849280,0,0,windows-qpc-cycletime,1,,,,,,,,,,,,,,,,,,,,,,,,,,,,,,,,,,,
double,prefixed,orlp::pdqsort,0,1000000,20260912,3,1,61327200,60922200,,,257130300,0,0,windows-qpc-cycletime,1,,,,,,,,,,,,,,,,,,,,,,,,,,,,,,,,,,,
double,prefixed,orlp::pdqsort_branchless,0,1000000,20260912,3,1,22359500,22343800,,,93820440,0,0,windows-qpc-cycletime,1,,,,,,,,,,,,,,,,,,,,,,,,,,,,,,,,,,,
double,prefixed,gfx::timsort,1,1000000,20260912,3,1,84770900,84611800,,,355717740,0,0,windows-qpc-cycletime,1,,,,,,,,,,,,,,,,,,,,,,,,,,,,,,,,,,,
int64,random,introsort,0,1000000,20260912,3,1,44536300,44288700,,,186863040,0,0,windows-qpc-cycletime,1,,,,,,,,,,,,,,,,,,,,,,,,,,,,,,,,,,,
int64,random,timsort,1,1000000,20260912,3,1,68925300,68296600,,,289128000,0,0,windows-qpc-cycletime,1,,,,,,,,,,,,,,,,,,,,,,,,,,,,,,,,,,,
int64,random,pdqsort,0,1000000,20260912,3,1,46574200,46162100,,,195445740,0,0,windows-qpc-cycletime,1,,,,,,,,,,,,,,,,,,,,,,,,,,,,,,,,,,,
int64,random,mergesort,1,1000000,20260912,3,1,53456800,53292500,,,224170800,0,323584,windows-qpc-cycletime,1,,,,,,,,,,,,,,,,,,,,,,,,,,,,,,,,,,,
int64,random,heapsort,0,1000000,20260912,3,1,95445000,94810400,,,400391040,0,0,windows-qpc-cycletime,1,,,,,,,,,,,,,,,,,,,,,,,,,,,,,,,,,,,
int64,random,brainsort,1,1000000,20260912,3,1,10084400,9836100,,,42301560,0,0,windows-qpc-cycletime,1,,,,,,,,,,,,,,,,,,,,,,,,,,,,,,,,,,,
int64,random,radix11,1,1000000,20260912,3,1,15174100,14999700,,,63665700,0,376832,windows-qpc-cycletime,1,,,,,,,,,,,,,,,,,,,,,,,,,,,,,,,,,,,
int64,random,radix16,1,1000000,20260912,3,1,16038700,15929900,,,67282740,0,1380352,windows-qpc-cycletime,1,,,,,,,,,,,,,,,,,,,,,,,,,,,,,,,,,,,
int64,random,std::sort,0,1000000,20260912,3,1,42649200,42274300,,,178956540,0,0,windows-qpc-cycletime,1,,,,,,,,,,,,,,,,,,,,,,,,,,,,,,,,,,,
int64,random,std::stable_sort,1,1000000,20260912,3,1,55938900,55321900,,,234690960,0,0,windows-qpc-cycletime,1,,,,,,,,,,,,,,,,,,,,,,,,,,,,,,,,,,,
int64,random,orlp::pdqsort,0,1000000,20260912,3,1,42727600,42308400,,,179244240,0,0,windows-qpc-cycletime,1,,,,,,,,,,,,,,,,,,,,,,,,,,,,,,,,,,,
int64,random,orlp::pdqsort_branchless,0,1000000,20260912,3,1,18825300,18702200,,,78961680,0,0,windows-qpc-cycletime,1,,,,,,,,,,,,,,,,,,,,,,,,,,,,,,,,,,,
int64,random,gfx::timsort,1,1000000,20260912,3,1,71018000,70961600,,,297937500,0,0,windows-qpc-cycletime,1,,,,,,,,,,,,,,,,,,,,,,,,,,,,,,,,,,,
int64,sorted,introsort,0,1000000,20260912,3,1,9420300,9405500,,,39529980,0,0,windows-qpc-cycletime,1,,,,,,,,,,,,,,,,,,,,,,,,,,,,,,,,,,,
int64,sorted,timsort,1,1000000,20260912,3,1,347900,330900,,,1459920,0,0,windows-qpc-cycletime,1,,,,,,,,,,,,,,,,,,,,,,,,,,,,,,,,,,,
int64,sorted,pdqsort,0,1000000,20260912,3,1,556900,556000,,,2337720,0,0,windows-qpc-cycletime,1,,,,,,,,,,,,,,,,,,,,,,,,,,,,,,,,,,,
int64,sorted,mergesort,1,1000000,20260912,3,1,9661100,9628300,,,40524540,0,323584,windows-qpc-cycletime,1,,,,,,,,,,,,,,,,,,,,,,,,,,,,,,,,,,,
int64,sorted,heapsort,0,1000000,20260912,3,1,39157800,39072600,,,164276280,0,0,windows-qpc-cycletime,1,,,,,,,,,,,,,,,,,,,,,,,,,,,,,,,,,,,
int64,sorted,brainsort,1,1000000,20260912,3,1,280000,275900,,,1170120,0,0,windows-qpc-cycletime,1,,,,,,,,,,,,,,,,,,,,,,,,,,,,,,,,,,,
int64,sorted,radix11,1,1000000,20260912,3,1,15521000,15517900,,,65110080,0,376832,windows-qpc-cycletime,1,,,,,,,,,,,,,,,,,,,,,,,,,,,,,,,,,,,
int64,sorted,radix16,1,1000000,20260912,3,1,15568500,15376600,,,65326800,0,1380352,windows-qpc-cycletime,1,,,,,,,,,,,,,,,,,,,,,,,,,,,,,,,,,,,
int64,sorted,std::sort,0,1000000,20260912,3,1,7015300,7008500,,,29445780,0,0,windows-qpc-cycletime,1,,,,,,,,,,,,,,,,,,,,,,,,,,,,,,,,,,,
int64,sorted,std::stable_sort,1,1000000,20260912,3,1,9518900,9491000,,,39948720,0,0,windows-qpc-cycletime,1,,,,,,,,,,,,,,,,,,,,,,,,,,,,,,,,,,,
int64,sorted,orlp::pdqsort,0,1000000,20260912,3,1,511700,492200,,,2148300,0,0,windows-qpc-cycletime,1,,,,,,,,,,,,,,,,,,,,,,,,,,,,,,,,,,,
int64,sorted,orlp::pdqsort_branchless,0,1000000,20260912,3,1,519900,512100,,,2182740,0,0,windows-qpc-cycletime,1,,,,,,,,,,,,,,,,,,,,,,,,,,,,,,,,,,,
int64,sorted,gfx::timsort,1,1000000,20260912,3,1,458600,445000,,,1924440,0,0,windows-qpc-cycletime,1,,,,,,,,,,,,,,,,,,,,,,,,,,,,,,,,,,,
int64,reverse,introsort,0,1000000,20260912,3,1,7101300,7094300,,,29797740,0,0,windows-qpc-cycletime,1,,,,,,,,,,,,,,,,,,,,,,,,,,,,,,,,,,,
int64,reverse,timsort,1,1000000,20260912,3,1,711100,709100,,,2974440,0,0,windows-qpc-cycletime,1,,,,,,,,,,,,,,,,,,,,,,,,,,,,,,,,,,,
int64,reverse,pdqsort,0,1000000,20260912,3,1,1062900,1061700,,,4463340,0,0,windows-qpc-cycletime,1,,,,,,,,,,,,,,,,,,,,,,,,,,,,,,,,,,,
int64,reverse,mergesort,1,1000000,20260912,3,1,12013500,11997400,,,50411340,0,323584,windows-qpc-cycletime,1,,,,,,,,,,,,,,,,,,,,,,,,,,,,,,,,,,,
int64,reverse,heapsort,0,1000000,20260912,3,1,45694100,45672200,,,191650200,0,0,windows-qpc-cycletime,1,,,,,,,,,,,,,,,,,,,,,,,,,,,,,,,,,,,
int64,reverse,brainsort,1,1000000,20260912,3,1,480400,461400,,,2016840,0,0,windows-qpc-cycletime,1,,,,,,,,,,,,,,,,,,,,,,,,,,,,,,,,,,,
int64,reverse,radix11,1,1000000,20260912,3,1,15701800,15549100,,,65847600,0,376832,windows-qpc-cycletime,1,,,,,,,,,,,,,,,,,,,,,,,,,,,,,,,,,,,
int64,reverse,radix16,1,1000000,20260912,3,1,15126000,14997600,,,63477960,0,1380352,windows-qpc-cycletime,1,,,,,,,,,,,,,,,,,,,,,,,,,,,,,,,,,,,
int64,reverse,std::sort,0,1000000,20260912,3,1,6059600,6021200,,,25387320,0,0,windows-qpc-cycletime,1,,,,,,,,,,,,,,,,,,,,,,,,,,,,,,,,,,,
int64,reverse,std::stable_sort,1,1000000,20260912,3,1,12842400,12838400,,,53897340,0,0,windows-qpc-cycletime,1,,,,,,,,,,,,,,,,,,,,,,,,,,,,,,,,,,,
int64,reverse,orlp::pdqsort,0,1000000,20260912,3,1,925000,886300,,,3878700,0,0,windows-qpc-cycletime,1,,,,,,,,,,,,,,,,,,,,,,,,,,,,,,,,,,,
int64,reverse,orlp::pdqsort_branchless,0,1000000,20260912,3,1,1157300,1091000,,,4850580,0,0,windows-qpc-cycletime,1,,,,,,,,,,,,,,,,,,,,,,,,,,,,,,,,,,,
int64,reverse,gfx::timsort,1,1000000,20260912,3,1,727700,714500,,,3055500,0,0,windows-qpc-cycletime,1,,,,,,,,,,,,,,,,,,,,,,,,,,,,,,,,,,,
int64,nearly_sorted,introsort,0,1000000,20260912,3,1,10319900,10294300,,,43308720,0,0,windows-qpc-cycletime,1,,,,,,,,,,,,,,,,,,,,,,,,,,,,,,,,,,,
int64,nearly_sorted,timsort,1,1000000,20260912,3,1,12027200,11893800,,,50477700,0,0,windows-qpc-cycletime,1,,,,,,,,,,,,,,,,,,,,,,,,,,,,,,,,,,,
int64,nearly_sorted,pdqsort,0,1000000,20260912,3,1,5435200,5403300,,,22811460,0,0,windows-qpc-cycletime,1,,,,,,,,,,,,,,,,,,,,,,,,,,,,,,,,,,,
int64,nearly_sorted,mergesort,1,1000000,20260912,3,1,11213000,11202700,,,47034540,0,323584,windows-qpc-cycletime,1,,,,,,,,,,,,,,,,,,,,,,,,,,,,,,,,,,,
int64,nearly_sorted,heapsort,0,1000000,20260912,3,1,42688000,42654500,,,179135460,0,0,windows-qpc-cycletime,1,,,,,,,,,,,,,,,,,,,,,,,,,,,,,,,,,,,
int64,nearly_sorted,brainsort,1,1000000,20260912,3,1,4557500,4520700,,,19089840,0,0,windows-qpc-cycletime,1,,,,,,,,,,,,,,,,,,,,,,,,,,,,,,,,,,,
int64,nearly_sorted,radix11,1,1000000,20260912,3,1,15764900,15674700,,,66083220,0,376832,windows-qpc-cycletime,1,,,,,,,,,,,,,,,,,,,,,,,,,,,,,,,,,,,
int64,nearly_sorted,radix16,1,1000000,20260912,3,1,15381600,15259200,,,64555680,0,1380352,windows-qpc-cycletime,1,,,,,,,,,,,,,,,,,,,,,,,,,,,,,,,,,,,
int64,nearly_sorted,std::sort,0,1000000,20260912,3,1,7866000,7829800,,,32980080,0,0,windows-qpc-cycletime,1,,,,,,,,,,,,,,,,,,,,,,,,,,,,,,,,,,,
int64,nearly_sorted,std::stable_sort,1,1000000,20260912,3,1,11138300,11116000,,,46729620,0,0,windows-qpc-cycletime,1,,,,,,,,,,,,,,,,,,,,,,,,,,,,,,,,,,,
int64,nearly_sorted,orlp::pdqsort,0,1000000,20260912,3,1,4826000,4789400,,,20254080,0,0,windows-qpc-cycletime,1,,,,,,,,,,,,,,,,,,,,,,,,,,,,,,,,,,,
int64,nearly_sorted,orlp::pdqsort_branchless,0,1000000,20260912,3,1,6175000,6153400,,,25880820,0,0,windows-qpc-cycletime,1,,,,,,,,,,,,,,,,,,,,,,,,,,,,,,,,,,,
int64,nearly_sorted,gfx::timsort,1,1000000,20260912,3,1,11946200,11910500,,,50100540,0,0,windows-qpc-cycletime,1,,,,,,,,,,,,,,,,,,,,,,,,,,,,,,,,,,,
int64,few_unique,introsort,0,1000000,20260912,3,1,22717300,22709500,,,95327820,0,0,windows-qpc-cycletime,1,,,,,,,,,,,,,,,,,,,,,,,,,,,,,,,,,,,
int64,few_unique,timsort,1,1000000,20260912,3,1,43248200,43136300,,,181420260,0,0,windows-qpc-cycletime,1,,,,,,,,,,,,,,,,,,,,,,,,,,,,,,,,,,,
int64,few_unique,pdqsort,0,1000000,20260912,3,1,16105900,16096500,,,67556160,0,0,windows-qpc-cycletime,1,,,,,,,,,,,,,,,,,,,,,,,,,,,,,,,,,,,
int64,few_unique,mergesort,1,1000000,20260912,3,1,30262800,30211600,,,126964320,0,323584,windows-qpc-cycletime,1,,,,,,,,,,,,,,,,,,,,,,,,,,,,,,,,,,,
int64,few_unique,heapsort,0,1000000,20260912,3,1,62267200,62102900,,,261258480,0,0,windows-qpc-cycletime,1,,,,,,,,,,,,,,,,,,,,,,,,,,,,,,,,,,,
int64,few_unique,brainsort,1,1000000,20260912,3,1,4086200,4077100,,,17150700,0,0,windows-qpc-cycletime,1,,,,,,,,,,,,,,,,,,,,,,,,,,,,,,,,,,,
int64,few_unique,radix11,1,1000000,20260912,3,1,13246600,13241100,,,55581120,0,376832,windows-qpc-cycletime,1,,,,,,,,,,,,,,,,,,,,,,,,,,,,,,,,,,,
int64,few_unique,radix16,1,1000000,20260912,3,1,11006700,10935500,,,46192020,0,1380352,windows-qpc-cycletime,1,,,,,,,,,,,,,,,,,,,,,,,,,,,,,,,,,,,
int64,few_unique,std::sort,0,1000000,20260912,3,1,21078000,21026000,,,88439400,0,0,windows-qpc-cycletime,1,,,,,,,,,,,,,,,,,,,,,,,,,,,,,,,,,,,
int64,few_unique,std::stable_sort,1,1000000,20260912,3,1,31379800,31355600,,,131649840,0,0,windows-qpc-cycletime,1,,,,,,,,,,,,,,,,,,,,,,,,,,,,,,,,,,,
int64,few_unique,orlp::pdqsort,0,1000000,20260912,3,1,14703900,14698300,,,61707660,0,0,windows-qpc-cycletime,1,,,,,,,,,,,,,,,,,,,,,,,,,,,,,,,,,,,
int64,few_unique,orlp::pdqsort_branchless,0,1000000,20260912,3,1,4743100,4688200,,,19900020,0,0,windows-qpc-cycletime,1,,,,,,,,,,,,,,,,,,,,,,,,,,,,,,,,,,,
int64,few_unique,gfx::timsort,1,1000000,20260912,3,1,46855000,46662800,,,196268100,0,0,windows-qpc-cycletime,1,,,,,,,,,,,,,,,,,,,,,,,,,,,,,,,,,,,
int64,all_equal,introsort,0,1000000,20260912,3,1,7000600,6915700,,,29379420,0,0,windows-qpc-cycletime,1,,,,,,,,,,,,,,,,,,,,,,,,,,,,,,,,,,,
int64,all_equal,timsort,1,1000000,20260912,3,1,339600,332400,,,1417920,0,0,windows-qpc-cycletime,1,,,,,,,,,,,,,,,,,,,,,,,,,,,,,,,,,,,
int64,all_equal,pdqsort,0,1000000,20260912,3,1,478700,474700,,,2009700,0,0,windows-qpc-cycletime,1,,,,,,,,,,,,,,,,,,,,,,,,,,,,,,,,,,,
int64,all_equal,mergesort,1,1000000,20260912,3,1,9620500,9607300,,,40371240,0,323584,windows-qpc-cycletime,1,,,,,,,,,,,,,,,,,,,,,,,,,,,,,,,,,,,
int64,all_equal,heapsort,0,1000000,20260912,3,1,51328500,50623600,,,215395740,0,0,windows-qpc-cycletime,1,,,,,,,,,,,,,,,,,,,,,,,,,,,,,,,,,,,
int64,all_equal,brainsort,1,1000000,20260912,3,1,281300,273700,,,1174740,0,0,windows-qpc-cycletime,1,,,,,,,,,,,,,,,,,,,,,,,,,,,,,,,,,,,
int64,all_equal,radix11,1,1000000,20260912,3,1,3228300,3211100,,,13552980,0,0,windows-qpc-cycletime,1,,,,,,,,,,,,,,,,,,,,,,,,,,,,,,,,,,,
int64,all_equal,radix16,1,1000000,20260912,3,1,3836100,3783400,,,16049880,0,0,windows-qpc-cycletime,1,,,,,,,,,,,,,,,,,,,,,,,,,,,,,,,,,,,
int64,all_equal,std::sort,0,1000000,20260912,3,1,6590600,6479000,,,27649440,0,0,windows-qpc-cycletime,1,,,,,,,,,,,,,,,,,,,,,,,,,,,,,,,,,,,
int64,all_equal,std::stable_sort,1,1000000,20260912,3,1,9509500,9487500,,,39916380,0,0,windows-qpc-cycletime,1,,,,,,,,,,,,,,,,,,,,,,,,,,,,,,,,,,,
int64,all_equal,orlp::pdqsort,0,1000000,20260912,3,1,497000,483300,,,2078160,0,0,windows-qpc-cycletime,1,,,,,,,,,,,,,,,,,,,,,,,,,,,,,,,,,,,
int64,all_equal,orlp::pdqsort_branchless,0,1000000,20260912,3,1,489800,479100,,,2056320,0,0,windows-qpc-cycletime,1,,,,,,,,,,,,,,,,,,,,,,,,,,,,,,,,,,,
int64,all_equal,gfx::timsort,1,1000000,20260912,3,1,441800,440900,,,1850940,0,0,windows-qpc-cycletime,1,,,,,,,,,,,,,,,,,,,,,,,,,,,,,,,,,,,
int64,runs,introsort,0,1000000,20260912,3,1,23961200,23919200,,,100542960,0,0,windows-qpc-cycletime,1,,,,,,,,,,,,,,,,,,,,,,,,,,,,,,,,,,,
int64,runs,timsort,1,1000000,20260912,3,1,18061200,17994200,,,75654180,0,0,windows-qpc-cycletime,1,,,,,,,,,,,,,,,,,,,,,,,,,,,,,,,,,,,
int64,runs,pdqsort,0,1000000,20260912,3,1,21643000,21538900,,,90814920,0,0,windows-qpc-cycletime,1,,,,,,,,,,,,,,,,,,,,,,,,,,,,,,,,,,,
int64,runs,mergesort,1,1000000,20260912,3,1,19997400,19986500,,,83881980,0,323584,windows-qpc-cycletime,1,,,,,,,,,,,,,,,,,,,,,,,,,,,,,,,,,,,
int64,runs,heapsort,0,1000000,20260912,3,1,71747200,71415100,,,300893460,0,0,windows-qpc-cycletime,1,,,,,,,,,,,,,,,,,,,,,,,,,,,,,,,,,,,
int64,runs,brainsort,1,1000000,20260912,3,1,7378700,7204300,,,30966180,0,438272,windows-qpc-cycletime,1,,,,,,,,,,,,,,,,,,,,,,,,,,,,,,,,,,,
int64,runs,radix11,1,1000000,20260912,3,1,13735900,13597300,,,57601320,0,376832,windows-qpc-cycletime,1,,,,,,,,,,,,,,,,,,,,,,,,,,,,,,,,,,,
int64,runs,radix16,1,1000000,20260912,3,1,10640100,10608000,,,44644320,0,1380352,windows-qpc-cycletime,1,,,,,,,,,,,,,,,,,,,,,,,,,,,,,,,,,,,
int64,runs,std::sort,0,1000000,20260912,3,1,21719000,21666600,,,91147560,0,0,windows-qpc-cycletime,1,,,,,,,,,,,,,,,,,,,,,,,,,,,,,,,,,,,
int64,runs,std::stable_sort,1,1000000,20260912,3,1,19842100,19591300,,,83251980,0,0,windows-qpc-cycletime,1,,,,,,,,,,,,,,,,,,,,,,,,,,,,,,,,,,,
int64,runs,orlp::pdqsort,0,1000000,20260912,3,1,19527300,19449300,,,81942420,0,0,windows-qpc-cycletime,1,,,,,,,,,,,,,,,,,,,,,,,,,,,,,,,,,,,
int64,runs,orlp::pdqsort_branchless,0,1000000,20260912,3,1,17659200,17593900,,,74099340,0,0,windows-qpc-cycletime,1,,,,,,,,,,,,,,,,,,,,,,,,,,,,,,,,,,,
int64,runs,gfx::timsort,1,1000000,20260912,3,1,17417600,17301300,,,73053120,0,0,windows-qpc-cycletime,1,,,,,,,,,,,,,,,,,,,,,,,,,,,,,,,,,,,
int64,organ_pipe,introsort,0,1000000,20260912,3,1,53543400,53443300,,,224657580,0,0,windows-qpc-cycletime,1,,,,,,,,,,,,,,,,,,,,,,,,,,,,,,,,,,,
int64,organ_pipe,timsort,1,1000000,20260912,3,1,2215000,2145100,,,9292920,0,0,windows-qpc-cycletime,1,,,,,,,,,,,,,,,,,,,,,,,,,,,,,,,,,,,
int64,organ_pipe,pdqsort,0,1000000,20260912,3,1,18304800,18236000,,,76814220,0,0,windows-qpc-cycletime,1,,,,,,,,,,,,,,,,,,,,,,,,,,,,,,,,,,,
int64,organ_pipe,mergesort,1,1000000,20260912,3,1,10917200,10879800,,,45796380,0,323584,windows-qpc-cycletime,1,,,,,,,,,,,,,,,,,,,,,,,,,,,,,,,,,,,
int64,organ_pipe,heapsort,0,1000000,20260912,3,1,46710000,46706900,,,195997200,0,0,windows-qpc-cycletime,1,,,,,,,,,,,,,,,,,,,,,,,,,,,,,,,,,,,
int64,organ_pipe,brainsort,1,1000000,20260912,3,1,2001300,1980300,,,8396220,0,0,windows-qpc-cycletime,1,,,,,,,,,,,,,,,,,,,,,,,,,,,,,,,,,,,
int64,organ_pipe,radix11,1,1000000,20260912,3,1,11759300,11650500,,,49349160,0,376832,windows-qpc-cycletime,1,,,,,,,,,,,,,,,,,,,,,,,,,,,,,,,,,,,
int64,organ_pipe,radix16,1,1000000,20260912,3,1,6765100,6735900,,,28359240,0,1380352,windows-qpc-cycletime,1,,,,,,,,,,,,,,,,,,,,,,,,,,,,,,,,,,,
int64,organ_pipe,std::sort,0,1000000,20260912,3,1,38333000,38200500,,,160813800,0,0,windows-qpc-cycletime,1,,,,,,,,,,,,,,,,,,,,,,,,,,,,,,,,,,,
int64,organ_pipe,std::stable_sort,1,1000000,20260912,3,1,11385800,11371600,,,47748120,0,0,windows-qpc-cycletime,1,,,,,,,,,,,,,,,,,,,,,,,,,,,,,,,,,,,
int64,organ_pipe,orlp::pdqsort,0,1000000,20260912,3,1,15760800,15689100,,,66150420,0,0,windows-qpc-cycletime,1,,,,,,,,,,,,,,,,,,,,,,,,,,,,,,,,,,,
int64,organ_pipe,orlp::pdqsort_branchless,0,1000000,20260912,3,1,19682400,19610500,,,82530420,0,0,windows-qpc-cycletime,1,,,,,,,,,,,,,,,,,,,,,,,,,,,,,,,,,,,
int64,organ_pipe,gfx::timsort,1,1000000,20260912,3,1,1963700,1914100,,,8236200,0,0,windows-qpc-cycletime,1,,,,,,,,,,,,,,,,,,,,,,,,,,,,,,,,,,,
int64,small_range,introsort,0,1000000,20260912,3,1,13657700,13653200,,,57316140,0,0,windows-qpc-cycletime,1,,,,,,,,,,,,,,,,,,,,,,,,,,,,,,,,,,,
int64,small_range,timsort,1,1000000,20260912,3,1,25586600,25498500,,,107354940,0,0,windows-qpc-cycletime,1,,,,,,,,,,,,,,,,,,,,,,,,,,,,,,,,,,,
int64,small_range,pdqsort,0,1000000,20260912,3,1,4855100,4844000,,,20380080,0,0,windows-qpc-cycletime,1,,,,,,,,,,,,,,,,,,,,,,,,,,,,,,,,,,,
int64,small_range,mergesort,1,1000000,20260912,3,1,18004200,18000300,,,75536160,0,323584,windows-qpc-cycletime,1,,,,,,,,,,,,,,,,,,,,,,,,,,,,,,,,,,,
int64,small_range,heapsort,0,1000000,20260912,3,1,39497200,39365400,,,165768960,0,0,windows-qpc-cycletime,1,,,,,,,,,,,,,,,,,,,,,,,,,,,,,,,,,,,
int64,small_range,brainsort,1,1000000,20260912,3,1,3827500,3717000,,,16065000,0,385024,windows-qpc-cycletime,1,,,,,,,,,,,,,,,,,,,,,,,,,,,,,,,,,,,
int64,small_range,radix11,1,1000000,20260912,3,1,6282700,6269900,,,26362980,0,376832,windows-qpc-cycletime,1,,,,,,,,,,,,,,,,,,,,,,,,,,,,,,,,,,,
int64,small_range,radix16,1,1000000,20260912,3,1,7010500,6846400,,,29423100,0,1380352,windows-qpc-cycletime,1,,,,,,,,,,,,,,,,,,,,,,,,,,,,,,,,,,,
int64,small_range,std::sort,0,1000000,20260912,3,1,12401900,12376200,,,52048500,0,0,windows-qpc-cycletime,1,,,,,,,,,,,,,,,,,,,,,,,,,,,,,,,,,,,
int64,small_range,std::stable_sort,1,1000000,20260912,3,1,18592800,18503600,,,78024660,0,0,windows-qpc-cycletime,1,,,,,,,,,,,,,,,,,,,,,,,,,,,,,,,,,,,
int64,small_range,orlp::pdqsort,0,1000000,20260912,3,1,4363700,4351600,,,18306120,0,0,windows-qpc-cycletime,1,,,,,,,,,,,,,,,,,,,,,,,,,,,,,,,,,,,
int64,small_range,orlp::pdqsort_branchless,0,1000000,20260912,3,1,2406700,2406300,,,10105200,0,0,windows-qpc-cycletime,1,,,,,,,,,,,,,,,,,,,,,,,,,,,,,,,,,,,
int64,small_range,gfx::timsort,1,1000000,20260912,3,1,28180500,28029900,,,118201860,0,0,windows-qpc-cycletime,1,,,,,,,,,,,,,,,,,,,,,,,,,,,,,,,,,,,
int64,sawtooth,introsort,0,1000000,20260912,3,1,19288900,19276400,,,80930640,0,0,windows-qpc-cycletime,1,,,,,,,,,,,,,,,,,,,,,,,,,,,,,,,,,,,
int64,sawtooth,timsort,1,1000000,20260912,3,1,10117100,9985500,,,42435120,0,0,windows-qpc-cycletime,1,,,,,,,,,,,,,,,,,,,,,,,,,,,,,,,,,,,
int64,sawtooth,pdqsort,0,1000000,20260912,3,1,11630000,11627300,,,48785100,0,0,windows-qpc-cycletime,1,,,,,,,,,,,,,,,,,,,,,,,,,,,,,,,,,,,
int64,sawtooth,mergesort,1,1000000,20260912,3,1,10730500,10703000,,,44993340,0,323584,windows-qpc-cycletime,1,,,,,,,,,,,,,,,,,,,,,,,,,,,,,,,,,,,
int64,sawtooth,heapsort,0,1000000,20260912,3,1,75397000,75358100,,,316255800,0,0,windows-qpc-cycletime,1,,,,,,,,,,,,,,,,,,,,,,,,,,,,,,,,,,,
int64,sawtooth,brainsort,1,1000000,20260912,3,1,5829000,5827900,,,24462060,0,397312,windows-qpc-cycletime,1,,,,,,,,,,,,,,,,,,,,,,,,,,,,,,,,,,,
int64,sawtooth,radix11,1,1000000,20260912,3,1,8220200,7968900,,,34459320,0,376832,windows-qpc-cycletime,1,,,,,,,,,,,,,,,,,,,,,,,,,,,,,,,,,,,
int64,sawtooth,radix16,1,1000000,20260912,3,1,8837300,8638100,,,37071720,0,1380352,windows-qpc-cycletime,1,,,,,,,,,,,,,,,,,,,,,,,,,,,,,,,,,,,
int64,sawtooth,std::sort,0,1000000,20260912,3,1,16584800,16559400,,,69576780,0,0,windows-qpc-cycletime,1,,,,,,,,,,,,,,,,,,,,,,,,,,,,,,,,,,,
int64,sawtooth,std::stable_sort,1,1000000,20260912,3,1,10263500,10224500,,,43046220,0,0,windows-qpc-cycletime,1,,,,,,,,,,,,,,,,,,,,,,,,,,,,,,,,,,,
int64,sawtooth,orlp::pdqsort,0,1000000,20260912,3,1,10282300,10260300,,,43118040,0,0,windows-qpc-cycletime,1,,,,,,,,,,,,,,,,,,,,,,,,,,,,,,,,,,,
int64,sawtooth,orlp::pdqsort_branchless,0,1000000,20260912,3,1,7889600,7860000,,,33114060,0,0,windows-qpc-cycletime,1,,,,,,,,,,,,,,,,,,,,,,,,,,,,,,,,,,,
int64,sawtooth,gfx::timsort,1,1000000,20260912,3,1,8721300,8719500,,,36597960,0,0,windows-qpc-cycletime,1,,,,,,,,,,,,,,,,,,,,,,,,,,,,,,,,,,,
int64,prefixed,introsort,0,1000000,20260912,3,1,44681900,44463300,,,187491780,0,0,windows-qpc-cycletime,1,,,,,,,,,,,,,,,,,,,,,,,,,,,,,,,,,,,
int64,prefixed,timsort,1,1000000,20260912,3,1,68366600,68176700,,,286855380,0,0,windows-qpc-cycletime,1,,,,,,,,,,,,,,,,,,,,,,,,,,,,,,,,,,,
int64,prefixed,pdqsort,0,1000000,20260912,3,1,46199400,45804000,,,193827900,0,0,windows-qpc-cycletime,1,,,,,,,,,,,,,,,,,,,,,,,,,,,,,,,,,,,
int64,prefixed,mergesort,1,1000000,20260912,3,1,54158200,53386200,,,227196480,0,323584,windows-qpc-cycletime,1,,,,,,,,,,,,,,,,,,,,,,,,,,,,,,,,,,,
int64,prefixed,heapsort,0,1000000,20260912,3,1,95232300,94666800,,,399600600,0,0,windows-qpc-cycletime,1,,,,,,,,,,,,,,,,,,,,,,,,,,,,,,,,,,,
int64,prefixed,brainsort,1,1000000,20260912,3,1,7211300,7090200,,,30256800,0,385024,windows-qpc-cycletime,1,,,,,,,,,,,,,,,,,,,,,,,,,,,,,,,,,,,
int64,prefixed,radix11,1,1000000,20260912,3,1,10828300,10678800,,,45433920,0,376832,windows-qpc-cycletime,1,,,,,,,,,,,,,,,,,,,,,,,,,,,,,,,,,,,
int64,prefixed,radix16,1,1000000,20260912,3,1,10908300,10581600,,,45750180,0,1380352,windows-qpc-cycletime,1,,,,,,,,,,,,,,,,,,,,,,,,,,,,,,,,,,,
int64,prefixed,std::sort,0,1000000,20260912,3,1,43103000,42940400,,,180751620,0,0,windows-qpc-cycletime,1,,,,,,,,,,,,,,,,,,,,,,,,,,,,,,,,,,,
int64,prefixed,std::stable_sort,1,1000000,20260912,3,1,55531800,55082300,,,233045400,0,0,windows-qpc-cycletime,1,,,,,,,,,,,,,,,,,,,,,,,,,,,,,,,,,,,
int64,prefixed,orlp::pdqsort,0,1000000,20260912,3,1,42622800,42114900,,,178841880,0,0,windows-qpc-cycletime,1,,,,,,,,,,,,,,,,,,,,,,,,,,,,,,,,,,,
int64,prefixed,orlp::pdqsort_branchless,0,1000000,20260912,3,1,18602200,18594800,,,78067500,0,0,windows-qpc-cycletime,1,,,,,,,,,,,,,,,,,,,,,,,,,,,,,,,,,,,
int64,prefixed,gfx::timsort,1,1000000,20260912,3,1,71172400,70496900,,,298610760,0,0,windows-qpc-cycletime,1,,,,,,,,,,,,,,,,,,,,,,,,,,,,,,,,,,,
string,random,introsort,0,1000000,20260912,3,1,192247500,192153200,,,806673000,0,0,windows-qpc-cycletime,1,,,,,,,,,,,,,,,,,,,,,,,,,,,,,,,,,,,
string,random,timsort,1,1000000,20260912,3,1,184504300,184175700,,,774009180,0,0,windows-qpc-cycletime,1,,,,,,,,,,,,,,,,,,,,,,,,,,,,,,,,,,,
string,random,pdqsort,0,1000000,20260912,3,1,170408600,170354000,,,714947940,0,0,windows-qpc-cycletime,1,,,,,,,,,,,,,,,,,,,,,,,,,,,,,,,,,,,
string,random,mergesort,1,1000000,20260912,3,1,161315600,160876000,,,676705260,0,315392,windows-qpc-cycletime,1,,,,,,,,,,,,,,,,,,,,,,,,,,,,,,,,,,,
string,random,heapsort,0,1000000,20260912,3,1,289126900,288755900,,,1212780660,0,0,windows-qpc-cycletime,1,,,,,,,,,,,,,,,,,,,,,,,,,,,,,,,,,,,
string,random,brainsort,1,1000000,20260912,3,1,33004100,32961500,,,138500880,0,0,windows-qpc-cycletime,1,,,,,,,,,,,,,,,,,,,,,,,,,,,,,,,,,,,
string,random,std::sort,0,1000000,20260912,3,1,176878200,176752200,,,742207200,0,0,windows-qpc-cycletime,1,,,,,,,,,,,,,,,,,,,,,,,,,,,,,,,,,,,
string,random,std::stable_sort,1,1000000,20260912,3,1,155885900,155551400,,,653872800,0,0,windows-qpc-cycletime,1,,,,,,,,,,,,,,,,,,,,,,,,,,,,,,,,,,,
string,random,orlp::pdqsort,0,1000000,20260912,3,1,165937200,165885800,,,696318840,0,0,windows-qpc-cycletime,1,,,,,,,,,,,,,,,,,,,,,,,,,,,,,,,,,,,
string,random,orlp::pdqsort_branchless,0,1000000,20260912,3,1,139720500,139715800,,,586275900,0,0,windows-qpc-cycletime,1,,,,,,,,,,,,,,,,,,,,,,,,,,,,,,,,,,,
string,random,gfx::timsort,1,1000000,20260912,3,1,169019300,168918700,,,708820980,0,0,windows-qpc-cycletime,1,,,,,,,,,,,,,,,,,,,,,,,,,,,,,,,,,,,
string,sorted,introsort,0,1000000,20260912,3,1,100791300,100737300,,,422933280,0,0,windows-qpc-cycletime,1,,,,,,,,,,,,,,,,,,,,,,,,,,,,,,,,,,,
string,sorted,timsort,1,1000000,20260912,3,1,6674500,6668100,,,28002240,0,0,windows-qpc-cycletime,1,,,,,,,,,,,,,,,,,,,,,,,,,,,,,,,,,,,
string,sorted,pdqsort,0,1000000,20260912,3,1,11466100,11442800,,,48113520,0,0,windows-qpc-cycletime,1,,,,,,,,,,,,,,,,,,,,,,,,,,,,,,,,,,,
string,sorted,mergesort,1,1000000,20260912,3,1,44890000,44678600,,,188035260,0,315392,windows-qpc-cycletime,1,,,,,,,,,,,,,,,,,,,,,,,,,,,,,,,,,,,
string,sorted,heapsort,0,1000000,20260912,3,1,129389700,128542200,,,542997840,0,0,windows-qpc-cycletime,1,,,,,,,,,,,,,,,,,,,,,,,,,,,,,,,,,,,
string,sorted,brainsort,1,1000000,20260912,3,1,8054100,8047900,,,33806640,0,0,windows-qpc-cycletime,1,,,,,,,,,,,,,,,,,,,,,,,,,,,,,,,,,,,
string,sorted,std::sort,0,1000000,20260912,3,1,93201800,92725600,,,391064520,0,0,windows-qpc-cycletime,1,,,,,,,,,,,,,,,,,,,,,,,,,,,,,,,,,,,
string,sorted,std::stable_sort,1,1000000,20260912,3,1,47820800,47759300,,,200431140,0,0,windows-qpc-cycletime,1,,,,,,,,,,,,,,,,,,,,,,,,,,,,,,,,,,,
string,sorted,orlp::pdqsort,0,1000000,20260912,3,1,10986900,10946000,,,46099200,0,0,windows-qpc-cycletime,1,,,,,,,,,,,,,,,,,,,,,,,,,,,,,,,,,,,
string,sorted,orlp::pdqsort_branchless,0,1000000,20260912,3,1,11264900,11256900,,,47292840,0,0,windows-qpc-cycletime,1,,,,,,,,,,,,,,,,,,,,,,,,,,,,,,,,,,,
string,sorted,gfx::timsort,1,1000000,20260912,3,1,7871300,7841000,,,32957820,0,0,windows-qpc-cycletime,1,,,,,,,,,,,,,,,,,,,,,,,,,,,,,,,,,,,
string,reverse,introsort,0,1000000,20260912,3,1,76047400,75999000,,,318922800,0,0,windows-qpc-cycletime,1,,,,,,,,,,,,,,,,,,,,,,,,,,,,,,,,,,,
string,reverse,timsort,1,1000000,20260912,3,1,32852100,32674500,,,137860380,0,0,windows-qpc-cycletime,1,,,,,,,,,,,,,,,,,,,,,,,,,,,,,,,,,,,
string,reverse,pdqsort,0,1000000,20260912,3,1,11584000,11558500,,,48467160,0,0,windows-qpc-cycletime,1,,,,,,,,,,,,,,,,,,,,,,,,,,,,,,,,,,,
string,reverse,mergesort,1,1000000,20260912,3,1,76639700,75501600,,,321244140,0,315392,windows-qpc-cycletime,1,,,,,,,,,,,,,,,,,,,,,,,,,,,,,,,,,,,
string,reverse,heapsort,0,1000000,20260912,3,1,157308500,157293300,,,660182880,0,0,windows-qpc-cycletime,1,,,,,,,,,,,,,,,,,,,,,,,,,,,,,,,,,,,
string,reverse,brainsort,1,1000000,20260912,3,1,16155300,16150200,,,67781700,0,0,windows-qpc-cycletime,1,,,,,,,,,,,,,,,,,,,,,,,,,,,,,,,,,,,
string,reverse,std::sort,0,1000000,20260912,3,1,70115700,70066600,,,294238560,0,0,windows-qpc-cycletime,1,,,,,,,,,,,,,,,,,,,,,,,,,,,,,,,,,,,
string,reverse,std::stable_sort,1,1000000,20260912,3,1,50484300,50357000,,,211737540,0,0,windows-qpc-cycletime,1,,,,,,,,,,,,,,,,,,,,,,,,,,,,,,,,,,,
string,reverse,orlp::pdqsort,0,1000000,20260912,3,1,11099400,11024400,,,46218060,0,0,windows-qpc-cycletime,1,,,,,,,,,,,,,,,,,,,,,,,,,,,,,,,,,,,
string,reverse,orlp::pdqsort_branchless,0,1000000,20260912,3,1,11962000,11952100,,,50178240,0,0,windows-qpc-cycletime,1,,,,,,,,,,,,,,,,,,,,,,,,,,,,,,,,,,,
string,reverse,gfx::timsort,1,1000000,20260912,3,1,43603600,43554900,,,182917980,0,0,windows-qpc-cycletime,1,,,,,,,,,,,,,,,,,,,,,,,,,,,,,,,,,,,
string,nearly_sorted,introsort,0,1000000,20260912,3,1,104129700,104038100,,,437013360,0,0,windows-qpc-cycletime,1,,,,,,,,,,,,,,,,,,,,,,,,,,,,,,,,,,,
string,nearly_sorted,timsort,1,1000000,20260912,3,1,27655700,27441300,,,115937640,0,0,windows-qpc-cycletime,1,,,,,,,,,,,,,,,,,,,,,,,,,,,,,,,,,,,
string,nearly_sorted,pdqsort,0,1000000,20260912,3,1,68431700,68251300,,,287007420,0,0,windows-qpc-cycletime,1,,,,,,,,,,,,,,,,,,,,,,,,,,,,,,,,,,,
string,nearly_sorted,mergesort,1,1000000,20260912,3,1,72622700,72511500,,,304696140,0,315392,windows-qpc-cycletime,1,,,,,,,,,,,,,,,,,,,,,,,,,,,,,,,,,,,
string,nearly_sorted,heapsort,0,1000000,20260912,3,1,147246700,147142600,,,617858640,0,0,windows-qpc-cycletime,1,,,,,,,,,,,,,,,,,,,,,,,,,,,,,,,,,,,
string,nearly_sorted,brainsort,1,1000000,20260912,3,1,27013900,27010600,,,113358420,0,0,windows-qpc-cycletime,1,,,,,,,,,,,,,,,,,,,,,,,,,,,,,,,,,,,
string,nearly_sorted,std::sort,0,1000000,20260912,3,1,99088500,98970800,,,415641660,0,0,windows-qpc-cycletime,1,,,,,,,,,,,,,,,,,,,,,,,,,,,,,,,,,,,
string,nearly_sorted,std::stable_sort,1,1000000,20260912,3,1,74833300,74636300,,,313975620,0,0,windows-qpc-cycletime,1,,,,,,,,,,,,,,,,,,,,,,,,,,,,,,,,,,,
string,nearly_sorted,orlp::pdqsort,0,1000000,20260912,3,1,67447100,67216300,,,282795660,0,0,windows-qpc-cycletime,1,,,,,,,,,,,,,,,,,,,,,,,,,,,,,,,,,,,
string,nearly_sorted,orlp::pdqsort_branchless,0,1000000,20260912,3,1,70307200,70278500,,,294989520,0,0,windows-qpc-cycletime,1,,,,,,,,,,,,,,,,,,,,,,,,,,,,,,,,,,,
string,nearly_sorted,gfx::timsort,1,1000000,20260912,3,1,31939100,31902700,,,133999320,0,0,windows-qpc-cycletime,1,,,,,,,,,,,,,,,,,,,,,,,,,,,,,,,,,,,
string,few_unique,introsort,0,1000000,20260912,3,1,118859800,118823800,,,498624000,0,0,windows-qpc-cycletime,1,,,,,,,,,,,,,,,,,,,,,,,,,,,,,,,,,,,
string,few_unique,timsort,1,1000000,20260912,3,1,105482900,105222600,,,442520820,0,0,windows-qpc-cycletime,1,,,,,,,,,,,,,,,,,,,,,,,,,,,,,,,,,,,
string,few_unique,pdqsort,0,1000000,20260912,3,1,57501100,57442000,,,241150560,0,0,windows-qpc-cycletime,1,,,,,,,,,,,,,,,,,,,,,,,,,,,,,,,,,,,
string,few_unique,mergesort,1,1000000,20260912,3,1,105144800,104534900,,,441161700,0,315392,windows-qpc-cycletime,1,,,,,,,,,,,,,,,,,,,,,,,,,,,,,,,,,,,
string,few_unique,heapsort,0,1000000,20260912,3,1,187768900,185197800,,,787832220,0,0,windows-qpc-cycletime,1,,,,,,,,,,,,,,,,,,,,,,,,,,,,,,,,,,,
string,few_unique,brainsort,1,1000000,20260912,3,1,17497100,17437600,,,73262700,0,0,windows-qpc-cycletime,1,,,,,,,,,,,,,,,,,,,,,,,,,,,,,,,,,,,
string,few_unique,std::sort,0,1000000,20260912,3,1,109086700,108947900,,,457689120,0,0,windows-qpc-cycletime,1,,,,,,,,,,,,,,,,,,,,,,,,,,,,,,,,,,,
string,few_unique,std::stable_sort,1,1000000,20260912,3,1,100249200,99840300,,,420425040,0,0,windows-qpc-cycletime,1,,,,,,,,,,,,,,,,,,,,,,,,,,,,,,,,,,,
string,few_unique,orlp::pdqsort,0,1000000,20260912,3,1,56634100,56591100,,,237563340,0,0,windows-qpc-cycletime,1,,,,,,,,,,,,,,,,,,,,,,,,,,,,,,,,,,,
string,few_unique,orlp::pdqsort_branchless,0,1000000,20260912,3,1,50654400,50281900,,,211397760,0,0,windows-qpc-cycletime,1,,,,,,,,,,,,,,,,,,,,,,,,,,,,,,,,,,,
string,few_unique,gfx::timsort,1,1000000,20260912,3,1,105577200,105546600,,,443018940,0,0,windows-qpc-cycletime,1,,,,,,,,,,,,,,,,,,,,,,,,,,,,,,,,,,,
string,all_equal,introsort,0,1000000,20260912,3,1,69659600,67422100,,,292314120,0,0,windows-qpc-cycletime,1,,,,,,,,,,,,,,,,,,,,,,,,,,,,,,,,,,,
string,all_equal,timsort,1,1000000,20260912,3,1,3332100,3300600,,,13959960,0,0,windows-qpc-cycletime,1,,,,,,,,,,,,,,,,,,,,,,,,,,,,,,,,,,,
string,all_equal,pdqsort,0,1000000,20260912,3,1,8165700,7916100,,,34256040,0,0,windows-qpc-cycletime,1,,,,,,,,,,,,,,,,,,,,,,,,,,,,,,,,,,,
string,all_equal,mergesort,1,1000000,20260912,3,1,38910400,38814200,,,163156140,0,315392,windows-qpc-cycletime,1,,,,,,,,,,,,,,,,,,,,,,,,,,,,,,,,,,,
string,all_equal,heapsort,0,1000000,20260912,3,1,119815400,118657400,,,502687080,0,0,windows-qpc-cycletime,1,,,,,,,,,,,,,,,,,,,,,,,,,,,,,,,,,,,
string,all_equal,brainsort,1,1000000,20260912,3,1,4487600,4475100,,,18836160,0,0,windows-qpc-cycletime,1,,,,,,,,,,,,,,,,,,,,,,,,,,,,,,,,,,,
string,all_equal,std::sort,0,1000000,20260912,3,1,61513600,61449100,,,257924520,0,0,windows-qpc-cycletime,1,,,,,,,,,,,,,,,,,,,,,,,,,,,,,,,,,,,
string,all_equal,std::stable_sort,1,1000000,20260912,3,1,42287800,41916300,,,177459240,0,0,windows-qpc-cycletime,1,,,,,,,,,,,,,,,,,,,,,,,,,,,,,,,,,,,
string,all_equal,orlp::pdqsort,0,1000000,20260912,3,1,7153200,7112000,,,30020340,0,0,windows-qpc-cycletime,1,,,,,,,,,,,,,,,,,,,,,,,,,,,,,,,,,,,
string,all_equal,orlp::pdqsort_branchless,0,1000000,20260912,3,1,8192500,8175500,,,34345080,0,0,windows-qpc-cycletime,1,,,,,,,,,,,,,,,,,,,,,,,,,,,,,,,,,,,
string,all_equal,gfx::timsort,1,1000000,20260912,3,1,4214000,4154700,,,17671500,0,0,windows-qpc-cycletime,1,,,,,,,,,,,,,,,,,,,,,,,,,,,,,,,,,,,
string,runs,introsort,0,1000000,20260912,3,1,147267300,147123600,,,617978760,0,0,windows-qpc-cycletime,1,,,,,,,,,,,,,,,,,,,,,,,,,,,,,,,,,,,
string,runs,timsort,1,1000000,20260912,3,1,59350200,59122800,,,248901660,0,0,windows-qpc-cycletime,1,,,,,,,,,,,,,,,,,,,,,,,,,,,,,,,,,,,
string,runs,pdqsort,0,1000000,20260912,3,1,147462300,147275200,,,618721740,0,0,windows-qpc-cycletime,1,,,,,,,,,,,,,,,,,,,,,,,,,,,,,,,,,,,
string,runs,mergesort,1,1000000,20260912,3,1,80753000,80697000,,,338840880,0,315392,windows-qpc-cycletime,1,,,,,,,,,,,,,,,,,,,,,,,,,,,,,,,,,,,
string,runs,heapsort,0,1000000,20260912,3,1,285125300,283982500,,,1196279280,0,0,windows-qpc-cycletime,1,,,,,,,,,,,,,,,,,,,,,,,,,,,,,,,,,,,
string,runs,brainsort,1,1000000,20260912,3,1,25112800,24946500,,,105305340,0,442368,windows-qpc-cycletime,1,,,,,,,,,,,,,,,,,,,,,,,,,,,,,,,,,,,
string,runs,std::sort,0,1000000,20260912,3,1,138539500,138416100,,,581172060,0,0,windows-qpc-cycletime,1,,,,,,,,,,,,,,,,,,,,,,,,,,,,,,,,,,,
string,runs,std::stable_sort,1,1000000,20260912,3,1,84107600,83981300,,,352933140,0,0,windows-qpc-cycletime,1,,,,,,,,,,,,,,,,,,,,,,,,,,,,,,,,,,,
string,runs,orlp::pdqsort,0,1000000,20260912,3,1,143889600,143856500,,,603812160,0,0,windows-qpc-cycletime,1,,,,,,,,,,,,,,,,,,,,,,,,,,,,,,,,,,,
string,runs,orlp::pdqsort_branchless,0,1000000,20260912,3,1,146784100,146473800,,,614677980,0,0,windows-qpc-cycletime,1,,,,,,,,,,,,,,,,,,,,,,,,,,,,,,,,,,,
string,runs,gfx::timsort,1,1000000,20260912,3,1,54369100,54268600,,,228132240,0,0,windows-qpc-cycletime,1,,,,,,,,,,,,,,,,,,,,,,,,,,,,,,,,,,,
string,organ_pipe,introsort,0,1000000,20260912,3,1,252177500,243657100,,,1058032500,0,0,windows-qpc-cycletime,1,,,,,,,,,,,,,,,,,,,,,,,,,,,,,,,,,,,
string,organ_pipe,timsort,1,1000000,20260912,3,1,9344200,9334000,,,39196500,0,0,windows-qpc-cycletime,1,,,,,,,,,,,,,,,,,,,,,,,,,,,,,,,,,,,
string,organ_pipe,pdqsort,0,1000000,20260912,3,1,151497800,151470100,,,635734680,0,0,windows-qpc-cycletime,1,,,,,,,,,,,,,,,,,,,,,,,,,,,,,,,,,,,
string,organ_pipe,mergesort,1,1000000,20260912,3,1,55280000,55112800,,,231973140,0,315392,windows-qpc-cycletime,1,,,,,,,,,,,,,,,,,,,,,,,,,,,,,,,,,,,
string,organ_pipe,heapsort,0,1000000,20260912,3,1,152775200,152461500,,,641102280,0,0,windows-qpc-cycletime,1,,,,,,,,,,,,,,,,,,,,,,,,,,,,,,,,,,,
string,organ_pipe,brainsort,1,1000000,20260912,3,1,10166600,10134800,,,42674940,0,0,windows-qpc-cycletime,1,,,,,,,,,,,,,,,,,,,,,,,,,,,,,,,,,,,
string,organ_pipe,std::sort,0,1000000,20260912,3,1,223479700,223286300,,,937740720,0,0,windows-qpc-cycletime,1,,,,,,,,,,,,,,,,,,,,,,,,,,,,,,,,,,,
string,organ_pipe,std::stable_sort,1,1000000,20260912,3,1,40837600,40767100,,,171394860,0,0,windows-qpc-cycletime,1,,,,,,,,,,,,,,,,,,,,,,,,,,,,,,,,,,,
string,organ_pipe,orlp::pdqsort,0,1000000,20260912,3,1,147154900,147112800,,,617383200,0,0,windows-qpc-cycletime,1,,,,,,,,,,,,,,,,,,,,,,,,,,,,,,,,,,,
string,organ_pipe,orlp::pdqsort_branchless,0,1000000,20260912,3,1,151368300,151198900,,,635276460,0,0,windows-qpc-cycletime,1,,,,,,,,,,,,,,,,,,,,,,,,,,,,,,,,,,,
string,organ_pipe,gfx::timsort,1,1000000,20260912,3,1,9335400,9276100,,,39143160,0,0,windows-qpc-cycletime,1,,,,,,,,,,,,,,,,,,,,,,,,,,,,,,,,,,,
string,small_range,introsort,0,1000000,20260912,3,1,125573500,123989000,,,526774080,0,0,windows-qpc-cycletime,1,,,,,,,,,,,,,,,,,,,,,,,,,,,,,,,,,,,
string,small_range,timsort,1,1000000,20260912,3,1,59854600,59745800,,,251175540,0,0,windows-qpc-cycletime,1,,,,,,,,,,,,,,,,,,,,,,,,,,,,,,,,,,,
string,small_range,pdqsort,0,1000000,20260912,3,1,25357600,25128600,,,106412040,0,0,windows-qpc-cycletime,1,,,,,,,,,,,,,,,,,,,,,,,,,,,,,,,,,,,
string,small_range,mergesort,1,1000000,20260912,3,1,103237200,103102100,,,433227480,0,315392,windows-qpc-cycletime,1,,,,,,,,,,,,,,,,,,,,,,,,,,,,,,,,,,,
string,small_range,heapsort,0,1000000,20260912,3,1,181068600,180295600,,,759843000,0,0,windows-qpc-cycletime,1,,,,,,,,,,,,,,,,,,,,,,,,,,,,,,,,,,,
string,small_range,brainsort,1,1000000,20260912,3,1,9228600,9137700,,,38739120,0,380928,windows-qpc-cycletime,1,,,,,,,,,,,,,,,,,,,,,,,,,,,,,,,,,,,
string,small_range,std::sort,0,1000000,20260912,3,1,114987600,114984900,,,482572440,0,0,windows-qpc-cycletime,1,,,,,,,,,,,,,,,,,,,,,,,,,,,,,,,,,,,
string,small_range,std::stable_sort,1,1000000,20260912,3,1,109458400,109398400,,,459322920,0,0,windows-qpc-cycletime,1,,,,,,,,,,,,,,,,,,,,,,,,,,,,,,,,,,,
string,small_range,orlp::pdqsort,0,1000000,20260912,3,1,24499000,24448600,,,102818520,0,0,windows-qpc-cycletime,1,,,,,,,,,,,,,,,,,,,,,,,,,,,,,,,,,,,
string,small_range,orlp::pdqsort_branchless,0,1000000,20260912,3,1,21913800,21906700,,,91943040,0,0,windows-qpc-cycletime,1,,,,,,,,,,,,,,,,,,,,,,,,,,,,,,,,,,,
string,small_range,gfx::timsort,1,1000000,20260912,3,1,58944300,58943800,,,247368660,0,0,windows-qpc-cycletime,1,,,,,,,,,,,,,,,,,,,,,,,,,,,,,,,,,,,
string,sawtooth,introsort,0,1000000,20260912,3,1,119127200,119041500,,,499880640,0,0,windows-qpc-cycletime,1,,,,,,,,,,,,,,,,,,,,,,,,,,,,,,,,,,,
string,sawtooth,timsort,1,1000000,20260912,3,1,33738000,33645600,,,141505560,0,0,windows-qpc-cycletime,1,,,,,,,,,,,,,,,,,,,,,,,,,,,,,,,,,,,
string,sawtooth,pdqsort,0,1000000,20260912,3,1,76429500,76335900,,,320640600,0,0,windows-qpc-cycletime,1,,,,,,,,,,,,,,,,,,,,,,,,,,,,,,,,,,,
string,sawtooth,mergesort,1,1000000,20260912,3,1,63106500,63018800,,,264675180,0,315392,windows-qpc-cycletime,1,,,,,,,,,,,,,,,,,,,,,,,,,,,,,,,,,,,
string,sawtooth,heapsort,0,1000000,20260912,3,1,226626100,225600000,,,950959380,0,0,windows-qpc-cycletime,1,,,,,,,,,,,,,,,,,,,,,,,,,,,,,,,,,,,
string,sawtooth,brainsort,1,1000000,20260912,3,1,16551700,16529000,,,69444480,0,696320,windows-qpc-cycletime,1,,,,,,,,,,,,,,,,,,,,,,,,,,,,,,,,,,,
string,sawtooth,std::sort,0,1000000,20260912,3,1,109746300,109677500,,,460406100,0,0,windows-qpc-cycletime,1,,,,,,,,,,,,,,,,,,,,,,,,,,,,,,,,,,,
string,sawtooth,std::stable_sort,1,1000000,20260912,3,1,65806300,65469900,,,276105480,0,0,windows-qpc-cycletime,1,,,,,,,,,,,,,,,,,,,,,,,,,,,,,,,,,,,
string,sawtooth,orlp::pdqsort,0,1000000,20260912,3,1,76044200,75981100,,,319005540,0,0,windows-qpc-cycletime,1,,,,,,,,,,,,,,,,,,,,,,,,,,,,,,,,,,,
string,sawtooth,orlp::pdqsort_branchless,0,1000000,20260912,3,1,82831000,82726500,,,347470200,0,0,windows-qpc-cycletime,1,,,,,,,,,,,,,,,,,,,,,,,,,,,,,,,,,,,
string,sawtooth,gfx::timsort,1,1000000,20260912,3,1,33067800,32870000,,,138744480,0,0,windows-qpc-cycletime,1,,,,,,,,,,,,,,,,,,,,,,,,,,,,,,,,,,,
string,prefixed,introsort,0,1000000,20260912,3,1,213428800,213033900,,,895618080,0,0,windows-qpc-cycletime,1,,,,,,,,,,,,,,,,,,,,,,,,,,,,,,,,,,,
string,prefixed,timsort,1,1000000,20260912,3,1,204913300,204659100,,,859773180,0,0,windows-qpc-cycletime,1,,,,,,,,,,,,,,,,,,,,,,,,,,,,,,,,,,,
string,prefixed,pdqsort,0,1000000,20260912,3,1,215027200,214825000,,,902037780,0,0,windows-qpc-cycletime,1,,,,,,,,,,,,,,,,,,,,,,,,,,,,,,,,,,,
string,prefixed,mergesort,1,1000000,20260912,3,1,182941100,181147500,,,767312280,0,0,windows-qpc-cycletime,1,,,,,,,,,,,,,,,,,,,,,,,,,,,,,,,,,,,
string,prefixed,heapsort,0,1000000,20260912,3,1,334719400,334242800,,,1404463200,0,0,windows-qpc-cycletime,1,,,,,,,,,,,,,,,,,,,,,,,,,,,,,,,,,,,
string,prefixed,brainsort,1,1000000,20260912,3,1,38336000,38106300,,,160686960,0,0,windows-qpc-cycletime,1,,,,,,,,,,,,,,,,,,,,,,,,,,,,,,,,,,,
string,prefixed,std::sort,0,1000000,20260912,3,1,202675600,202569900,,,850393320,0,0,windows-qpc-cycletime,1,,,,,,,,,,,,,,,,,,,,,,,,,,,,,,,,,,,
string,prefixed,std::stable_sort,1,1000000,20260912,3,1,181724200,180315100,,,762412140,0,0,windows-qpc-cycletime,1,,,,,,,,,,,,,,,,,,,,,,,,,,,,,,,,,,,
string,prefixed,orlp::pdqsort,0,1000000,20260912,3,1,210437300,210303400,,,882849660,0,0,windows-qpc-cycletime,1,,,,,,,,,,,,,,,,,,,,,,,,,,,,,,,,,,,
string,prefixed,orlp::pdqsort_branchless,0,1000000,20260912,3,1,181807700,180699900,,,762831300,0,0,windows-qpc-cycletime,1,,,,,,,,,,,,,,,,,,,,,,,,,,,,,,,,,,,
string,prefixed,gfx::timsort,1,1000000,20260912,3,1,192518600,191211500,,,807715860,0,0,windows-qpc-cycletime,1,,,,,,,,,,,,,,,,,,,,,,,,,,,,,,,,,,,
